trace,policy,start_ms,end_ms,kind,completed,ordinal,durable_before
T0,RC,0.0,120.0,home,True,,0
T0,RC,120.0,150.0,anchor,True,0,0
T0,RC,150.0,160.0,acquire,True,0,0
T0,RC,160.0,170.0,acquire,True,1,0
T0,RC,170.0,180.0,acquire,True,2,0
T0,RC,180.0,190.0,acquire,True,3,0
T0,RC,190.0,200.0,acquire,True,4,0
T0,RC,200.0,210.0,acquire,True,5,0
T0,RC,210.0,220.0,acquire,True,6,0
T0,RC,220.0,230.0,acquire,True,7,0
T0,RC,230.0,240.0,acquire,True,8,0
T0,RC,240.0,250.0,acquire,True,9,0
T0,RC,250.0,260.0,acquire,True,10,0
T0,RC,260.0,270.0,acquire,True,11,0
T0,RC,270.0,280.0,acquire,True,12,0
T0,RC,280.0,290.0,acquire,True,13,0
T0,RC,290.0,300.0,acquire,True,14,0
T0,RC,300.0,310.0,acquire,True,15,0
T0,RC,310.0,314.0,row_commit,True,0,0
T0,RC,314.0,344.0,anchor,True,16,16
T0,RC,344.0,354.0,acquire,True,16,16
T0,RC,354.0,364.0,acquire,True,17,16
T0,RC,364.0,374.0,acquire,True,18,16
T0,RC,374.0,384.0,acquire,True,19,16
T0,RC,384.0,394.0,acquire,True,20,16
T0,RC,394.0,404.0,acquire,True,21,16
T0,RC,404.0,414.0,acquire,True,22,16
T0,RC,414.0,424.0,acquire,True,23,16
T0,RC,424.0,434.0,acquire,True,24,16
T0,RC,434.0,444.0,acquire,True,25,16
T0,RC,444.0,454.0,acquire,True,26,16
T0,RC,454.0,464.0,acquire,True,27,16
T0,RC,464.0,474.0,acquire,True,28,16
T0,RC,474.0,484.0,acquire,True,29,16
T0,RC,484.0,494.0,acquire,True,30,16
T0,RC,494.0,504.0,acquire,True,31,16
T0,RC,504.0,508.0,row_commit,True,16,16
T0,RC,508.0,538.0,anchor,True,32,32
T0,RC,538.0,548.0,acquire,True,32,32
T0,RC,548.0,558.0,acquire,True,33,32
T0,RC,558.0,568.0,acquire,True,34,32
T0,RC,568.0,578.0,acquire,True,35,32
T0,RC,578.0,588.0,acquire,True,36,32
T0,RC,588.0,598.0,acquire,True,37,32
T0,RC,598.0,608.0,acquire,True,38,32
T0,RC,608.0,618.0,acquire,True,39,32
T0,RC,618.0,628.0,acquire,True,40,32
T0,RC,628.0,638.0,acquire,True,41,32
T0,RC,638.0,648.0,acquire,True,42,32
T0,RC,648.0,658.0,acquire,True,43,32
T0,RC,658.0,668.0,acquire,True,44,32
T0,RC,668.0,678.0,acquire,True,45,32
T0,RC,678.0,688.0,acquire,True,46,32
T0,RC,688.0,698.0,acquire,True,47,32
T0,RC,698.0,702.0,row_commit,True,32,32
T0,RC,702.0,732.0,anchor,True,48,48
T0,RC,732.0,742.0,acquire,True,48,48
T0,RC,742.0,752.0,acquire,True,49,48
T0,RC,752.0,762.0,acquire,True,50,48
T0,RC,762.0,772.0,acquire,True,51,48
T0,RC,772.0,782.0,acquire,True,52,48
T0,RC,782.0,792.0,acquire,True,53,48
T0,RC,792.0,802.0,acquire,True,54,48
T0,RC,802.0,812.0,acquire,True,55,48
T0,RC,812.0,822.0,acquire,True,56,48
T0,RC,822.0,832.0,acquire,True,57,48
T0,RC,832.0,842.0,acquire,True,58,48
T0,RC,842.0,852.0,acquire,True,59,48
T0,RC,852.0,862.0,acquire,True,60,48
T0,RC,862.0,872.0,acquire,True,61,48
T0,RC,872.0,882.0,acquire,True,62,48
T0,RC,882.0,892.0,acquire,True,63,48
T0,RC,892.0,896.0,row_commit,True,48,48
T0,RC,896.0,926.0,anchor,True,64,64
T0,RC,926.0,936.0,acquire,True,64,64
T0,RC,936.0,946.0,acquire,True,65,64
T0,RC,946.0,956.0,acquire,True,66,64
T0,RC,956.0,966.0,acquire,True,67,64
T0,RC,966.0,976.0,acquire,True,68,64
T0,RC,976.0,986.0,acquire,True,69,64
T0,RC,986.0,996.0,acquire,True,70,64
T0,RC,996.0,1006.0,acquire,True,71,64
T0,RC,1006.0,1016.0,acquire,True,72,64
T0,RC,1016.0,1026.0,acquire,True,73,64
T0,RC,1026.0,1036.0,acquire,True,74,64
T0,RC,1036.0,1046.0,acquire,True,75,64
T0,RC,1046.0,1056.0,acquire,True,76,64
T0,RC,1056.0,1066.0,acquire,True,77,64
T0,RC,1066.0,1076.0,acquire,True,78,64
T0,RC,1076.0,1086.0,acquire,True,79,64
T0,RC,1086.0,1090.0,row_commit,True,64,64
T0,RC,1090.0,1120.0,anchor,True,80,80
T0,RC,1120.0,1130.0,acquire,True,80,80
T0,RC,1130.0,1140.0,acquire,True,81,80
T0,RC,1140.0,1150.0,acquire,True,82,80
T0,RC,1150.0,1160.0,acquire,True,83,80
T0,RC,1160.0,1170.0,acquire,True,84,80
T0,RC,1170.0,1180.0,acquire,True,85,80
T0,RC,1180.0,1190.0,acquire,True,86,80
T0,RC,1190.0,1200.0,acquire,True,87,80
T0,RC,1200.0,1210.0,acquire,True,88,80
T0,RC,1210.0,1220.0,acquire,True,89,80
T0,RC,1220.0,1230.0,acquire,True,90,80
T0,RC,1230.0,1240.0,acquire,True,91,80
T0,RC,1240.0,1250.0,acquire,True,92,80
T0,RC,1250.0,1260.0,acquire,True,93,80
T0,RC,1260.0,1270.0,acquire,True,94,80
T0,RC,1270.0,1280.0,acquire,True,95,80
T0,RC,1280.0,1284.0,row_commit,True,80,80
T0,RC,1284.0,1314.0,anchor,True,96,96
T0,RC,1314.0,1324.0,acquire,True,96,96
T0,RC,1324.0,1334.0,acquire,True,97,96
T0,RC,1334.0,1344.0,acquire,True,98,96
T0,RC,1344.0,1354.0,acquire,True,99,96
T0,RC,1354.0,1364.0,acquire,True,100,96
T0,RC,1364.0,1374.0,acquire,True,101,96
T0,RC,1374.0,1384.0,acquire,True,102,96
T0,RC,1384.0,1394.0,acquire,True,103,96
T0,RC,1394.0,1404.0,acquire,True,104,96
T0,RC,1404.0,1414.0,acquire,True,105,96
T0,RC,1414.0,1424.0,acquire,True,106,96
T0,RC,1424.0,1434.0,acquire,True,107,96
T0,RC,1434.0,1444.0,acquire,True,108,96
T0,RC,1444.0,1454.0,acquire,True,109,96
T0,RC,1454.0,1464.0,acquire,True,110,96
T0,RC,1464.0,1474.0,acquire,True,111,96
T0,RC,1474.0,1478.0,row_commit,True,96,96
T0,RC,1478.0,1508.0,anchor,True,112,112
T0,RC,1508.0,1518.0,acquire,True,112,112
T0,RC,1518.0,1528.0,acquire,True,113,112
T0,RC,1528.0,1538.0,acquire,True,114,112
T0,RC,1538.0,1548.0,acquire,True,115,112
T0,RC,1548.0,1558.0,acquire,True,116,112
T0,RC,1558.0,1568.0,acquire,True,117,112
T0,RC,1568.0,1578.0,acquire,True,118,112
T0,RC,1578.0,1588.0,acquire,True,119,112
T0,RC,1588.0,1598.0,acquire,True,120,112
T0,RC,1598.0,1608.0,acquire,True,121,112
T0,RC,1608.0,1618.0,acquire,True,122,112
T0,RC,1618.0,1628.0,acquire,True,123,112
T0,RC,1628.0,1638.0,acquire,True,124,112
T0,RC,1638.0,1648.0,acquire,True,125,112
T0,RC,1648.0,1658.0,acquire,True,126,112
T0,RC,1658.0,1668.0,acquire,True,127,112
T0,RC,1668.0,1672.0,row_commit,True,112,112
T0,RC,1672.0,1702.0,anchor,True,128,128
T0,RC,1702.0,1712.0,acquire,True,128,128
T0,RC,1712.0,1722.0,acquire,True,129,128
T0,RC,1722.0,1732.0,acquire,True,130,128
T0,RC,1732.0,1742.0,acquire,True,131,128
T0,RC,1742.0,1752.0,acquire,True,132,128
T0,RC,1752.0,1762.0,acquire,True,133,128
T0,RC,1762.0,1772.0,acquire,True,134,128
T0,RC,1772.0,1782.0,acquire,True,135,128
T0,RC,1782.0,1792.0,acquire,True,136,128
T0,RC,1792.0,1802.0,acquire,True,137,128
T0,RC,1802.0,1812.0,acquire,True,138,128
T0,RC,1812.0,1822.0,acquire,True,139,128
T0,RC,1822.0,1832.0,acquire,True,140,128
T0,RC,1832.0,1842.0,acquire,True,141,128
T0,RC,1842.0,1852.0,acquire,True,142,128
T0,RC,1852.0,1862.0,acquire,True,143,128
T0,RC,1862.0,1866.0,row_commit,True,128,128
T0,RC,1866.0,1896.0,anchor,True,144,144
T0,RC,1896.0,1906.0,acquire,True,144,144
T0,RC,1906.0,1916.0,acquire,True,145,144
T0,RC,1916.0,1926.0,acquire,True,146,144
T0,RC,1926.0,1936.0,acquire,True,147,144
T0,RC,1936.0,1946.0,acquire,True,148,144
T0,RC,1946.0,1956.0,acquire,True,149,144
T0,RC,1956.0,1966.0,acquire,True,150,144
T0,RC,1966.0,1976.0,acquire,True,151,144
T0,RC,1976.0,1986.0,acquire,True,152,144
T0,RC,1986.0,1996.0,acquire,True,153,144
T0,RC,1996.0,2006.0,acquire,True,154,144
T0,RC,2006.0,2016.0,acquire,True,155,144
T0,RC,2016.0,2026.0,acquire,True,156,144
T0,RC,2026.0,2036.0,acquire,True,157,144
T0,RC,2036.0,2046.0,acquire,True,158,144
T0,RC,2046.0,2056.0,acquire,True,159,144
T0,RC,2056.0,2060.0,row_commit,True,144,144
T0,RC,2060.0,2090.0,anchor,True,160,160
T0,RC,2090.0,2100.0,acquire,True,160,160
T0,RC,2100.0,2110.0,acquire,True,161,160
T0,RC,2110.0,2120.0,acquire,True,162,160
T0,RC,2120.0,2130.0,acquire,True,163,160
T0,RC,2130.0,2140.0,acquire,True,164,160
T0,RC,2140.0,2150.0,acquire,True,165,160
T0,RC,2150.0,2160.0,acquire,True,166,160
T0,RC,2160.0,2170.0,acquire,True,167,160
T0,RC,2170.0,2180.0,acquire,True,168,160
T0,RC,2180.0,2190.0,acquire,True,169,160
T0,RC,2190.0,2200.0,acquire,True,170,160
T0,RC,2200.0,2210.0,acquire,True,171,160
T0,RC,2210.0,2220.0,acquire,True,172,160
T0,RC,2220.0,2230.0,acquire,True,173,160
T0,RC,2230.0,2240.0,acquire,True,174,160
T0,RC,2240.0,2250.0,acquire,True,175,160
T0,RC,2250.0,2254.0,row_commit,True,160,160
T0,RC,2254.0,2284.0,anchor,True,176,176
T0,RC,2284.0,2294.0,acquire,True,176,176
T0,RC,2294.0,2304.0,acquire,True,177,176
T0,RC,2304.0,2314.0,acquire,True,178,176
T0,RC,2314.0,2324.0,acquire,True,179,176
T0,RC,2324.0,2334.0,acquire,True,180,176
T0,RC,2334.0,2344.0,acquire,True,181,176
T0,RC,2344.0,2354.0,acquire,True,182,176
T0,RC,2354.0,2364.0,acquire,True,183,176
T0,RC,2364.0,2374.0,acquire,True,184,176
T0,RC,2374.0,2384.0,acquire,True,185,176
T0,RC,2384.0,2394.0,acquire,True,186,176
T0,RC,2394.0,2404.0,acquire,True,187,176
T0,RC,2404.0,2414.0,acquire,True,188,176
T0,RC,2414.0,2424.0,acquire,True,189,176
T0,RC,2424.0,2434.0,acquire,True,190,176
T0,RC,2434.0,2444.0,acquire,True,191,176
T0,RC,2444.0,2448.0,row_commit,True,176,176
T0,AR,0.0,120.0,home,True,,0
T0,AR,120.0,150.0,anchor,True,0,0
T0,AR,150.0,160.0,acquire,True,0,0
T0,AR,160.0,160.8,record_commit,True,0,0
T0,AR,160.8,170.8,acquire,True,1,1
T0,AR,170.8,171.6,record_commit,True,1,1
T0,AR,171.6,181.6,acquire,True,2,2
T0,AR,181.6,182.4,record_commit,True,2,2
T0,AR,182.4,192.4,acquire,True,3,3
T0,AR,192.4,193.2,record_commit,True,3,3
T0,AR,193.2,203.2,acquire,True,4,4
T0,AR,203.2,204.0,record_commit,True,4,4
T0,AR,204.0,214.0,acquire,True,5,5
T0,AR,214.0,214.8,record_commit,True,5,5
T0,AR,214.8,224.8,acquire,True,6,6
T0,AR,224.8,225.6,record_commit,True,6,6
T0,AR,225.6,235.6,acquire,True,7,7
T0,AR,235.6,236.4,record_commit,True,7,7
T0,AR,236.4,246.4,acquire,True,8,8
T0,AR,246.4,247.2,record_commit,True,8,8
T0,AR,247.2,257.2,acquire,True,9,9
T0,AR,257.2,258.0,record_commit,True,9,9
T0,AR,258.0,268.0,acquire,True,10,10
T0,AR,268.0,268.8,record_commit,True,10,10
T0,AR,268.8,278.8,acquire,True,11,11
T0,AR,278.8,279.6,record_commit,True,11,11
T0,AR,279.6,289.6,acquire,True,12,12
T0,AR,289.6,290.4,record_commit,True,12,12
T0,AR,290.4,300.4,acquire,True,13,13
T0,AR,300.4,301.2,record_commit,True,13,13
T0,AR,301.2,311.2,acquire,True,14,14
T0,AR,311.2,312.0,record_commit,True,14,14
T0,AR,312.0,322.0,acquire,True,15,15
T0,AR,322.0,322.8,record_commit,True,15,15
T0,AR,322.8,352.8,anchor,True,16,16
T0,AR,352.8,362.8,acquire,True,16,16
T0,AR,362.8,363.6,record_commit,True,16,16
T0,AR,363.6,373.6,acquire,True,17,17
T0,AR,373.6,374.4,record_commit,True,17,17
T0,AR,374.4,384.4,acquire,True,18,18
T0,AR,384.4,385.2,record_commit,True,18,18
T0,AR,385.2,395.2,acquire,True,19,19
T0,AR,395.2,396.0,record_commit,True,19,19
T0,AR,396.0,406.0,acquire,True,20,20
T0,AR,406.0,406.8,record_commit,True,20,20
T0,AR,406.8,416.8,acquire,True,21,21
T0,AR,416.8,417.6,record_commit,True,21,21
T0,AR,417.6,427.6,acquire,True,22,22
T0,AR,427.6,428.4,record_commit,True,22,22
T0,AR,428.4,438.4,acquire,True,23,23
T0,AR,438.4,439.2,record_commit,True,23,23
T0,AR,439.2,449.2,acquire,True,24,24
T0,AR,449.2,450.0,record_commit,True,24,24
T0,AR,450.0,460.0,acquire,True,25,25
T0,AR,460.0,460.8,record_commit,True,25,25
T0,AR,460.8,470.8,acquire,True,26,26
T0,AR,470.8,471.6,record_commit,True,26,26
T0,AR,471.6,481.6,acquire,True,27,27
T0,AR,481.6,482.4,record_commit,True,27,27
T0,AR,482.4,492.4,acquire,True,28,28
T0,AR,492.4,493.2,record_commit,True,28,28
T0,AR,493.2,503.2,acquire,True,29,29
T0,AR,503.2,504.0,record_commit,True,29,29
T0,AR,504.0,514.0,acquire,True,30,30
T0,AR,514.0,514.8,record_commit,True,30,30
T0,AR,514.8,524.8,acquire,True,31,31
T0,AR,524.8,525.6,record_commit,True,31,31
T0,AR,525.6,555.6,anchor,True,32,32
T0,AR,555.6,565.6,acquire,True,32,32
T0,AR,565.6,566.4,record_commit,True,32,32
T0,AR,566.4,576.4,acquire,True,33,33
T0,AR,576.4,577.2,record_commit,True,33,33
T0,AR,577.2,587.2,acquire,True,34,34
T0,AR,587.2,588.0,record_commit,True,34,34
T0,AR,588.0,598.0,acquire,True,35,35
T0,AR,598.0,598.8,record_commit,True,35,35
T0,AR,598.8,608.8,acquire,True,36,36
T0,AR,608.8,609.6,record_commit,True,36,36
T0,AR,609.6,619.6,acquire,True,37,37
T0,AR,619.6,620.4,record_commit,True,37,37
T0,AR,620.4,630.4,acquire,True,38,38
T0,AR,630.4,631.2,record_commit,True,38,38
T0,AR,631.2,641.2,acquire,True,39,39
T0,AR,641.2,642.0,record_commit,True,39,39
T0,AR,642.0,652.0,acquire,True,40,40
T0,AR,652.0,652.8,record_commit,True,40,40
T0,AR,652.8,662.8,acquire,True,41,41
T0,AR,662.8,663.6,record_commit,True,41,41
T0,AR,663.6,673.6,acquire,True,42,42
T0,AR,673.6,674.4,record_commit,True,42,42
T0,AR,674.4,684.4,acquire,True,43,43
T0,AR,684.4,685.2,record_commit,True,43,43
T0,AR,685.2,695.2,acquire,True,44,44
T0,AR,695.2,696.0,record_commit,True,44,44
T0,AR,696.0,706.0,acquire,True,45,45
T0,AR,706.0,706.8,record_commit,True,45,45
T0,AR,706.8,716.8,acquire,True,46,46
T0,AR,716.8,717.6,record_commit,True,46,46
T0,AR,717.6,727.6,acquire,True,47,47
T0,AR,727.6,728.4,record_commit,True,47,47
T0,AR,728.4,758.4,anchor,True,48,48
T0,AR,758.4,768.4,acquire,True,48,48
T0,AR,768.4,769.2,record_commit,True,48,48
T0,AR,769.2,779.2,acquire,True,49,49
T0,AR,779.2,780.0,record_commit,True,49,49
T0,AR,780.0,790.0,acquire,True,50,50
T0,AR,790.0,790.8,record_commit,True,50,50
T0,AR,790.8,800.8,acquire,True,51,51
T0,AR,800.8,801.6,record_commit,True,51,51
T0,AR,801.6,811.6,acquire,True,52,52
T0,AR,811.6,812.4,record_commit,True,52,52
T0,AR,812.4,822.4,acquire,True,53,53
T0,AR,822.4,823.2,record_commit,True,53,53
T0,AR,823.2,833.2,acquire,True,54,54
T0,AR,833.2,834.0,record_commit,True,54,54
T0,AR,834.0,844.0,acquire,True,55,55
T0,AR,844.0,844.8,record_commit,True,55,55
T0,AR,844.8,854.8,acquire,True,56,56
T0,AR,854.8,855.6,record_commit,True,56,56
T0,AR,855.6,865.6,acquire,True,57,57
T0,AR,865.6,866.4,record_commit,True,57,57
T0,AR,866.4,876.4,acquire,True,58,58
T0,AR,876.4,877.2,record_commit,True,58,58
T0,AR,877.2,887.2,acquire,True,59,59
T0,AR,887.2,888.0,record_commit,True,59,59
T0,AR,888.0,898.0,acquire,True,60,60
T0,AR,898.0,898.8,record_commit,True,60,60
T0,AR,898.8,908.8,acquire,True,61,61
T0,AR,908.8,909.6,record_commit,True,61,61
T0,AR,909.6,919.6,acquire,True,62,62
T0,AR,919.6,920.4,record_commit,True,62,62
T0,AR,920.4,930.4,acquire,True,63,63
T0,AR,930.4,931.2,record_commit,True,63,63
T0,AR,931.2,961.2,anchor,True,64,64
T0,AR,961.2,971.2,acquire,True,64,64
T0,AR,971.2,972.0,record_commit,True,64,64
T0,AR,972.0,982.0,acquire,True,65,65
T0,AR,982.0,982.8,record_commit,True,65,65
T0,AR,982.8,992.8,acquire,True,66,66
T0,AR,992.8,993.6,record_commit,True,66,66
T0,AR,993.6,1003.6,acquire,True,67,67
T0,AR,1003.6,1004.4,record_commit,True,67,67
T0,AR,1004.4,1014.4,acquire,True,68,68
T0,AR,1014.4,1015.2,record_commit,True,68,68
T0,AR,1015.2,1025.2,acquire,True,69,69
T0,AR,1025.2,1026.0,record_commit,True,69,69
T0,AR,1026.0,1036.0,acquire,True,70,70
T0,AR,1036.0,1036.8,record_commit,True,70,70
T0,AR,1036.8,1046.8,acquire,True,71,71
T0,AR,1046.8,1047.6,record_commit,True,71,71
T0,AR,1047.6,1057.6,acquire,True,72,72
T0,AR,1057.6,1058.4,record_commit,True,72,72
T0,AR,1058.4,1068.4,acquire,True,73,73
T0,AR,1068.4,1069.2,record_commit,True,73,73
T0,AR,1069.2,1079.2,acquire,True,74,74
T0,AR,1079.2,1080.0,record_commit,True,74,74
T0,AR,1080.0,1090.0,acquire,True,75,75
T0,AR,1090.0,1090.8,record_commit,True,75,75
T0,AR,1090.8,1100.8,acquire,True,76,76
T0,AR,1100.8,1101.6,record_commit,True,76,76
T0,AR,1101.6,1111.6,acquire,True,77,77
T0,AR,1111.6,1112.4,record_commit,True,77,77
T0,AR,1112.4,1122.4,acquire,True,78,78
T0,AR,1122.4,1123.2,record_commit,True,78,78
T0,AR,1123.2,1133.2,acquire,True,79,79
T0,AR,1133.2,1134.0,record_commit,True,79,79
T0,AR,1134.0,1164.0,anchor,True,80,80
T0,AR,1164.0,1174.0,acquire,True,80,80
T0,AR,1174.0,1174.8,record_commit,True,80,80
T0,AR,1174.8,1184.8,acquire,True,81,81
T0,AR,1184.8,1185.6,record_commit,True,81,81
T0,AR,1185.6,1195.6,acquire,True,82,82
T0,AR,1195.6,1196.4,record_commit,True,82,82
T0,AR,1196.4,1206.4,acquire,True,83,83
T0,AR,1206.4,1207.2,record_commit,True,83,83
T0,AR,1207.2,1217.2,acquire,True,84,84
T0,AR,1217.2,1218.0,record_commit,True,84,84
T0,AR,1218.0,1228.0,acquire,True,85,85
T0,AR,1228.0,1228.8,record_commit,True,85,85
T0,AR,1228.8,1238.8,acquire,True,86,86
T0,AR,1238.8,1239.6,record_commit,True,86,86
T0,AR,1239.6,1249.6,acquire,True,87,87
T0,AR,1249.6,1250.4,record_commit,True,87,87
T0,AR,1250.4,1260.4,acquire,True,88,88
T0,AR,1260.4,1261.2,record_commit,True,88,88
T0,AR,1261.2,1271.2,acquire,True,89,89
T0,AR,1271.2,1272.0,record_commit,True,89,89
T0,AR,1272.0,1282.0,acquire,True,90,90
T0,AR,1282.0,1282.8,record_commit,True,90,90
T0,AR,1282.8,1292.8,acquire,True,91,91
T0,AR,1292.8,1293.6,record_commit,True,91,91
T0,AR,1293.6,1303.6,acquire,True,92,92
T0,AR,1303.6,1304.4,record_commit,True,92,92
T0,AR,1304.4,1314.4,acquire,True,93,93
T0,AR,1314.4,1315.2,record_commit,True,93,93
T0,AR,1315.2,1325.2,acquire,True,94,94
T0,AR,1325.2,1326.0,record_commit,True,94,94
T0,AR,1326.0,1336.0,acquire,True,95,95
T0,AR,1336.0,1336.8,record_commit,True,95,95
T0,AR,1336.8,1366.8,anchor,True,96,96
T0,AR,1366.8,1376.8,acquire,True,96,96
T0,AR,1376.8,1377.6,record_commit,True,96,96
T0,AR,1377.6,1387.6,acquire,True,97,97
T0,AR,1387.6,1388.4,record_commit,True,97,97
T0,AR,1388.4,1398.4,acquire,True,98,98
T0,AR,1398.4,1399.2,record_commit,True,98,98
T0,AR,1399.2,1409.2,acquire,True,99,99
T0,AR,1409.2,1410.0,record_commit,True,99,99
T0,AR,1410.0,1420.0,acquire,True,100,100
T0,AR,1420.0,1420.8,record_commit,True,100,100
T0,AR,1420.8,1430.8,acquire,True,101,101
T0,AR,1430.8,1431.6,record_commit,True,101,101
T0,AR,1431.6,1441.6,acquire,True,102,102
T0,AR,1441.6,1442.4,record_commit,True,102,102
T0,AR,1442.4,1452.4,acquire,True,103,103
T0,AR,1452.4,1453.2,record_commit,True,103,103
T0,AR,1453.2,1463.2,acquire,True,104,104
T0,AR,1463.2,1464.0,record_commit,True,104,104
T0,AR,1464.0,1474.0,acquire,True,105,105
T0,AR,1474.0,1474.8,record_commit,True,105,105
T0,AR,1474.8,1484.8,acquire,True,106,106
T0,AR,1484.8,1485.6,record_commit,True,106,106
T0,AR,1485.6,1495.6,acquire,True,107,107
T0,AR,1495.6,1496.4,record_commit,True,107,107
T0,AR,1496.4,1506.4,acquire,True,108,108
T0,AR,1506.4,1507.2,record_commit,True,108,108
T0,AR,1507.2,1517.2,acquire,True,109,109
T0,AR,1517.2,1518.0,record_commit,True,109,109
T0,AR,1518.0,1528.0,acquire,True,110,110
T0,AR,1528.0,1528.8,record_commit,True,110,110
T0,AR,1528.8,1538.8,acquire,True,111,111
T0,AR,1538.8,1539.6,record_commit,True,111,111
T0,AR,1539.6,1569.6,anchor,True,112,112
T0,AR,1569.6,1579.6,acquire,True,112,112
T0,AR,1579.6,1580.4,record_commit,True,112,112
T0,AR,1580.4,1590.4,acquire,True,113,113
T0,AR,1590.4,1591.2,record_commit,True,113,113
T0,AR,1591.2,1601.2,acquire,True,114,114
T0,AR,1601.2,1602.0,record_commit,True,114,114
T0,AR,1602.0,1612.0,acquire,True,115,115
T0,AR,1612.0,1612.8,record_commit,True,115,115
T0,AR,1612.8,1622.8,acquire,True,116,116
T0,AR,1622.8,1623.6,record_commit,True,116,116
T0,AR,1623.6,1633.6,acquire,True,117,117
T0,AR,1633.6,1634.4,record_commit,True,117,117
T0,AR,1634.4,1644.4,acquire,True,118,118
T0,AR,1644.4,1645.2,record_commit,True,118,118
T0,AR,1645.2,1655.2,acquire,True,119,119
T0,AR,1655.2,1656.0,record_commit,True,119,119
T0,AR,1656.0,1666.0,acquire,True,120,120
T0,AR,1666.0,1666.8,record_commit,True,120,120
T0,AR,1666.8,1676.8,acquire,True,121,121
T0,AR,1676.8,1677.6,record_commit,True,121,121
T0,AR,1677.6,1687.6,acquire,True,122,122
T0,AR,1687.6,1688.4,record_commit,True,122,122
T0,AR,1688.4,1698.4,acquire,True,123,123
T0,AR,1698.4,1699.2,record_commit,True,123,123
T0,AR,1699.2,1709.2,acquire,True,124,124
T0,AR,1709.2,1710.0,record_commit,True,124,124
T0,AR,1710.0,1720.0,acquire,True,125,125
T0,AR,1720.0,1720.8,record_commit,True,125,125
T0,AR,1720.8,1730.8,acquire,True,126,126
T0,AR,1730.8,1731.6,record_commit,True,126,126
T0,AR,1731.6,1741.6,acquire,True,127,127
T0,AR,1741.6,1742.4,record_commit,True,127,127
T0,AR,1742.4,1772.4,anchor,True,128,128
T0,AR,1772.4,1782.4,acquire,True,128,128
T0,AR,1782.4,1783.2,record_commit,True,128,128
T0,AR,1783.2,1793.2,acquire,True,129,129
T0,AR,1793.2,1794.0,record_commit,True,129,129
T0,AR,1794.0,1804.0,acquire,True,130,130
T0,AR,1804.0,1804.8,record_commit,True,130,130
T0,AR,1804.8,1814.8,acquire,True,131,131
T0,AR,1814.8,1815.6,record_commit,True,131,131
T0,AR,1815.6,1825.6,acquire,True,132,132
T0,AR,1825.6,1826.4,record_commit,True,132,132
T0,AR,1826.4,1836.4,acquire,True,133,133
T0,AR,1836.4,1837.2,record_commit,True,133,133
T0,AR,1837.2,1847.2,acquire,True,134,134
T0,AR,1847.2,1848.0,record_commit,True,134,134
T0,AR,1848.0,1858.0,acquire,True,135,135
T0,AR,1858.0,1858.8,record_commit,True,135,135
T0,AR,1858.8,1868.8,acquire,True,136,136
T0,AR,1868.8,1869.6,record_commit,True,136,136
T0,AR,1869.6,1879.6,acquire,True,137,137
T0,AR,1879.6,1880.4,record_commit,True,137,137
T0,AR,1880.4,1890.4,acquire,True,138,138
T0,AR,1890.4,1891.2,record_commit,True,138,138
T0,AR,1891.2,1901.2,acquire,True,139,139
T0,AR,1901.2,1902.0,record_commit,True,139,139
T0,AR,1902.0,1912.0,acquire,True,140,140
T0,AR,1912.0,1912.8,record_commit,True,140,140
T0,AR,1912.8,1922.8,acquire,True,141,141
T0,AR,1922.8,1923.6,record_commit,True,141,141
T0,AR,1923.6,1933.6,acquire,True,142,142
T0,AR,1933.6,1934.4,record_commit,True,142,142
T0,AR,1934.4,1944.4,acquire,True,143,143
T0,AR,1944.4,1945.2,record_commit,True,143,143
T0,AR,1945.2,1975.2,anchor,True,144,144
T0,AR,1975.2,1985.2,acquire,True,144,144
T0,AR,1985.2,1986.0,record_commit,True,144,144
T0,AR,1986.0,1996.0,acquire,True,145,145
T0,AR,1996.0,1996.8,record_commit,True,145,145
T0,AR,1996.8,2006.8,acquire,True,146,146
T0,AR,2006.8,2007.6,record_commit,True,146,146
T0,AR,2007.6,2017.6,acquire,True,147,147
T0,AR,2017.6,2018.4,record_commit,True,147,147
T0,AR,2018.4,2028.4,acquire,True,148,148
T0,AR,2028.4,2029.2,record_commit,True,148,148
T0,AR,2029.2,2039.2,acquire,True,149,149
T0,AR,2039.2,2040.0,record_commit,True,149,149
T0,AR,2040.0,2050.0,acquire,True,150,150
T0,AR,2050.0,2050.8,record_commit,True,150,150
T0,AR,2050.8,2060.8,acquire,True,151,151
T0,AR,2060.8,2061.6,record_commit,True,151,151
T0,AR,2061.6,2071.6,acquire,True,152,152
T0,AR,2071.6,2072.4,record_commit,True,152,152
T0,AR,2072.4,2082.4,acquire,True,153,153
T0,AR,2082.4,2083.2,record_commit,True,153,153
T0,AR,2083.2,2093.2,acquire,True,154,154
T0,AR,2093.2,2094.0,record_commit,True,154,154
T0,AR,2094.0,2104.0,acquire,True,155,155
T0,AR,2104.0,2104.8,record_commit,True,155,155
T0,AR,2104.8,2114.8,acquire,True,156,156
T0,AR,2114.8,2115.6,record_commit,True,156,156
T0,AR,2115.6,2125.6,acquire,True,157,157
T0,AR,2125.6,2126.4,record_commit,True,157,157
T0,AR,2126.4,2136.4,acquire,True,158,158
T0,AR,2136.4,2137.2,record_commit,True,158,158
T0,AR,2137.2,2147.2,acquire,True,159,159
T0,AR,2147.2,2148.0,record_commit,True,159,159
T0,AR,2148.0,2178.0,anchor,True,160,160
T0,AR,2178.0,2188.0,acquire,True,160,160
T0,AR,2188.0,2188.8,record_commit,True,160,160
T0,AR,2188.8,2198.8,acquire,True,161,161
T0,AR,2198.8,2199.6,record_commit,True,161,161
T0,AR,2199.6,2209.6,acquire,True,162,162
T0,AR,2209.6,2210.4,record_commit,True,162,162
T0,AR,2210.4,2220.4,acquire,True,163,163
T0,AR,2220.4,2221.2,record_commit,True,163,163
T0,AR,2221.2,2231.2,acquire,True,164,164
T0,AR,2231.2,2232.0,record_commit,True,164,164
T0,AR,2232.0,2242.0,acquire,True,165,165
T0,AR,2242.0,2242.8,record_commit,True,165,165
T0,AR,2242.8,2252.8,acquire,True,166,166
T0,AR,2252.8,2253.6,record_commit,True,166,166
T0,AR,2253.6,2263.6,acquire,True,167,167
T0,AR,2263.6,2264.4,record_commit,True,167,167
T0,AR,2264.4,2274.4,acquire,True,168,168
T0,AR,2274.4,2275.2,record_commit,True,168,168
T0,AR,2275.2,2285.2,acquire,True,169,169
T0,AR,2285.2,2286.0,record_commit,True,169,169
T0,AR,2286.0,2296.0,acquire,True,170,170
T0,AR,2296.0,2296.8,record_commit,True,170,170
T0,AR,2296.8,2306.8,acquire,True,171,171
T0,AR,2306.8,2307.6,record_commit,True,171,171
T0,AR,2307.6,2317.6,acquire,True,172,172
T0,AR,2317.6,2318.4,record_commit,True,172,172
T0,AR,2318.4,2328.4,acquire,True,173,173
T0,AR,2328.4,2329.2,record_commit,True,173,173
T0,AR,2329.2,2339.2,acquire,True,174,174
T0,AR,2339.2,2340.0,record_commit,True,174,174
T0,AR,2340.0,2350.0,acquire,True,175,175
T0,AR,2350.0,2350.8,record_commit,True,175,175
T0,AR,2350.8,2380.8,anchor,True,176,176
T0,AR,2380.8,2390.8,acquire,True,176,176
T0,AR,2390.8,2391.6,record_commit,True,176,176
T0,AR,2391.6,2401.6,acquire,True,177,177
T0,AR,2401.6,2402.4,record_commit,True,177,177
T0,AR,2402.4,2412.4,acquire,True,178,178
T0,AR,2412.4,2413.2,record_commit,True,178,178
T0,AR,2413.2,2423.2,acquire,True,179,179
T0,AR,2423.2,2424.0,record_commit,True,179,179
T0,AR,2424.0,2434.0,acquire,True,180,180
T0,AR,2434.0,2434.8,record_commit,True,180,180
T0,AR,2434.8,2444.8,acquire,True,181,181
T0,AR,2444.8,2445.6,record_commit,True,181,181
T0,AR,2445.6,2455.6,acquire,True,182,182
T0,AR,2455.6,2456.4,record_commit,True,182,182
T0,AR,2456.4,2466.4,acquire,True,183,183
T0,AR,2466.4,2467.2,record_commit,True,183,183
T0,AR,2467.2,2477.2,acquire,True,184,184
T0,AR,2477.2,2478.0,record_commit,True,184,184
T0,AR,2478.0,2488.0,acquire,True,185,185
T0,AR,2488.0,2488.8,record_commit,True,185,185
T0,AR,2488.8,2498.8,acquire,True,186,186
T0,AR,2498.8,2499.6,record_commit,True,186,186
T0,AR,2499.6,2509.6,acquire,True,187,187
T0,AR,2509.6,2510.4,record_commit,True,187,187
T0,AR,2510.4,2520.4,acquire,True,188,188
T0,AR,2520.4,2521.2,record_commit,True,188,188
T0,AR,2521.2,2531.2,acquire,True,189,189
T0,AR,2531.2,2532.0,record_commit,True,189,189
T0,AR,2532.0,2542.0,acquire,True,190,190
T0,AR,2542.0,2542.8,record_commit,True,190,190
T0,AR,2542.8,2552.8,acquire,True,191,191
T0,AR,2552.8,2553.6,record_commit,True,191,191
T0,BS,0.0,120.0,home,True,,0
T0,BS,120.0,150.0,anchor,True,0,0
T0,BS,150.0,160.0,acquire,True,0,0
T0,BS,160.0,170.0,acquire,True,1,0
T0,BS,170.0,180.0,acquire,True,2,0
T0,BS,180.0,190.0,acquire,True,3,0
T0,BS,190.0,192.0,block_seal,True,0,0
T0,BS,192.0,202.0,acquire,True,4,4
T0,BS,202.0,212.0,acquire,True,5,4
T0,BS,212.0,222.0,acquire,True,6,4
T0,BS,222.0,232.0,acquire,True,7,4
T0,BS,232.0,234.0,block_seal,True,4,4
T0,BS,234.0,244.0,acquire,True,8,8
T0,BS,244.0,254.0,acquire,True,9,8
T0,BS,254.0,264.0,acquire,True,10,8
T0,BS,264.0,274.0,acquire,True,11,8
T0,BS,274.0,276.0,block_seal,True,8,8
T0,BS,276.0,286.0,acquire,True,12,12
T0,BS,286.0,296.0,acquire,True,13,12
T0,BS,296.0,306.0,acquire,True,14,12
T0,BS,306.0,316.0,acquire,True,15,12
T0,BS,316.0,318.0,block_seal,True,12,12
T0,BS,318.0,319.0,row_checkpoint,True,,16
T0,BS,319.0,349.0,anchor,True,16,16
T0,BS,349.0,359.0,acquire,True,16,16
T0,BS,359.0,369.0,acquire,True,17,16
T0,BS,369.0,379.0,acquire,True,18,16
T0,BS,379.0,389.0,acquire,True,19,16
T0,BS,389.0,391.0,block_seal,True,16,16
T0,BS,391.0,401.0,acquire,True,20,20
T0,BS,401.0,411.0,acquire,True,21,20
T0,BS,411.0,421.0,acquire,True,22,20
T0,BS,421.0,431.0,acquire,True,23,20
T0,BS,431.0,433.0,block_seal,True,20,20
T0,BS,433.0,443.0,acquire,True,24,24
T0,BS,443.0,453.0,acquire,True,25,24
T0,BS,453.0,463.0,acquire,True,26,24
T0,BS,463.0,473.0,acquire,True,27,24
T0,BS,473.0,475.0,block_seal,True,24,24
T0,BS,475.0,485.0,acquire,True,28,28
T0,BS,485.0,495.0,acquire,True,29,28
T0,BS,495.0,505.0,acquire,True,30,28
T0,BS,505.0,515.0,acquire,True,31,28
T0,BS,515.0,517.0,block_seal,True,28,28
T0,BS,517.0,518.0,row_checkpoint,True,,32
T0,BS,518.0,548.0,anchor,True,32,32
T0,BS,548.0,558.0,acquire,True,32,32
T0,BS,558.0,568.0,acquire,True,33,32
T0,BS,568.0,578.0,acquire,True,34,32
T0,BS,578.0,588.0,acquire,True,35,32
T0,BS,588.0,590.0,block_seal,True,32,32
T0,BS,590.0,600.0,acquire,True,36,36
T0,BS,600.0,610.0,acquire,True,37,36
T0,BS,610.0,620.0,acquire,True,38,36
T0,BS,620.0,630.0,acquire,True,39,36
T0,BS,630.0,632.0,block_seal,True,36,36
T0,BS,632.0,642.0,acquire,True,40,40
T0,BS,642.0,652.0,acquire,True,41,40
T0,BS,652.0,662.0,acquire,True,42,40
T0,BS,662.0,672.0,acquire,True,43,40
T0,BS,672.0,674.0,block_seal,True,40,40
T0,BS,674.0,684.0,acquire,True,44,44
T0,BS,684.0,694.0,acquire,True,45,44
T0,BS,694.0,704.0,acquire,True,46,44
T0,BS,704.0,714.0,acquire,True,47,44
T0,BS,714.0,716.0,block_seal,True,44,44
T0,BS,716.0,717.0,row_checkpoint,True,,48
T0,BS,717.0,747.0,anchor,True,48,48
T0,BS,747.0,757.0,acquire,True,48,48
T0,BS,757.0,767.0,acquire,True,49,48
T0,BS,767.0,777.0,acquire,True,50,48
T0,BS,777.0,787.0,acquire,True,51,48
T0,BS,787.0,789.0,block_seal,True,48,48
T0,BS,789.0,799.0,acquire,True,52,52
T0,BS,799.0,809.0,acquire,True,53,52
T0,BS,809.0,819.0,acquire,True,54,52
T0,BS,819.0,829.0,acquire,True,55,52
T0,BS,829.0,831.0,block_seal,True,52,52
T0,BS,831.0,841.0,acquire,True,56,56
T0,BS,841.0,851.0,acquire,True,57,56
T0,BS,851.0,861.0,acquire,True,58,56
T0,BS,861.0,871.0,acquire,True,59,56
T0,BS,871.0,873.0,block_seal,True,56,56
T0,BS,873.0,883.0,acquire,True,60,60
T0,BS,883.0,893.0,acquire,True,61,60
T0,BS,893.0,903.0,acquire,True,62,60
T0,BS,903.0,913.0,acquire,True,63,60
T0,BS,913.0,915.0,block_seal,True,60,60
T0,BS,915.0,916.0,row_checkpoint,True,,64
T0,BS,916.0,946.0,anchor,True,64,64
T0,BS,946.0,956.0,acquire,True,64,64
T0,BS,956.0,966.0,acquire,True,65,64
T0,BS,966.0,976.0,acquire,True,66,64
T0,BS,976.0,986.0,acquire,True,67,64
T0,BS,986.0,988.0,block_seal,True,64,64
T0,BS,988.0,998.0,acquire,True,68,68
T0,BS,998.0,1008.0,acquire,True,69,68
T0,BS,1008.0,1018.0,acquire,True,70,68
T0,BS,1018.0,1028.0,acquire,True,71,68
T0,BS,1028.0,1030.0,block_seal,True,68,68
T0,BS,1030.0,1040.0,acquire,True,72,72
T0,BS,1040.0,1050.0,acquire,True,73,72
T0,BS,1050.0,1060.0,acquire,True,74,72
T0,BS,1060.0,1070.0,acquire,True,75,72
T0,BS,1070.0,1072.0,block_seal,True,72,72
T0,BS,1072.0,1082.0,acquire,True,76,76
T0,BS,1082.0,1092.0,acquire,True,77,76
T0,BS,1092.0,1102.0,acquire,True,78,76
T0,BS,1102.0,1112.0,acquire,True,79,76
T0,BS,1112.0,1114.0,block_seal,True,76,76
T0,BS,1114.0,1115.0,row_checkpoint,True,,80
T0,BS,1115.0,1145.0,anchor,True,80,80
T0,BS,1145.0,1155.0,acquire,True,80,80
T0,BS,1155.0,1165.0,acquire,True,81,80
T0,BS,1165.0,1175.0,acquire,True,82,80
T0,BS,1175.0,1185.0,acquire,True,83,80
T0,BS,1185.0,1187.0,block_seal,True,80,80
T0,BS,1187.0,1197.0,acquire,True,84,84
T0,BS,1197.0,1207.0,acquire,True,85,84
T0,BS,1207.0,1217.0,acquire,True,86,84
T0,BS,1217.0,1227.0,acquire,True,87,84
T0,BS,1227.0,1229.0,block_seal,True,84,84
T0,BS,1229.0,1239.0,acquire,True,88,88
T0,BS,1239.0,1249.0,acquire,True,89,88
T0,BS,1249.0,1259.0,acquire,True,90,88
T0,BS,1259.0,1269.0,acquire,True,91,88
T0,BS,1269.0,1271.0,block_seal,True,88,88
T0,BS,1271.0,1281.0,acquire,True,92,92
T0,BS,1281.0,1291.0,acquire,True,93,92
T0,BS,1291.0,1301.0,acquire,True,94,92
T0,BS,1301.0,1311.0,acquire,True,95,92
T0,BS,1311.0,1313.0,block_seal,True,92,92
T0,BS,1313.0,1314.0,row_checkpoint,True,,96
T0,BS,1314.0,1344.0,anchor,True,96,96
T0,BS,1344.0,1354.0,acquire,True,96,96
T0,BS,1354.0,1364.0,acquire,True,97,96
T0,BS,1364.0,1374.0,acquire,True,98,96
T0,BS,1374.0,1384.0,acquire,True,99,96
T0,BS,1384.0,1386.0,block_seal,True,96,96
T0,BS,1386.0,1396.0,acquire,True,100,100
T0,BS,1396.0,1406.0,acquire,True,101,100
T0,BS,1406.0,1416.0,acquire,True,102,100
T0,BS,1416.0,1426.0,acquire,True,103,100
T0,BS,1426.0,1428.0,block_seal,True,100,100
T0,BS,1428.0,1438.0,acquire,True,104,104
T0,BS,1438.0,1448.0,acquire,True,105,104
T0,BS,1448.0,1458.0,acquire,True,106,104
T0,BS,1458.0,1468.0,acquire,True,107,104
T0,BS,1468.0,1470.0,block_seal,True,104,104
T0,BS,1470.0,1480.0,acquire,True,108,108
T0,BS,1480.0,1490.0,acquire,True,109,108
T0,BS,1490.0,1500.0,acquire,True,110,108
T0,BS,1500.0,1510.0,acquire,True,111,108
T0,BS,1510.0,1512.0,block_seal,True,108,108
T0,BS,1512.0,1513.0,row_checkpoint,True,,112
T0,BS,1513.0,1543.0,anchor,True,112,112
T0,BS,1543.0,1553.0,acquire,True,112,112
T0,BS,1553.0,1563.0,acquire,True,113,112
T0,BS,1563.0,1573.0,acquire,True,114,112
T0,BS,1573.0,1583.0,acquire,True,115,112
T0,BS,1583.0,1585.0,block_seal,True,112,112
T0,BS,1585.0,1595.0,acquire,True,116,116
T0,BS,1595.0,1605.0,acquire,True,117,116
T0,BS,1605.0,1615.0,acquire,True,118,116
T0,BS,1615.0,1625.0,acquire,True,119,116
T0,BS,1625.0,1627.0,block_seal,True,116,116
T0,BS,1627.0,1637.0,acquire,True,120,120
T0,BS,1637.0,1647.0,acquire,True,121,120
T0,BS,1647.0,1657.0,acquire,True,122,120
T0,BS,1657.0,1667.0,acquire,True,123,120
T0,BS,1667.0,1669.0,block_seal,True,120,120
T0,BS,1669.0,1679.0,acquire,True,124,124
T0,BS,1679.0,1689.0,acquire,True,125,124
T0,BS,1689.0,1699.0,acquire,True,126,124
T0,BS,1699.0,1709.0,acquire,True,127,124
T0,BS,1709.0,1711.0,block_seal,True,124,124
T0,BS,1711.0,1712.0,row_checkpoint,True,,128
T0,BS,1712.0,1742.0,anchor,True,128,128
T0,BS,1742.0,1752.0,acquire,True,128,128
T0,BS,1752.0,1762.0,acquire,True,129,128
T0,BS,1762.0,1772.0,acquire,True,130,128
T0,BS,1772.0,1782.0,acquire,True,131,128
T0,BS,1782.0,1784.0,block_seal,True,128,128
T0,BS,1784.0,1794.0,acquire,True,132,132
T0,BS,1794.0,1804.0,acquire,True,133,132
T0,BS,1804.0,1814.0,acquire,True,134,132
T0,BS,1814.0,1824.0,acquire,True,135,132
T0,BS,1824.0,1826.0,block_seal,True,132,132
T0,BS,1826.0,1836.0,acquire,True,136,136
T0,BS,1836.0,1846.0,acquire,True,137,136
T0,BS,1846.0,1856.0,acquire,True,138,136
T0,BS,1856.0,1866.0,acquire,True,139,136
T0,BS,1866.0,1868.0,block_seal,True,136,136
T0,BS,1868.0,1878.0,acquire,True,140,140
T0,BS,1878.0,1888.0,acquire,True,141,140
T0,BS,1888.0,1898.0,acquire,True,142,140
T0,BS,1898.0,1908.0,acquire,True,143,140
T0,BS,1908.0,1910.0,block_seal,True,140,140
T0,BS,1910.0,1911.0,row_checkpoint,True,,144
T0,BS,1911.0,1941.0,anchor,True,144,144
T0,BS,1941.0,1951.0,acquire,True,144,144
T0,BS,1951.0,1961.0,acquire,True,145,144
T0,BS,1961.0,1971.0,acquire,True,146,144
T0,BS,1971.0,1981.0,acquire,True,147,144
T0,BS,1981.0,1983.0,block_seal,True,144,144
T0,BS,1983.0,1993.0,acquire,True,148,148
T0,BS,1993.0,2003.0,acquire,True,149,148
T0,BS,2003.0,2013.0,acquire,True,150,148
T0,BS,2013.0,2023.0,acquire,True,151,148
T0,BS,2023.0,2025.0,block_seal,True,148,148
T0,BS,2025.0,2035.0,acquire,True,152,152
T0,BS,2035.0,2045.0,acquire,True,153,152
T0,BS,2045.0,2055.0,acquire,True,154,152
T0,BS,2055.0,2065.0,acquire,True,155,152
T0,BS,2065.0,2067.0,block_seal,True,152,152
T0,BS,2067.0,2077.0,acquire,True,156,156
T0,BS,2077.0,2087.0,acquire,True,157,156
T0,BS,2087.0,2097.0,acquire,True,158,156
T0,BS,2097.0,2107.0,acquire,True,159,156
T0,BS,2107.0,2109.0,block_seal,True,156,156
T0,BS,2109.0,2110.0,row_checkpoint,True,,160
T0,BS,2110.0,2140.0,anchor,True,160,160
T0,BS,2140.0,2150.0,acquire,True,160,160
T0,BS,2150.0,2160.0,acquire,True,161,160
T0,BS,2160.0,2170.0,acquire,True,162,160
T0,BS,2170.0,2180.0,acquire,True,163,160
T0,BS,2180.0,2182.0,block_seal,True,160,160
T0,BS,2182.0,2192.0,acquire,True,164,164
T0,BS,2192.0,2202.0,acquire,True,165,164
T0,BS,2202.0,2212.0,acquire,True,166,164
T0,BS,2212.0,2222.0,acquire,True,167,164
T0,BS,2222.0,2224.0,block_seal,True,164,164
T0,BS,2224.0,2234.0,acquire,True,168,168
T0,BS,2234.0,2244.0,acquire,True,169,168
T0,BS,2244.0,2254.0,acquire,True,170,168
T0,BS,2254.0,2264.0,acquire,True,171,168
T0,BS,2264.0,2266.0,block_seal,True,168,168
T0,BS,2266.0,2276.0,acquire,True,172,172
T0,BS,2276.0,2286.0,acquire,True,173,172
T0,BS,2286.0,2296.0,acquire,True,174,172
T0,BS,2296.0,2306.0,acquire,True,175,172
T0,BS,2306.0,2308.0,block_seal,True,172,172
T0,BS,2308.0,2309.0,row_checkpoint,True,,176
T0,BS,2309.0,2339.0,anchor,True,176,176
T0,BS,2339.0,2349.0,acquire,True,176,176
T0,BS,2349.0,2359.0,acquire,True,177,176
T0,BS,2359.0,2369.0,acquire,True,178,176
T0,BS,2369.0,2379.0,acquire,True,179,176
T0,BS,2379.0,2381.0,block_seal,True,176,176
T0,BS,2381.0,2391.0,acquire,True,180,180
T0,BS,2391.0,2401.0,acquire,True,181,180
T0,BS,2401.0,2411.0,acquire,True,182,180
T0,BS,2411.0,2421.0,acquire,True,183,180
T0,BS,2421.0,2423.0,block_seal,True,180,180
T0,BS,2423.0,2433.0,acquire,True,184,184
T0,BS,2433.0,2443.0,acquire,True,185,184
T0,BS,2443.0,2453.0,acquire,True,186,184
T0,BS,2453.0,2463.0,acquire,True,187,184
T0,BS,2463.0,2465.0,block_seal,True,184,184
T0,BS,2465.0,2475.0,acquire,True,188,188
T0,BS,2475.0,2485.0,acquire,True,189,188
T0,BS,2485.0,2495.0,acquire,True,190,188
T0,BS,2495.0,2505.0,acquire,True,191,188
T0,BS,2505.0,2507.0,block_seal,True,188,188
T0,BS,2507.0,2508.0,row_checkpoint,True,,192
T1,RC,0.0,120.0,home,True,,0
T1,RC,120.0,150.0,anchor,True,0,0
T1,RC,150.0,160.0,acquire,True,0,0
T1,RC,160.0,170.0,acquire,True,1,0
T1,RC,170.0,180.0,acquire,True,2,0
T1,RC,180.0,190.0,acquire,True,3,0
T1,RC,190.0,200.0,acquire,True,4,0
T1,RC,200.0,210.0,acquire,True,5,0
T1,RC,210.0,220.0,acquire,True,6,0
T1,RC,220.0,230.0,acquire,True,7,0
T1,RC,230.0,240.0,acquire,True,8,0
T1,RC,240.0,250.0,acquire,True,9,0
T1,RC,250.0,260.0,acquire,True,10,0
T1,RC,260.0,270.0,acquire,True,11,0
T1,RC,270.0,280.0,acquire,True,12,0
T1,RC,280.0,290.0,acquire,True,13,0
T1,RC,290.0,300.0,acquire,True,14,0
T1,RC,300.0,310.0,acquire,True,15,0
T1,RC,310.0,314.0,row_commit,True,0,0
T1,RC,314.0,344.0,anchor,True,16,16
T1,RC,344.0,354.0,acquire,True,16,16
T1,RC,354.0,364.0,acquire,True,17,16
T1,RC,364.0,374.0,acquire,True,18,16
T1,RC,374.0,384.0,acquire,True,19,16
T1,RC,384.0,394.0,acquire,True,20,16
T1,RC,394.0,404.0,acquire,True,21,16
T1,RC,404.0,414.0,acquire,True,22,16
T1,RC,414.0,424.0,acquire,True,23,16
T1,RC,424.0,434.0,acquire,True,24,16
T1,RC,434.0,444.0,acquire,True,25,16
T1,RC,444.0,454.0,acquire,True,26,16
T1,RC,454.0,464.0,acquire,True,27,16
T1,RC,464.0,474.0,acquire,True,28,16
T1,RC,474.0,484.0,acquire,True,29,16
T1,RC,484.0,494.0,acquire,True,30,16
T1,RC,494.0,504.0,acquire,True,31,16
T1,RC,504.0,508.0,row_commit,True,16,16
T1,RC,508.0,538.0,anchor,True,32,32
T1,RC,538.0,548.0,acquire,True,32,32
T1,RC,548.0,558.0,acquire,True,33,32
T1,RC,558.0,568.0,acquire,True,34,32
T1,RC,568.0,578.0,acquire,True,35,32
T1,RC,578.0,588.0,acquire,True,36,32
T1,RC,588.0,598.0,acquire,True,37,32
T1,RC,598.0,608.0,acquire,True,38,32
T1,RC,608.0,618.0,acquire,True,39,32
T1,RC,618.0,620.0,acquire,False,40,32
T1,RC,620.0,740.0,home,True,,32
T1,RC,740.0,741.0,lookup,True,,32
T1,RC,741.0,771.0,anchor,True,32,32
T1,RC,771.0,781.0,acquire,True,32,32
T1,RC,781.0,791.0,acquire,True,33,32
T1,RC,791.0,801.0,acquire,True,34,32
T1,RC,801.0,811.0,acquire,True,35,32
T1,RC,811.0,821.0,acquire,True,36,32
T1,RC,821.0,831.0,acquire,True,37,32
T1,RC,831.0,841.0,acquire,True,38,32
T1,RC,841.0,851.0,acquire,True,39,32
T1,RC,851.0,861.0,acquire,True,40,32
T1,RC,861.0,871.0,acquire,True,41,32
T1,RC,871.0,881.0,acquire,True,42,32
T1,RC,881.0,891.0,acquire,True,43,32
T1,RC,891.0,901.0,acquire,True,44,32
T1,RC,901.0,911.0,acquire,True,45,32
T1,RC,911.0,921.0,acquire,True,46,32
T1,RC,921.0,931.0,acquire,True,47,32
T1,RC,931.0,935.0,row_commit,True,32,32
T1,RC,935.0,965.0,anchor,True,48,48
T1,RC,965.0,975.0,acquire,True,48,48
T1,RC,975.0,985.0,acquire,True,49,48
T1,RC,985.0,995.0,acquire,True,50,48
T1,RC,995.0,1005.0,acquire,True,51,48
T1,RC,1005.0,1015.0,acquire,True,52,48
T1,RC,1015.0,1025.0,acquire,True,53,48
T1,RC,1025.0,1035.0,acquire,True,54,48
T1,RC,1035.0,1045.0,acquire,True,55,48
T1,RC,1045.0,1055.0,acquire,True,56,48
T1,RC,1055.0,1065.0,acquire,True,57,48
T1,RC,1065.0,1075.0,acquire,True,58,48
T1,RC,1075.0,1085.0,acquire,True,59,48
T1,RC,1085.0,1095.0,acquire,True,60,48
T1,RC,1095.0,1105.0,acquire,True,61,48
T1,RC,1105.0,1115.0,acquire,True,62,48
T1,RC,1115.0,1125.0,acquire,True,63,48
T1,RC,1125.0,1129.0,row_commit,True,48,48
T1,RC,1129.0,1159.0,anchor,True,64,64
T1,RC,1159.0,1169.0,acquire,True,64,64
T1,RC,1169.0,1179.0,acquire,True,65,64
T1,RC,1179.0,1189.0,acquire,True,66,64
T1,RC,1189.0,1199.0,acquire,True,67,64
T1,RC,1199.0,1209.0,acquire,True,68,64
T1,RC,1209.0,1219.0,acquire,True,69,64
T1,RC,1219.0,1229.0,acquire,True,70,64
T1,RC,1229.0,1239.0,acquire,True,71,64
T1,RC,1239.0,1249.0,acquire,True,72,64
T1,RC,1249.0,1259.0,acquire,True,73,64
T1,RC,1259.0,1269.0,acquire,True,74,64
T1,RC,1269.0,1279.0,acquire,True,75,64
T1,RC,1279.0,1289.0,acquire,True,76,64
T1,RC,1289.0,1299.0,acquire,True,77,64
T1,RC,1299.0,1309.0,acquire,True,78,64
T1,RC,1309.0,1319.0,acquire,True,79,64
T1,RC,1319.0,1323.0,row_commit,True,64,64
T1,RC,1323.0,1353.0,anchor,True,80,80
T1,RC,1353.0,1363.0,acquire,True,80,80
T1,RC,1363.0,1373.0,acquire,True,81,80
T1,RC,1373.0,1383.0,acquire,True,82,80
T1,RC,1383.0,1393.0,acquire,True,83,80
T1,RC,1393.0,1403.0,acquire,True,84,80
T1,RC,1403.0,1413.0,acquire,True,85,80
T1,RC,1413.0,1423.0,acquire,True,86,80
T1,RC,1423.0,1433.0,acquire,True,87,80
T1,RC,1433.0,1443.0,acquire,True,88,80
T1,RC,1443.0,1453.0,acquire,True,89,80
T1,RC,1453.0,1463.0,acquire,True,90,80
T1,RC,1463.0,1473.0,acquire,True,91,80
T1,RC,1473.0,1483.0,acquire,True,92,80
T1,RC,1483.0,1493.0,acquire,True,93,80
T1,RC,1493.0,1503.0,acquire,True,94,80
T1,RC,1503.0,1513.0,acquire,True,95,80
T1,RC,1513.0,1517.0,row_commit,True,80,80
T1,RC,1517.0,1547.0,anchor,True,96,96
T1,RC,1547.0,1557.0,acquire,True,96,96
T1,RC,1557.0,1567.0,acquire,True,97,96
T1,RC,1567.0,1577.0,acquire,True,98,96
T1,RC,1577.0,1587.0,acquire,True,99,96
T1,RC,1587.0,1597.0,acquire,True,100,96
T1,RC,1597.0,1607.0,acquire,True,101,96
T1,RC,1607.0,1617.0,acquire,True,102,96
T1,RC,1617.0,1627.0,acquire,True,103,96
T1,RC,1627.0,1637.0,acquire,True,104,96
T1,RC,1637.0,1647.0,acquire,True,105,96
T1,RC,1647.0,1657.0,acquire,True,106,96
T1,RC,1657.0,1667.0,acquire,True,107,96
T1,RC,1667.0,1677.0,acquire,True,108,96
T1,RC,1677.0,1687.0,acquire,True,109,96
T1,RC,1687.0,1697.0,acquire,True,110,96
T1,RC,1697.0,1707.0,acquire,True,111,96
T1,RC,1707.0,1711.0,row_commit,True,96,96
T1,RC,1711.0,1730.0,anchor,False,112,112
T1,RC,1730.0,1850.0,home,True,,112
T1,RC,1850.0,1851.0,lookup,True,,112
T1,RC,1851.0,1881.0,anchor,True,112,112
T1,RC,1881.0,1891.0,acquire,True,112,112
T1,RC,1891.0,1901.0,acquire,True,113,112
T1,RC,1901.0,1911.0,acquire,True,114,112
T1,RC,1911.0,1921.0,acquire,True,115,112
T1,RC,1921.0,1931.0,acquire,True,116,112
T1,RC,1931.0,1941.0,acquire,True,117,112
T1,RC,1941.0,1951.0,acquire,True,118,112
T1,RC,1951.0,1961.0,acquire,True,119,112
T1,RC,1961.0,1971.0,acquire,True,120,112
T1,RC,1971.0,1981.0,acquire,True,121,112
T1,RC,1981.0,1991.0,acquire,True,122,112
T1,RC,1991.0,2001.0,acquire,True,123,112
T1,RC,2001.0,2011.0,acquire,True,124,112
T1,RC,2011.0,2021.0,acquire,True,125,112
T1,RC,2021.0,2031.0,acquire,True,126,112
T1,RC,2031.0,2041.0,acquire,True,127,112
T1,RC,2041.0,2045.0,row_commit,True,112,112
T1,RC,2045.0,2075.0,anchor,True,128,128
T1,RC,2075.0,2085.0,acquire,True,128,128
T1,RC,2085.0,2095.0,acquire,True,129,128
T1,RC,2095.0,2105.0,acquire,True,130,128
T1,RC,2105.0,2115.0,acquire,True,131,128
T1,RC,2115.0,2125.0,acquire,True,132,128
T1,RC,2125.0,2135.0,acquire,True,133,128
T1,RC,2135.0,2145.0,acquire,True,134,128
T1,RC,2145.0,2155.0,acquire,True,135,128
T1,RC,2155.0,2165.0,acquire,True,136,128
T1,RC,2165.0,2175.0,acquire,True,137,128
T1,RC,2175.0,2185.0,acquire,True,138,128
T1,RC,2185.0,2195.0,acquire,True,139,128
T1,RC,2195.0,2205.0,acquire,True,140,128
T1,RC,2205.0,2215.0,acquire,True,141,128
T1,RC,2215.0,2225.0,acquire,True,142,128
T1,RC,2225.0,2235.0,acquire,True,143,128
T1,RC,2235.0,2239.0,row_commit,True,128,128
T1,RC,2239.0,2269.0,anchor,True,144,144
T1,RC,2269.0,2279.0,acquire,True,144,144
T1,RC,2279.0,2289.0,acquire,True,145,144
T1,RC,2289.0,2299.0,acquire,True,146,144
T1,RC,2299.0,2309.0,acquire,True,147,144
T1,RC,2309.0,2319.0,acquire,True,148,144
T1,RC,2319.0,2329.0,acquire,True,149,144
T1,RC,2329.0,2339.0,acquire,True,150,144
T1,RC,2339.0,2349.0,acquire,True,151,144
T1,RC,2349.0,2359.0,acquire,True,152,144
T1,RC,2359.0,2369.0,acquire,True,153,144
T1,RC,2369.0,2379.0,acquire,True,154,144
T1,RC,2379.0,2389.0,acquire,True,155,144
T1,RC,2389.0,2399.0,acquire,True,156,144
T1,RC,2399.0,2409.0,acquire,True,157,144
T1,RC,2409.0,2419.0,acquire,True,158,144
T1,RC,2419.0,2429.0,acquire,True,159,144
T1,RC,2429.0,2433.0,row_commit,True,144,144
T1,RC,2433.0,2463.0,anchor,True,160,160
T1,RC,2463.0,2473.0,acquire,True,160,160
T1,RC,2473.0,2483.0,acquire,True,161,160
T1,RC,2483.0,2493.0,acquire,True,162,160
T1,RC,2493.0,2503.0,acquire,True,163,160
T1,RC,2503.0,2513.0,acquire,True,164,160
T1,RC,2513.0,2523.0,acquire,True,165,160
T1,RC,2523.0,2533.0,acquire,True,166,160
T1,RC,2533.0,2543.0,acquire,True,167,160
T1,RC,2543.0,2553.0,acquire,True,168,160
T1,RC,2553.0,2563.0,acquire,True,169,160
T1,RC,2563.0,2573.0,acquire,True,170,160
T1,RC,2573.0,2583.0,acquire,True,171,160
T1,RC,2583.0,2593.0,acquire,True,172,160
T1,RC,2593.0,2603.0,acquire,True,173,160
T1,RC,2603.0,2613.0,acquire,True,174,160
T1,RC,2613.0,2623.0,acquire,True,175,160
T1,RC,2623.0,2627.0,row_commit,True,160,160
T1,RC,2627.0,2657.0,anchor,True,176,176
T1,RC,2657.0,2667.0,acquire,True,176,176
T1,RC,2667.0,2677.0,acquire,True,177,176
T1,RC,2677.0,2687.0,acquire,True,178,176
T1,RC,2687.0,2697.0,acquire,True,179,176
T1,RC,2697.0,2707.0,acquire,True,180,176
T1,RC,2707.0,2717.0,acquire,True,181,176
T1,RC,2717.0,2727.0,acquire,True,182,176
T1,RC,2727.0,2737.0,acquire,True,183,176
T1,RC,2737.0,2747.0,acquire,True,184,176
T1,RC,2747.0,2757.0,acquire,True,185,176
T1,RC,2757.0,2767.0,acquire,True,186,176
T1,RC,2767.0,2777.0,acquire,True,187,176
T1,RC,2777.0,2787.0,acquire,True,188,176
T1,RC,2787.0,2797.0,acquire,True,189,176
T1,RC,2797.0,2807.0,acquire,True,190,176
T1,RC,2807.0,2817.0,acquire,True,191,176
T1,RC,2817.0,2821.0,row_commit,True,176,176
T1,AR,0.0,120.0,home,True,,0
T1,AR,120.0,150.0,anchor,True,0,0
T1,AR,150.0,160.0,acquire,True,0,0
T1,AR,160.0,160.8,record_commit,True,0,0
T1,AR,160.8,170.8,acquire,True,1,1
T1,AR,170.8,171.6,record_commit,True,1,1
T1,AR,171.6,181.6,acquire,True,2,2
T1,AR,181.6,182.4,record_commit,True,2,2
T1,AR,182.4,192.4,acquire,True,3,3
T1,AR,192.4,193.2,record_commit,True,3,3
T1,AR,193.2,203.2,acquire,True,4,4
T1,AR,203.2,204.0,record_commit,True,4,4
T1,AR,204.0,214.0,acquire,True,5,5
T1,AR,214.0,214.8,record_commit,True,5,5
T1,AR,214.8,224.8,acquire,True,6,6
T1,AR,224.8,225.6,record_commit,True,6,6
T1,AR,225.6,235.6,acquire,True,7,7
T1,AR,235.6,236.4,record_commit,True,7,7
T1,AR,236.4,246.4,acquire,True,8,8
T1,AR,246.4,247.2,record_commit,True,8,8
T1,AR,247.2,257.2,acquire,True,9,9
T1,AR,257.2,258.0,record_commit,True,9,9
T1,AR,258.0,268.0,acquire,True,10,10
T1,AR,268.0,268.8,record_commit,True,10,10
T1,AR,268.8,278.8,acquire,True,11,11
T1,AR,278.8,279.6,record_commit,True,11,11
T1,AR,279.6,289.6,acquire,True,12,12
T1,AR,289.6,290.4,record_commit,True,12,12
T1,AR,290.4,300.4,acquire,True,13,13
T1,AR,300.4,301.2,record_commit,True,13,13
T1,AR,301.2,311.2,acquire,True,14,14
T1,AR,311.2,312.0,record_commit,True,14,14
T1,AR,312.0,322.0,acquire,True,15,15
T1,AR,322.0,322.8,record_commit,True,15,15
T1,AR,322.8,352.8,anchor,True,16,16
T1,AR,352.8,362.8,acquire,True,16,16
T1,AR,362.8,363.6,record_commit,True,16,16
T1,AR,363.6,373.6,acquire,True,17,17
T1,AR,373.6,374.4,record_commit,True,17,17
T1,AR,374.4,384.4,acquire,True,18,18
T1,AR,384.4,385.2,record_commit,True,18,18
T1,AR,385.2,395.2,acquire,True,19,19
T1,AR,395.2,396.0,record_commit,True,19,19
T1,AR,396.0,406.0,acquire,True,20,20
T1,AR,406.0,406.8,record_commit,True,20,20
T1,AR,406.8,416.8,acquire,True,21,21
T1,AR,416.8,417.6,record_commit,True,21,21
T1,AR,417.6,427.6,acquire,True,22,22
T1,AR,427.6,428.4,record_commit,True,22,22
T1,AR,428.4,438.4,acquire,True,23,23
T1,AR,438.4,439.2,record_commit,True,23,23
T1,AR,439.2,449.2,acquire,True,24,24
T1,AR,449.2,450.0,record_commit,True,24,24
T1,AR,450.0,460.0,acquire,True,25,25
T1,AR,460.0,460.8,record_commit,True,25,25
T1,AR,460.8,470.8,acquire,True,26,26
T1,AR,470.8,471.6,record_commit,True,26,26
T1,AR,471.6,481.6,acquire,True,27,27
T1,AR,481.6,482.4,record_commit,True,27,27
T1,AR,482.4,492.4,acquire,True,28,28
T1,AR,492.4,493.2,record_commit,True,28,28
T1,AR,493.2,503.2,acquire,True,29,29
T1,AR,503.2,504.0,record_commit,True,29,29
T1,AR,504.0,514.0,acquire,True,30,30
T1,AR,514.0,514.8,record_commit,True,30,30
T1,AR,514.8,524.8,acquire,True,31,31
T1,AR,524.8,525.6,record_commit,True,31,31
T1,AR,525.6,555.6,anchor,True,32,32
T1,AR,555.6,565.6,acquire,True,32,32
T1,AR,565.6,566.4,record_commit,True,32,32
T1,AR,566.4,576.4,acquire,True,33,33
T1,AR,576.4,577.2,record_commit,True,33,33
T1,AR,577.2,587.2,acquire,True,34,34
T1,AR,587.2,588.0,record_commit,True,34,34
T1,AR,588.0,598.0,acquire,True,35,35
T1,AR,598.0,598.8,record_commit,True,35,35
T1,AR,598.8,608.8,acquire,True,36,36
T1,AR,608.8,609.6,record_commit,True,36,36
T1,AR,609.6,619.6,acquire,True,37,37
T1,AR,619.6,620.0,record_commit,False,37,37
T1,AR,620.0,740.0,home,True,,37
T1,AR,740.0,744.0,lookup,True,,37
T1,AR,744.0,774.0,anchor,True,37,37
T1,AR,774.0,784.0,acquire,True,37,37
T1,AR,784.0,784.8,record_commit,True,37,37
T1,AR,784.8,794.8,acquire,True,38,38
T1,AR,794.8,795.6,record_commit,True,38,38
T1,AR,795.6,805.6,acquire,True,39,39
T1,AR,805.6,806.4,record_commit,True,39,39
T1,AR,806.4,816.4,acquire,True,40,40
T1,AR,816.4,817.2,record_commit,True,40,40
T1,AR,817.2,827.2,acquire,True,41,41
T1,AR,827.2,828.0,record_commit,True,41,41
T1,AR,828.0,838.0,acquire,True,42,42
T1,AR,838.0,838.8,record_commit,True,42,42
T1,AR,838.8,848.8,acquire,True,43,43
T1,AR,848.8,849.6,record_commit,True,43,43
T1,AR,849.6,859.6,acquire,True,44,44
T1,AR,859.6,860.4,record_commit,True,44,44
T1,AR,860.4,870.4,acquire,True,45,45
T1,AR,870.4,871.2,record_commit,True,45,45
T1,AR,871.2,881.2,acquire,True,46,46
T1,AR,881.2,882.0,record_commit,True,46,46
T1,AR,882.0,892.0,acquire,True,47,47
T1,AR,892.0,892.8,record_commit,True,47,47
T1,AR,892.8,922.8,anchor,True,48,48
T1,AR,922.8,932.8,acquire,True,48,48
T1,AR,932.8,933.6,record_commit,True,48,48
T1,AR,933.6,943.6,acquire,True,49,49
T1,AR,943.6,944.4,record_commit,True,49,49
T1,AR,944.4,954.4,acquire,True,50,50
T1,AR,954.4,955.2,record_commit,True,50,50
T1,AR,955.2,965.2,acquire,True,51,51
T1,AR,965.2,966.0,record_commit,True,51,51
T1,AR,966.0,976.0,acquire,True,52,52
T1,AR,976.0,976.8,record_commit,True,52,52
T1,AR,976.8,986.8,acquire,True,53,53
T1,AR,986.8,987.6,record_commit,True,53,53
T1,AR,987.6,997.6,acquire,True,54,54
T1,AR,997.6,998.4,record_commit,True,54,54
T1,AR,998.4,1008.4,acquire,True,55,55
T1,AR,1008.4,1009.2,record_commit,True,55,55
T1,AR,1009.2,1019.2,acquire,True,56,56
T1,AR,1019.2,1020.0,record_commit,True,56,56
T1,AR,1020.0,1030.0,acquire,True,57,57
T1,AR,1030.0,1030.8,record_commit,True,57,57
T1,AR,1030.8,1040.8,acquire,True,58,58
T1,AR,1040.8,1041.6,record_commit,True,58,58
T1,AR,1041.6,1051.6,acquire,True,59,59
T1,AR,1051.6,1052.4,record_commit,True,59,59
T1,AR,1052.4,1062.4,acquire,True,60,60
T1,AR,1062.4,1063.2,record_commit,True,60,60
T1,AR,1063.2,1073.2,acquire,True,61,61
T1,AR,1073.2,1074.0,record_commit,True,61,61
T1,AR,1074.0,1084.0,acquire,True,62,62
T1,AR,1084.0,1084.8,record_commit,True,62,62
T1,AR,1084.8,1094.8,acquire,True,63,63
T1,AR,1094.8,1095.6,record_commit,True,63,63
T1,AR,1095.6,1125.6,anchor,True,64,64
T1,AR,1125.6,1135.6,acquire,True,64,64
T1,AR,1135.6,1136.4,record_commit,True,64,64
T1,AR,1136.4,1146.4,acquire,True,65,65
T1,AR,1146.4,1147.2,record_commit,True,65,65
T1,AR,1147.2,1157.2,acquire,True,66,66
T1,AR,1157.2,1158.0,record_commit,True,66,66
T1,AR,1158.0,1168.0,acquire,True,67,67
T1,AR,1168.0,1168.8,record_commit,True,67,67
T1,AR,1168.8,1178.8,acquire,True,68,68
T1,AR,1178.8,1179.6,record_commit,True,68,68
T1,AR,1179.6,1189.6,acquire,True,69,69
T1,AR,1189.6,1190.4,record_commit,True,69,69
T1,AR,1190.4,1200.4,acquire,True,70,70
T1,AR,1200.4,1201.2,record_commit,True,70,70
T1,AR,1201.2,1211.2,acquire,True,71,71
T1,AR,1211.2,1212.0,record_commit,True,71,71
T1,AR,1212.0,1222.0,acquire,True,72,72
T1,AR,1222.0,1222.8,record_commit,True,72,72
T1,AR,1222.8,1232.8,acquire,True,73,73
T1,AR,1232.8,1233.6,record_commit,True,73,73
T1,AR,1233.6,1243.6,acquire,True,74,74
T1,AR,1243.6,1244.4,record_commit,True,74,74
T1,AR,1244.4,1254.4,acquire,True,75,75
T1,AR,1254.4,1255.2,record_commit,True,75,75
T1,AR,1255.2,1265.2,acquire,True,76,76
T1,AR,1265.2,1266.0,record_commit,True,76,76
T1,AR,1266.0,1276.0,acquire,True,77,77
T1,AR,1276.0,1276.8,record_commit,True,77,77
T1,AR,1276.8,1286.8,acquire,True,78,78
T1,AR,1286.8,1287.6,record_commit,True,78,78
T1,AR,1287.6,1297.6,acquire,True,79,79
T1,AR,1297.6,1298.4,record_commit,True,79,79
T1,AR,1298.4,1328.4,anchor,True,80,80
T1,AR,1328.4,1338.4,acquire,True,80,80
T1,AR,1338.4,1339.2,record_commit,True,80,80
T1,AR,1339.2,1349.2,acquire,True,81,81
T1,AR,1349.2,1350.0,record_commit,True,81,81
T1,AR,1350.0,1360.0,acquire,True,82,82
T1,AR,1360.0,1360.8,record_commit,True,82,82
T1,AR,1360.8,1370.8,acquire,True,83,83
T1,AR,1370.8,1371.6,record_commit,True,83,83
T1,AR,1371.6,1381.6,acquire,True,84,84
T1,AR,1381.6,1382.4,record_commit,True,84,84
T1,AR,1382.4,1392.4,acquire,True,85,85
T1,AR,1392.4,1393.2,record_commit,True,85,85
T1,AR,1393.2,1403.2,acquire,True,86,86
T1,AR,1403.2,1404.0,record_commit,True,86,86
T1,AR,1404.0,1414.0,acquire,True,87,87
T1,AR,1414.0,1414.8,record_commit,True,87,87
T1,AR,1414.8,1424.8,acquire,True,88,88
T1,AR,1424.8,1425.6,record_commit,True,88,88
T1,AR,1425.6,1435.6,acquire,True,89,89
T1,AR,1435.6,1436.4,record_commit,True,89,89
T1,AR,1436.4,1446.4,acquire,True,90,90
T1,AR,1446.4,1447.2,record_commit,True,90,90
T1,AR,1447.2,1457.2,acquire,True,91,91
T1,AR,1457.2,1458.0,record_commit,True,91,91
T1,AR,1458.0,1468.0,acquire,True,92,92
T1,AR,1468.0,1468.8,record_commit,True,92,92
T1,AR,1468.8,1478.8,acquire,True,93,93
T1,AR,1478.8,1479.6,record_commit,True,93,93
T1,AR,1479.6,1489.6,acquire,True,94,94
T1,AR,1489.6,1490.4,record_commit,True,94,94
T1,AR,1490.4,1500.4,acquire,True,95,95
T1,AR,1500.4,1501.2,record_commit,True,95,95
T1,AR,1501.2,1531.2,anchor,True,96,96
T1,AR,1531.2,1541.2,acquire,True,96,96
T1,AR,1541.2,1542.0,record_commit,True,96,96
T1,AR,1542.0,1552.0,acquire,True,97,97
T1,AR,1552.0,1552.8,record_commit,True,97,97
T1,AR,1552.8,1562.8,acquire,True,98,98
T1,AR,1562.8,1563.6,record_commit,True,98,98
T1,AR,1563.6,1573.6,acquire,True,99,99
T1,AR,1573.6,1574.4,record_commit,True,99,99
T1,AR,1574.4,1584.4,acquire,True,100,100
T1,AR,1584.4,1585.2,record_commit,True,100,100
T1,AR,1585.2,1595.2,acquire,True,101,101
T1,AR,1595.2,1596.0,record_commit,True,101,101
T1,AR,1596.0,1606.0,acquire,True,102,102
T1,AR,1606.0,1606.8,record_commit,True,102,102
T1,AR,1606.8,1616.8,acquire,True,103,103
T1,AR,1616.8,1617.6,record_commit,True,103,103
T1,AR,1617.6,1627.6,acquire,True,104,104
T1,AR,1627.6,1628.4,record_commit,True,104,104
T1,AR,1628.4,1638.4,acquire,True,105,105
T1,AR,1638.4,1639.2,record_commit,True,105,105
T1,AR,1639.2,1649.2,acquire,True,106,106
T1,AR,1649.2,1650.0,record_commit,True,106,106
T1,AR,1650.0,1660.0,acquire,True,107,107
T1,AR,1660.0,1660.8,record_commit,True,107,107
T1,AR,1660.8,1670.8,acquire,True,108,108
T1,AR,1670.8,1671.6,record_commit,True,108,108
T1,AR,1671.6,1681.6,acquire,True,109,109
T1,AR,1681.6,1682.4,record_commit,True,109,109
T1,AR,1682.4,1692.4,acquire,True,110,110
T1,AR,1692.4,1693.2,record_commit,True,110,110
T1,AR,1693.2,1703.2,acquire,True,111,111
T1,AR,1703.2,1704.0,record_commit,True,111,111
T1,AR,1704.0,1730.0,anchor,False,112,112
T1,AR,1730.0,1850.0,home,True,,112
T1,AR,1850.0,1854.0,lookup,True,,112
T1,AR,1854.0,1884.0,anchor,True,112,112
T1,AR,1884.0,1894.0,acquire,True,112,112
T1,AR,1894.0,1894.8,record_commit,True,112,112
T1,AR,1894.8,1904.8,acquire,True,113,113
T1,AR,1904.8,1905.6,record_commit,True,113,113
T1,AR,1905.6,1915.6,acquire,True,114,114
T1,AR,1915.6,1916.4,record_commit,True,114,114
T1,AR,1916.4,1926.4,acquire,True,115,115
T1,AR,1926.4,1927.2,record_commit,True,115,115
T1,AR,1927.2,1937.2,acquire,True,116,116
T1,AR,1937.2,1938.0,record_commit,True,116,116
T1,AR,1938.0,1948.0,acquire,True,117,117
T1,AR,1948.0,1948.8,record_commit,True,117,117
T1,AR,1948.8,1958.8,acquire,True,118,118
T1,AR,1958.8,1959.6,record_commit,True,118,118
T1,AR,1959.6,1969.6,acquire,True,119,119
T1,AR,1969.6,1970.4,record_commit,True,119,119
T1,AR,1970.4,1980.4,acquire,True,120,120
T1,AR,1980.4,1981.2,record_commit,True,120,120
T1,AR,1981.2,1991.2,acquire,True,121,121
T1,AR,1991.2,1992.0,record_commit,True,121,121
T1,AR,1992.0,2002.0,acquire,True,122,122
T1,AR,2002.0,2002.8,record_commit,True,122,122
T1,AR,2002.8,2012.8,acquire,True,123,123
T1,AR,2012.8,2013.6,record_commit,True,123,123
T1,AR,2013.6,2023.6,acquire,True,124,124
T1,AR,2023.6,2024.4,record_commit,True,124,124
T1,AR,2024.4,2034.4,acquire,True,125,125
T1,AR,2034.4,2035.2,record_commit,True,125,125
T1,AR,2035.2,2045.2,acquire,True,126,126
T1,AR,2045.2,2046.0,record_commit,True,126,126
T1,AR,2046.0,2056.0,acquire,True,127,127
T1,AR,2056.0,2056.8,record_commit,True,127,127
T1,AR,2056.8,2086.8,anchor,True,128,128
T1,AR,2086.8,2096.8,acquire,True,128,128
T1,AR,2096.8,2097.6,record_commit,True,128,128
T1,AR,2097.6,2107.6,acquire,True,129,129
T1,AR,2107.6,2108.4,record_commit,True,129,129
T1,AR,2108.4,2118.4,acquire,True,130,130
T1,AR,2118.4,2119.2,record_commit,True,130,130
T1,AR,2119.2,2129.2,acquire,True,131,131
T1,AR,2129.2,2130.0,record_commit,True,131,131
T1,AR,2130.0,2140.0,acquire,True,132,132
T1,AR,2140.0,2140.8,record_commit,True,132,132
T1,AR,2140.8,2150.8,acquire,True,133,133
T1,AR,2150.8,2151.6,record_commit,True,133,133
T1,AR,2151.6,2161.6,acquire,True,134,134
T1,AR,2161.6,2162.4,record_commit,True,134,134
T1,AR,2162.4,2172.4,acquire,True,135,135
T1,AR,2172.4,2173.2,record_commit,True,135,135
T1,AR,2173.2,2183.2,acquire,True,136,136
T1,AR,2183.2,2184.0,record_commit,True,136,136
T1,AR,2184.0,2194.0,acquire,True,137,137
T1,AR,2194.0,2194.8,record_commit,True,137,137
T1,AR,2194.8,2204.8,acquire,True,138,138
T1,AR,2204.8,2205.6,record_commit,True,138,138
T1,AR,2205.6,2215.6,acquire,True,139,139
T1,AR,2215.6,2216.4,record_commit,True,139,139
T1,AR,2216.4,2226.4,acquire,True,140,140
T1,AR,2226.4,2227.2,record_commit,True,140,140
T1,AR,2227.2,2237.2,acquire,True,141,141
T1,AR,2237.2,2238.0,record_commit,True,141,141
T1,AR,2238.0,2248.0,acquire,True,142,142
T1,AR,2248.0,2248.8,record_commit,True,142,142
T1,AR,2248.8,2258.8,acquire,True,143,143
T1,AR,2258.8,2259.6,record_commit,True,143,143
T1,AR,2259.6,2289.6,anchor,True,144,144
T1,AR,2289.6,2299.6,acquire,True,144,144
T1,AR,2299.6,2300.4,record_commit,True,144,144
T1,AR,2300.4,2310.4,acquire,True,145,145
T1,AR,2310.4,2311.2,record_commit,True,145,145
T1,AR,2311.2,2321.2,acquire,True,146,146
T1,AR,2321.2,2322.0,record_commit,True,146,146
T1,AR,2322.0,2332.0,acquire,True,147,147
T1,AR,2332.0,2332.8,record_commit,True,147,147
T1,AR,2332.8,2342.8,acquire,True,148,148
T1,AR,2342.8,2343.6,record_commit,True,148,148
T1,AR,2343.6,2353.6,acquire,True,149,149
T1,AR,2353.6,2354.4,record_commit,True,149,149
T1,AR,2354.4,2364.4,acquire,True,150,150
T1,AR,2364.4,2365.2,record_commit,True,150,150
T1,AR,2365.2,2375.2,acquire,True,151,151
T1,AR,2375.2,2376.0,record_commit,True,151,151
T1,AR,2376.0,2386.0,acquire,True,152,152
T1,AR,2386.0,2386.8,record_commit,True,152,152
T1,AR,2386.8,2396.8,acquire,True,153,153
T1,AR,2396.8,2397.6,record_commit,True,153,153
T1,AR,2397.6,2407.6,acquire,True,154,154
T1,AR,2407.6,2408.4,record_commit,True,154,154
T1,AR,2408.4,2418.4,acquire,True,155,155
T1,AR,2418.4,2419.2,record_commit,True,155,155
T1,AR,2419.2,2429.2,acquire,True,156,156
T1,AR,2429.2,2430.0,record_commit,True,156,156
T1,AR,2430.0,2440.0,acquire,True,157,157
T1,AR,2440.0,2440.8,record_commit,True,157,157
T1,AR,2440.8,2450.8,acquire,True,158,158
T1,AR,2450.8,2451.6,record_commit,True,158,158
T1,AR,2451.6,2461.6,acquire,True,159,159
T1,AR,2461.6,2462.4,record_commit,True,159,159
T1,AR,2462.4,2492.4,anchor,True,160,160
T1,AR,2492.4,2502.4,acquire,True,160,160
T1,AR,2502.4,2503.2,record_commit,True,160,160
T1,AR,2503.2,2513.2,acquire,True,161,161
T1,AR,2513.2,2514.0,record_commit,True,161,161
T1,AR,2514.0,2524.0,acquire,True,162,162
T1,AR,2524.0,2524.8,record_commit,True,162,162
T1,AR,2524.8,2534.8,acquire,True,163,163
T1,AR,2534.8,2535.6,record_commit,True,163,163
T1,AR,2535.6,2545.6,acquire,True,164,164
T1,AR,2545.6,2546.4,record_commit,True,164,164
T1,AR,2546.4,2556.4,acquire,True,165,165
T1,AR,2556.4,2557.2,record_commit,True,165,165
T1,AR,2557.2,2567.2,acquire,True,166,166
T1,AR,2567.2,2568.0,record_commit,True,166,166
T1,AR,2568.0,2578.0,acquire,True,167,167
T1,AR,2578.0,2578.8,record_commit,True,167,167
T1,AR,2578.8,2588.8,acquire,True,168,168
T1,AR,2588.8,2589.6,record_commit,True,168,168
T1,AR,2589.6,2599.6,acquire,True,169,169
T1,AR,2599.6,2600.4,record_commit,True,169,169
T1,AR,2600.4,2610.4,acquire,True,170,170
T1,AR,2610.4,2611.2,record_commit,True,170,170
T1,AR,2611.2,2621.2,acquire,True,171,171
T1,AR,2621.2,2622.0,record_commit,True,171,171
T1,AR,2622.0,2632.0,acquire,True,172,172
T1,AR,2632.0,2632.8,record_commit,True,172,172
T1,AR,2632.8,2642.8,acquire,True,173,173
T1,AR,2642.8,2643.6,record_commit,True,173,173
T1,AR,2643.6,2653.6,acquire,True,174,174
T1,AR,2653.6,2654.4,record_commit,True,174,174
T1,AR,2654.4,2664.4,acquire,True,175,175
T1,AR,2664.4,2665.2,record_commit,True,175,175
T1,AR,2665.2,2695.2,anchor,True,176,176
T1,AR,2695.2,2705.2,acquire,True,176,176
T1,AR,2705.2,2706.0,record_commit,True,176,176
T1,AR,2706.0,2716.0,acquire,True,177,177
T1,AR,2716.0,2716.8,record_commit,True,177,177
T1,AR,2716.8,2726.8,acquire,True,178,178
T1,AR,2726.8,2727.6,record_commit,True,178,178
T1,AR,2727.6,2737.6,acquire,True,179,179
T1,AR,2737.6,2738.4,record_commit,True,179,179
T1,AR,2738.4,2748.4,acquire,True,180,180
T1,AR,2748.4,2749.2,record_commit,True,180,180
T1,AR,2749.2,2759.2,acquire,True,181,181
T1,AR,2759.2,2760.0,record_commit,True,181,181
T1,AR,2760.0,2770.0,acquire,True,182,182
T1,AR,2770.0,2770.8,record_commit,True,182,182
T1,AR,2770.8,2780.8,acquire,True,183,183
T1,AR,2780.8,2781.6,record_commit,True,183,183
T1,AR,2781.6,2791.6,acquire,True,184,184
T1,AR,2791.6,2792.4,record_commit,True,184,184
T1,AR,2792.4,2802.4,acquire,True,185,185
T1,AR,2802.4,2803.2,record_commit,True,185,185
T1,AR,2803.2,2813.2,acquire,True,186,186
T1,AR,2813.2,2814.0,record_commit,True,186,186
T1,AR,2814.0,2824.0,acquire,True,187,187
T1,AR,2824.0,2824.8,record_commit,True,187,187
T1,AR,2824.8,2834.8,acquire,True,188,188
T1,AR,2834.8,2835.6,record_commit,True,188,188
T1,AR,2835.6,2845.6,acquire,True,189,189
T1,AR,2845.6,2846.4,record_commit,True,189,189
T1,AR,2846.4,2856.4,acquire,True,190,190
T1,AR,2856.4,2857.2,record_commit,True,190,190
T1,AR,2857.2,2867.2,acquire,True,191,191
T1,AR,2867.2,2868.0,record_commit,True,191,191
T1,BS,0.0,120.0,home,True,,0
T1,BS,120.0,150.0,anchor,True,0,0
T1,BS,150.0,160.0,acquire,True,0,0
T1,BS,160.0,170.0,acquire,True,1,0
T1,BS,170.0,180.0,acquire,True,2,0
T1,BS,180.0,190.0,acquire,True,3,0
T1,BS,190.0,192.0,block_seal,True,0,0
T1,BS,192.0,202.0,acquire,True,4,4
T1,BS,202.0,212.0,acquire,True,5,4
T1,BS,212.0,222.0,acquire,True,6,4
T1,BS,222.0,232.0,acquire,True,7,4
T1,BS,232.0,234.0,block_seal,True,4,4
T1,BS,234.0,244.0,acquire,True,8,8
T1,BS,244.0,254.0,acquire,True,9,8
T1,BS,254.0,264.0,acquire,True,10,8
T1,BS,264.0,274.0,acquire,True,11,8
T1,BS,274.0,276.0,block_seal,True,8,8
T1,BS,276.0,286.0,acquire,True,12,12
T1,BS,286.0,296.0,acquire,True,13,12
T1,BS,296.0,306.0,acquire,True,14,12
T1,BS,306.0,316.0,acquire,True,15,12
T1,BS,316.0,318.0,block_seal,True,12,12
T1,BS,318.0,319.0,row_checkpoint,True,,16
T1,BS,319.0,349.0,anchor,True,16,16
T1,BS,349.0,359.0,acquire,True,16,16
T1,BS,359.0,369.0,acquire,True,17,16
T1,BS,369.0,379.0,acquire,True,18,16
T1,BS,379.0,389.0,acquire,True,19,16
T1,BS,389.0,391.0,block_seal,True,16,16
T1,BS,391.0,401.0,acquire,True,20,20
T1,BS,401.0,411.0,acquire,True,21,20
T1,BS,411.0,421.0,acquire,True,22,20
T1,BS,421.0,431.0,acquire,True,23,20
T1,BS,431.0,433.0,block_seal,True,20,20
T1,BS,433.0,443.0,acquire,True,24,24
T1,BS,443.0,453.0,acquire,True,25,24
T1,BS,453.0,463.0,acquire,True,26,24
T1,BS,463.0,473.0,acquire,True,27,24
T1,BS,473.0,475.0,block_seal,True,24,24
T1,BS,475.0,485.0,acquire,True,28,28
T1,BS,485.0,495.0,acquire,True,29,28
T1,BS,495.0,505.0,acquire,True,30,28
T1,BS,505.0,515.0,acquire,True,31,28
T1,BS,515.0,517.0,block_seal,True,28,28
T1,BS,517.0,518.0,row_checkpoint,True,,32
T1,BS,518.0,548.0,anchor,True,32,32
T1,BS,548.0,558.0,acquire,True,32,32
T1,BS,558.0,568.0,acquire,True,33,32
T1,BS,568.0,578.0,acquire,True,34,32
T1,BS,578.0,588.0,acquire,True,35,32
T1,BS,588.0,590.0,block_seal,True,32,32
T1,BS,590.0,600.0,acquire,True,36,36
T1,BS,600.0,610.0,acquire,True,37,36
T1,BS,610.0,620.0,acquire,False,38,36
T1,BS,620.0,740.0,home,True,,36
T1,BS,740.0,746.0,lookup,True,,36
T1,BS,746.0,776.0,anchor,True,36,36
T1,BS,776.0,786.0,acquire,True,36,36
T1,BS,786.0,796.0,acquire,True,37,36
T1,BS,796.0,806.0,acquire,True,38,36
T1,BS,806.0,816.0,acquire,True,39,36
T1,BS,816.0,818.0,block_seal,True,36,36
T1,BS,818.0,828.0,acquire,True,40,40
T1,BS,828.0,838.0,acquire,True,41,40
T1,BS,838.0,848.0,acquire,True,42,40
T1,BS,848.0,858.0,acquire,True,43,40
T1,BS,858.0,860.0,block_seal,True,40,40
T1,BS,860.0,870.0,acquire,True,44,44
T1,BS,870.0,880.0,acquire,True,45,44
T1,BS,880.0,890.0,acquire,True,46,44
T1,BS,890.0,900.0,acquire,True,47,44
T1,BS,900.0,902.0,block_seal,True,44,44
T1,BS,902.0,903.0,row_checkpoint,True,,48
T1,BS,903.0,933.0,anchor,True,48,48
T1,BS,933.0,943.0,acquire,True,48,48
T1,BS,943.0,953.0,acquire,True,49,48
T1,BS,953.0,963.0,acquire,True,50,48
T1,BS,963.0,973.0,acquire,True,51,48
T1,BS,973.0,975.0,block_seal,True,48,48
T1,BS,975.0,985.0,acquire,True,52,52
T1,BS,985.0,995.0,acquire,True,53,52
T1,BS,995.0,1005.0,acquire,True,54,52
T1,BS,1005.0,1015.0,acquire,True,55,52
T1,BS,1015.0,1017.0,block_seal,True,52,52
T1,BS,1017.0,1027.0,acquire,True,56,56
T1,BS,1027.0,1037.0,acquire,True,57,56
T1,BS,1037.0,1047.0,acquire,True,58,56
T1,BS,1047.0,1057.0,acquire,True,59,56
T1,BS,1057.0,1059.0,block_seal,True,56,56
T1,BS,1059.0,1069.0,acquire,True,60,60
T1,BS,1069.0,1079.0,acquire,True,61,60
T1,BS,1079.0,1089.0,acquire,True,62,60
T1,BS,1089.0,1099.0,acquire,True,63,60
T1,BS,1099.0,1101.0,block_seal,True,60,60
T1,BS,1101.0,1102.0,row_checkpoint,True,,64
T1,BS,1102.0,1132.0,anchor,True,64,64
T1,BS,1132.0,1142.0,acquire,True,64,64
T1,BS,1142.0,1152.0,acquire,True,65,64
T1,BS,1152.0,1162.0,acquire,True,66,64
T1,BS,1162.0,1172.0,acquire,True,67,64
T1,BS,1172.0,1174.0,block_seal,True,64,64
T1,BS,1174.0,1184.0,acquire,True,68,68
T1,BS,1184.0,1194.0,acquire,True,69,68
T1,BS,1194.0,1204.0,acquire,True,70,68
T1,BS,1204.0,1214.0,acquire,True,71,68
T1,BS,1214.0,1216.0,block_seal,True,68,68
T1,BS,1216.0,1226.0,acquire,True,72,72
T1,BS,1226.0,1236.0,acquire,True,73,72
T1,BS,1236.0,1246.0,acquire,True,74,72
T1,BS,1246.0,1256.0,acquire,True,75,72
T1,BS,1256.0,1258.0,block_seal,True,72,72
T1,BS,1258.0,1268.0,acquire,True,76,76
T1,BS,1268.0,1278.0,acquire,True,77,76
T1,BS,1278.0,1288.0,acquire,True,78,76
T1,BS,1288.0,1298.0,acquire,True,79,76
T1,BS,1298.0,1300.0,block_seal,True,76,76
T1,BS,1300.0,1301.0,row_checkpoint,True,,80
T1,BS,1301.0,1331.0,anchor,True,80,80
T1,BS,1331.0,1341.0,acquire,True,80,80
T1,BS,1341.0,1351.0,acquire,True,81,80
T1,BS,1351.0,1361.0,acquire,True,82,80
T1,BS,1361.0,1371.0,acquire,True,83,80
T1,BS,1371.0,1373.0,block_seal,True,80,80
T1,BS,1373.0,1383.0,acquire,True,84,84
T1,BS,1383.0,1393.0,acquire,True,85,84
T1,BS,1393.0,1403.0,acquire,True,86,84
T1,BS,1403.0,1413.0,acquire,True,87,84
T1,BS,1413.0,1415.0,block_seal,True,84,84
T1,BS,1415.0,1425.0,acquire,True,88,88
T1,BS,1425.0,1435.0,acquire,True,89,88
T1,BS,1435.0,1445.0,acquire,True,90,88
T1,BS,1445.0,1455.0,acquire,True,91,88
T1,BS,1455.0,1457.0,block_seal,True,88,88
T1,BS,1457.0,1467.0,acquire,True,92,92
T1,BS,1467.0,1477.0,acquire,True,93,92
T1,BS,1477.0,1487.0,acquire,True,94,92
T1,BS,1487.0,1497.0,acquire,True,95,92
T1,BS,1497.0,1499.0,block_seal,True,92,92
T1,BS,1499.0,1500.0,row_checkpoint,True,,96
T1,BS,1500.0,1530.0,anchor,True,96,96
T1,BS,1530.0,1540.0,acquire,True,96,96
T1,BS,1540.0,1550.0,acquire,True,97,96
T1,BS,1550.0,1560.0,acquire,True,98,96
T1,BS,1560.0,1570.0,acquire,True,99,96
T1,BS,1570.0,1572.0,block_seal,True,96,96
T1,BS,1572.0,1582.0,acquire,True,100,100
T1,BS,1582.0,1592.0,acquire,True,101,100
T1,BS,1592.0,1602.0,acquire,True,102,100
T1,BS,1602.0,1612.0,acquire,True,103,100
T1,BS,1612.0,1614.0,block_seal,True,100,100
T1,BS,1614.0,1624.0,acquire,True,104,104
T1,BS,1624.0,1634.0,acquire,True,105,104
T1,BS,1634.0,1644.0,acquire,True,106,104
T1,BS,1644.0,1654.0,acquire,True,107,104
T1,BS,1654.0,1656.0,block_seal,True,104,104
T1,BS,1656.0,1666.0,acquire,True,108,108
T1,BS,1666.0,1676.0,acquire,True,109,108
T1,BS,1676.0,1686.0,acquire,True,110,108
T1,BS,1686.0,1696.0,acquire,True,111,108
T1,BS,1696.0,1698.0,block_seal,True,108,108
T1,BS,1698.0,1699.0,row_checkpoint,True,,112
T1,BS,1699.0,1729.0,anchor,True,112,112
T1,BS,1729.0,1730.0,acquire,False,112,112
T1,BS,1730.0,1850.0,home,True,,112
T1,BS,1850.0,1856.0,lookup,True,,112
T1,BS,1856.0,1886.0,anchor,True,112,112
T1,BS,1886.0,1896.0,acquire,True,112,112
T1,BS,1896.0,1906.0,acquire,True,113,112
T1,BS,1906.0,1916.0,acquire,True,114,112
T1,BS,1916.0,1926.0,acquire,True,115,112
T1,BS,1926.0,1928.0,block_seal,True,112,112
T1,BS,1928.0,1938.0,acquire,True,116,116
T1,BS,1938.0,1948.0,acquire,True,117,116
T1,BS,1948.0,1958.0,acquire,True,118,116
T1,BS,1958.0,1968.0,acquire,True,119,116
T1,BS,1968.0,1970.0,block_seal,True,116,116
T1,BS,1970.0,1980.0,acquire,True,120,120
T1,BS,1980.0,1990.0,acquire,True,121,120
T1,BS,1990.0,2000.0,acquire,True,122,120
T1,BS,2000.0,2010.0,acquire,True,123,120
T1,BS,2010.0,2012.0,block_seal,True,120,120
T1,BS,2012.0,2022.0,acquire,True,124,124
T1,BS,2022.0,2032.0,acquire,True,125,124
T1,BS,2032.0,2042.0,acquire,True,126,124
T1,BS,2042.0,2052.0,acquire,True,127,124
T1,BS,2052.0,2054.0,block_seal,True,124,124
T1,BS,2054.0,2055.0,row_checkpoint,True,,128
T1,BS,2055.0,2085.0,anchor,True,128,128
T1,BS,2085.0,2095.0,acquire,True,128,128
T1,BS,2095.0,2105.0,acquire,True,129,128
T1,BS,2105.0,2115.0,acquire,True,130,128
T1,BS,2115.0,2125.0,acquire,True,131,128
T1,BS,2125.0,2127.0,block_seal,True,128,128
T1,BS,2127.0,2137.0,acquire,True,132,132
T1,BS,2137.0,2147.0,acquire,True,133,132
T1,BS,2147.0,2157.0,acquire,True,134,132
T1,BS,2157.0,2167.0,acquire,True,135,132
T1,BS,2167.0,2169.0,block_seal,True,132,132
T1,BS,2169.0,2179.0,acquire,True,136,136
T1,BS,2179.0,2189.0,acquire,True,137,136
T1,BS,2189.0,2199.0,acquire,True,138,136
T1,BS,2199.0,2209.0,acquire,True,139,136
T1,BS,2209.0,2211.0,block_seal,True,136,136
T1,BS,2211.0,2221.0,acquire,True,140,140
T1,BS,2221.0,2231.0,acquire,True,141,140
T1,BS,2231.0,2241.0,acquire,True,142,140
T1,BS,2241.0,2251.0,acquire,True,143,140
T1,BS,2251.0,2253.0,block_seal,True,140,140
T1,BS,2253.0,2254.0,row_checkpoint,True,,144
T1,BS,2254.0,2284.0,anchor,True,144,144
T1,BS,2284.0,2294.0,acquire,True,144,144
T1,BS,2294.0,2304.0,acquire,True,145,144
T1,BS,2304.0,2314.0,acquire,True,146,144
T1,BS,2314.0,2324.0,acquire,True,147,144
T1,BS,2324.0,2326.0,block_seal,True,144,144
T1,BS,2326.0,2336.0,acquire,True,148,148
T1,BS,2336.0,2346.0,acquire,True,149,148
T1,BS,2346.0,2356.0,acquire,True,150,148
T1,BS,2356.0,2366.0,acquire,True,151,148
T1,BS,2366.0,2368.0,block_seal,True,148,148
T1,BS,2368.0,2378.0,acquire,True,152,152
T1,BS,2378.0,2388.0,acquire,True,153,152
T1,BS,2388.0,2398.0,acquire,True,154,152
T1,BS,2398.0,2408.0,acquire,True,155,152
T1,BS,2408.0,2410.0,block_seal,True,152,152
T1,BS,2410.0,2420.0,acquire,True,156,156
T1,BS,2420.0,2430.0,acquire,True,157,156
T1,BS,2430.0,2440.0,acquire,True,158,156
T1,BS,2440.0,2450.0,acquire,True,159,156
T1,BS,2450.0,2452.0,block_seal,True,156,156
T1,BS,2452.0,2453.0,row_checkpoint,True,,160
T1,BS,2453.0,2483.0,anchor,True,160,160
T1,BS,2483.0,2493.0,acquire,True,160,160
T1,BS,2493.0,2503.0,acquire,True,161,160
T1,BS,2503.0,2513.0,acquire,True,162,160
T1,BS,2513.0,2523.0,acquire,True,163,160
T1,BS,2523.0,2525.0,block_seal,True,160,160
T1,BS,2525.0,2535.0,acquire,True,164,164
T1,BS,2535.0,2545.0,acquire,True,165,164
T1,BS,2545.0,2555.0,acquire,True,166,164
T1,BS,2555.0,2565.0,acquire,True,167,164
T1,BS,2565.0,2567.0,block_seal,True,164,164
T1,BS,2567.0,2577.0,acquire,True,168,168
T1,BS,2577.0,2587.0,acquire,True,169,168
T1,BS,2587.0,2597.0,acquire,True,170,168
T1,BS,2597.0,2607.0,acquire,True,171,168
T1,BS,2607.0,2609.0,block_seal,True,168,168
T1,BS,2609.0,2619.0,acquire,True,172,172
T1,BS,2619.0,2629.0,acquire,True,173,172
T1,BS,2629.0,2639.0,acquire,True,174,172
T1,BS,2639.0,2649.0,acquire,True,175,172
T1,BS,2649.0,2651.0,block_seal,True,172,172
T1,BS,2651.0,2652.0,row_checkpoint,True,,176
T1,BS,2652.0,2682.0,anchor,True,176,176
T1,BS,2682.0,2692.0,acquire,True,176,176
T1,BS,2692.0,2702.0,acquire,True,177,176
T1,BS,2702.0,2712.0,acquire,True,178,176
T1,BS,2712.0,2722.0,acquire,True,179,176
T1,BS,2722.0,2724.0,block_seal,True,176,176
T1,BS,2724.0,2734.0,acquire,True,180,180
T1,BS,2734.0,2744.0,acquire,True,181,180
T1,BS,2744.0,2754.0,acquire,True,182,180
T1,BS,2754.0,2764.0,acquire,True,183,180
T1,BS,2764.0,2766.0,block_seal,True,180,180
T1,BS,2766.0,2776.0,acquire,True,184,184
T1,BS,2776.0,2786.0,acquire,True,185,184
T1,BS,2786.0,2796.0,acquire,True,186,184
T1,BS,2796.0,2806.0,acquire,True,187,184
T1,BS,2806.0,2808.0,block_seal,True,184,184
T1,BS,2808.0,2818.0,acquire,True,188,188
T1,BS,2818.0,2828.0,acquire,True,189,188
T1,BS,2828.0,2838.0,acquire,True,190,188
T1,BS,2838.0,2848.0,acquire,True,191,188
T1,BS,2848.0,2850.0,block_seal,True,188,188
T1,BS,2850.0,2851.0,row_checkpoint,True,,192
T2,RC,0.0,120.0,home,True,,0
T2,RC,120.0,150.0,anchor,True,0,0
T2,RC,150.0,160.0,acquire,True,0,0
T2,RC,160.0,170.0,acquire,True,1,0
T2,RC,170.0,180.0,acquire,True,2,0
T2,RC,180.0,190.0,acquire,True,3,0
T2,RC,190.0,200.0,acquire,True,4,0
T2,RC,200.0,210.0,acquire,True,5,0
T2,RC,210.0,220.0,acquire,True,6,0
T2,RC,220.0,230.0,acquire,True,7,0
T2,RC,230.0,240.0,acquire,True,8,0
T2,RC,240.0,250.0,acquire,True,9,0
T2,RC,250.0,260.0,acquire,True,10,0
T2,RC,260.0,270.0,acquire,True,11,0
T2,RC,270.0,280.0,acquire,True,12,0
T2,RC,280.0,290.0,acquire,True,13,0
T2,RC,290.0,300.0,acquire,True,14,0
T2,RC,300.0,310.0,acquire,True,15,0
T2,RC,310.0,314.0,row_commit,True,0,0
T2,RC,314.0,344.0,anchor,True,16,16
T2,RC,344.0,354.0,acquire,True,16,16
T2,RC,354.0,364.0,acquire,True,17,16
T2,RC,364.0,374.0,acquire,True,18,16
T2,RC,374.0,384.0,acquire,True,19,16
T2,RC,384.0,394.0,acquire,True,20,16
T2,RC,394.0,404.0,acquire,True,21,16
T2,RC,404.0,414.0,acquire,True,22,16
T2,RC,414.0,424.0,acquire,True,23,16
T2,RC,424.0,434.0,acquire,True,24,16
T2,RC,434.0,444.0,acquire,True,25,16
T2,RC,444.0,454.0,acquire,True,26,16
T2,RC,454.0,464.0,acquire,True,27,16
T2,RC,464.0,474.0,acquire,True,28,16
T2,RC,474.0,484.0,acquire,True,29,16
T2,RC,484.0,494.0,acquire,True,30,16
T2,RC,494.0,504.0,acquire,True,31,16
T2,RC,504.0,508.0,row_commit,True,16,16
T2,RC,508.0,538.0,anchor,True,32,32
T2,RC,538.0,548.0,acquire,True,32,32
T2,RC,548.0,558.0,acquire,True,33,32
T2,RC,558.0,568.0,acquire,True,34,32
T2,RC,568.0,578.0,acquire,True,35,32
T2,RC,578.0,588.0,acquire,True,36,32
T2,RC,588.0,598.0,acquire,True,37,32
T2,RC,598.0,608.0,acquire,True,38,32
T2,RC,608.0,618.0,acquire,True,39,32
T2,RC,618.0,628.0,acquire,True,40,32
T2,RC,628.0,638.0,acquire,True,41,32
T2,RC,638.0,648.0,acquire,True,42,32
T2,RC,648.0,658.0,acquire,True,43,32
T2,RC,658.0,668.0,acquire,True,44,32
T2,RC,668.0,678.0,acquire,True,45,32
T2,RC,678.0,688.0,acquire,True,46,32
T2,RC,688.0,698.0,acquire,True,47,32
T2,RC,698.0,702.0,row_commit,True,32,32
T2,RC,702.0,732.0,anchor,True,48,48
T2,RC,732.0,742.0,acquire,True,48,48
T2,RC,742.0,752.0,acquire,True,49,48
T2,RC,752.0,762.0,acquire,True,50,48
T2,RC,762.0,772.0,acquire,True,51,48
T2,RC,772.0,782.0,acquire,True,52,48
T2,RC,782.0,792.0,acquire,True,53,48
T2,RC,792.0,802.0,acquire,True,54,48
T2,RC,802.0,812.0,acquire,True,55,48
T2,RC,812.0,822.0,acquire,True,56,48
T2,RC,822.0,832.0,acquire,True,57,48
T2,RC,832.0,842.0,acquire,True,58,48
T2,RC,842.0,852.0,acquire,True,59,48
T2,RC,852.0,862.0,acquire,True,60,48
T2,RC,862.0,872.0,acquire,True,61,48
T2,RC,872.0,882.0,acquire,True,62,48
T2,RC,882.0,892.0,acquire,True,63,48
T2,RC,892.0,896.0,row_commit,True,48,48
T2,RC,896.0,926.0,anchor,True,64,64
T2,RC,926.0,936.0,acquire,True,64,64
T2,RC,936.0,946.0,acquire,True,65,64
T2,RC,946.0,956.0,acquire,True,66,64
T2,RC,956.0,966.0,acquire,True,67,64
T2,RC,966.0,976.0,acquire,True,68,64
T2,RC,976.0,986.0,acquire,True,69,64
T2,RC,986.0,996.0,acquire,True,70,64
T2,RC,996.0,1006.0,acquire,True,71,64
T2,RC,1006.0,1016.0,acquire,True,72,64
T2,RC,1016.0,1026.0,acquire,True,73,64
T2,RC,1026.0,1036.0,acquire,True,74,64
T2,RC,1036.0,1046.0,acquire,True,75,64
T2,RC,1046.0,1056.0,acquire,True,76,64
T2,RC,1056.0,1066.0,acquire,True,77,64
T2,RC,1066.0,1076.0,acquire,True,78,64
T2,RC,1076.0,1086.0,acquire,True,79,64
T2,RC,1086.0,1090.0,row_commit,True,64,64
T2,RC,1090.0,1110.0,anchor,False,80,80
T2,RC,1110.0,1230.0,home,True,,80
T2,RC,1230.0,1231.0,lookup,True,,80
T2,RC,1231.0,1261.0,anchor,True,80,80
T2,RC,1261.0,1271.0,acquire,True,80,80
T2,RC,1271.0,1281.0,acquire,True,81,80
T2,RC,1281.0,1291.0,acquire,True,82,80
T2,RC,1291.0,1301.0,acquire,True,83,80
T2,RC,1301.0,1311.0,acquire,True,84,80
T2,RC,1311.0,1321.0,acquire,True,85,80
T2,RC,1321.0,1331.0,acquire,True,86,80
T2,RC,1331.0,1341.0,acquire,True,87,80
T2,RC,1341.0,1351.0,acquire,True,88,80
T2,RC,1351.0,1361.0,acquire,True,89,80
T2,RC,1361.0,1371.0,acquire,True,90,80
T2,RC,1371.0,1381.0,acquire,True,91,80
T2,RC,1381.0,1391.0,acquire,True,92,80
T2,RC,1391.0,1401.0,acquire,True,93,80
T2,RC,1401.0,1411.0,acquire,True,94,80
T2,RC,1411.0,1421.0,acquire,True,95,80
T2,RC,1421.0,1425.0,row_commit,True,80,80
T2,RC,1425.0,1455.0,anchor,True,96,96
T2,RC,1455.0,1465.0,acquire,True,96,96
T2,RC,1465.0,1475.0,acquire,True,97,96
T2,RC,1475.0,1485.0,acquire,True,98,96
T2,RC,1485.0,1495.0,acquire,True,99,96
T2,RC,1495.0,1505.0,acquire,True,100,96
T2,RC,1505.0,1515.0,acquire,True,101,96
T2,RC,1515.0,1525.0,acquire,True,102,96
T2,RC,1525.0,1535.0,acquire,True,103,96
T2,RC,1535.0,1545.0,acquire,True,104,96
T2,RC,1545.0,1555.0,acquire,True,105,96
T2,RC,1555.0,1565.0,acquire,True,106,96
T2,RC,1565.0,1575.0,acquire,True,107,96
T2,RC,1575.0,1585.0,acquire,True,108,96
T2,RC,1585.0,1595.0,acquire,True,109,96
T2,RC,1595.0,1605.0,acquire,True,110,96
T2,RC,1605.0,1615.0,acquire,True,111,96
T2,RC,1615.0,1619.0,row_commit,True,96,96
T2,RC,1619.0,1649.0,anchor,True,112,112
T2,RC,1649.0,1659.0,acquire,True,112,112
T2,RC,1659.0,1669.0,acquire,True,113,112
T2,RC,1669.0,1679.0,acquire,True,114,112
T2,RC,1679.0,1689.0,acquire,True,115,112
T2,RC,1689.0,1699.0,acquire,True,116,112
T2,RC,1699.0,1709.0,acquire,True,117,112
T2,RC,1709.0,1719.0,acquire,True,118,112
T2,RC,1719.0,1729.0,acquire,True,119,112
T2,RC,1729.0,1739.0,acquire,True,120,112
T2,RC,1739.0,1749.0,acquire,True,121,112
T2,RC,1749.0,1759.0,acquire,True,122,112
T2,RC,1759.0,1769.0,acquire,True,123,112
T2,RC,1769.0,1779.0,acquire,True,124,112
T2,RC,1779.0,1789.0,acquire,True,125,112
T2,RC,1789.0,1799.0,acquire,True,126,112
T2,RC,1799.0,1809.0,acquire,True,127,112
T2,RC,1809.0,1813.0,row_commit,True,112,112
T2,RC,1813.0,1843.0,anchor,True,128,128
T2,RC,1843.0,1853.0,acquire,True,128,128
T2,RC,1853.0,1863.0,acquire,True,129,128
T2,RC,1863.0,1873.0,acquire,True,130,128
T2,RC,1873.0,1883.0,acquire,True,131,128
T2,RC,1883.0,1893.0,acquire,True,132,128
T2,RC,1893.0,1903.0,acquire,True,133,128
T2,RC,1903.0,1913.0,acquire,True,134,128
T2,RC,1913.0,1923.0,acquire,True,135,128
T2,RC,1923.0,1933.0,acquire,True,136,128
T2,RC,1933.0,1943.0,acquire,True,137,128
T2,RC,1943.0,1953.0,acquire,True,138,128
T2,RC,1953.0,1963.0,acquire,True,139,128
T2,RC,1963.0,1973.0,acquire,True,140,128
T2,RC,1973.0,1983.0,acquire,True,141,128
T2,RC,1983.0,1993.0,acquire,True,142,128
T2,RC,1993.0,2003.0,acquire,True,143,128
T2,RC,2003.0,2007.0,row_commit,True,128,128
T2,RC,2007.0,2037.0,anchor,True,144,144
T2,RC,2037.0,2047.0,acquire,True,144,144
T2,RC,2047.0,2057.0,acquire,True,145,144
T2,RC,2057.0,2067.0,acquire,True,146,144
T2,RC,2067.0,2077.0,acquire,True,147,144
T2,RC,2077.0,2087.0,acquire,True,148,144
T2,RC,2087.0,2097.0,acquire,True,149,144
T2,RC,2097.0,2107.0,acquire,True,150,144
T2,RC,2107.0,2110.0,acquire,False,151,144
T2,RC,2110.0,2230.0,home,True,,144
T2,RC,2230.0,2231.0,lookup,True,,144
T2,RC,2231.0,2261.0,anchor,True,144,144
T2,RC,2261.0,2271.0,acquire,True,144,144
T2,RC,2271.0,2281.0,acquire,True,145,144
T2,RC,2281.0,2291.0,acquire,True,146,144
T2,RC,2291.0,2301.0,acquire,True,147,144
T2,RC,2301.0,2311.0,acquire,True,148,144
T2,RC,2311.0,2321.0,acquire,True,149,144
T2,RC,2321.0,2331.0,acquire,True,150,144
T2,RC,2331.0,2341.0,acquire,True,151,144
T2,RC,2341.0,2351.0,acquire,True,152,144
T2,RC,2351.0,2361.0,acquire,True,153,144
T2,RC,2361.0,2371.0,acquire,True,154,144
T2,RC,2371.0,2381.0,acquire,True,155,144
T2,RC,2381.0,2391.0,acquire,True,156,144
T2,RC,2391.0,2401.0,acquire,True,157,144
T2,RC,2401.0,2411.0,acquire,True,158,144
T2,RC,2411.0,2421.0,acquire,True,159,144
T2,RC,2421.0,2425.0,row_commit,True,144,144
T2,RC,2425.0,2455.0,anchor,True,160,160
T2,RC,2455.0,2465.0,acquire,True,160,160
T2,RC,2465.0,2475.0,acquire,True,161,160
T2,RC,2475.0,2485.0,acquire,True,162,160
T2,RC,2485.0,2495.0,acquire,True,163,160
T2,RC,2495.0,2505.0,acquire,True,164,160
T2,RC,2505.0,2515.0,acquire,True,165,160
T2,RC,2515.0,2525.0,acquire,True,166,160
T2,RC,2525.0,2535.0,acquire,True,167,160
T2,RC,2535.0,2545.0,acquire,True,168,160
T2,RC,2545.0,2555.0,acquire,True,169,160
T2,RC,2555.0,2565.0,acquire,True,170,160
T2,RC,2565.0,2575.0,acquire,True,171,160
T2,RC,2575.0,2585.0,acquire,True,172,160
T2,RC,2585.0,2595.0,acquire,True,173,160
T2,RC,2595.0,2605.0,acquire,True,174,160
T2,RC,2605.0,2615.0,acquire,True,175,160
T2,RC,2615.0,2619.0,row_commit,True,160,160
T2,RC,2619.0,2649.0,anchor,True,176,176
T2,RC,2649.0,2659.0,acquire,True,176,176
T2,RC,2659.0,2669.0,acquire,True,177,176
T2,RC,2669.0,2679.0,acquire,True,178,176
T2,RC,2679.0,2689.0,acquire,True,179,176
T2,RC,2689.0,2699.0,acquire,True,180,176
T2,RC,2699.0,2709.0,acquire,True,181,176
T2,RC,2709.0,2719.0,acquire,True,182,176
T2,RC,2719.0,2729.0,acquire,True,183,176
T2,RC,2729.0,2739.0,acquire,True,184,176
T2,RC,2739.0,2749.0,acquire,True,185,176
T2,RC,2749.0,2759.0,acquire,True,186,176
T2,RC,2759.0,2769.0,acquire,True,187,176
T2,RC,2769.0,2779.0,acquire,True,188,176
T2,RC,2779.0,2789.0,acquire,True,189,176
T2,RC,2789.0,2799.0,acquire,True,190,176
T2,RC,2799.0,2809.0,acquire,True,191,176
T2,RC,2809.0,2813.0,row_commit,True,176,176
T2,AR,0.0,120.0,home,True,,0
T2,AR,120.0,150.0,anchor,True,0,0
T2,AR,150.0,160.0,acquire,True,0,0
T2,AR,160.0,160.8,record_commit,True,0,0
T2,AR,160.8,170.8,acquire,True,1,1
T2,AR,170.8,171.6,record_commit,True,1,1
T2,AR,171.6,181.6,acquire,True,2,2
T2,AR,181.6,182.4,record_commit,True,2,2
T2,AR,182.4,192.4,acquire,True,3,3
T2,AR,192.4,193.2,record_commit,True,3,3
T2,AR,193.2,203.2,acquire,True,4,4
T2,AR,203.2,204.0,record_commit,True,4,4
T2,AR,204.0,214.0,acquire,True,5,5
T2,AR,214.0,214.8,record_commit,True,5,5
T2,AR,214.8,224.8,acquire,True,6,6
T2,AR,224.8,225.6,record_commit,True,6,6
T2,AR,225.6,235.6,acquire,True,7,7
T2,AR,235.6,236.4,record_commit,True,7,7
T2,AR,236.4,246.4,acquire,True,8,8
T2,AR,246.4,247.2,record_commit,True,8,8
T2,AR,247.2,257.2,acquire,True,9,9
T2,AR,257.2,258.0,record_commit,True,9,9
T2,AR,258.0,268.0,acquire,True,10,10
T2,AR,268.0,268.8,record_commit,True,10,10
T2,AR,268.8,278.8,acquire,True,11,11
T2,AR,278.8,279.6,record_commit,True,11,11
T2,AR,279.6,289.6,acquire,True,12,12
T2,AR,289.6,290.4,record_commit,True,12,12
T2,AR,290.4,300.4,acquire,True,13,13
T2,AR,300.4,301.2,record_commit,True,13,13
T2,AR,301.2,311.2,acquire,True,14,14
T2,AR,311.2,312.0,record_commit,True,14,14
T2,AR,312.0,322.0,acquire,True,15,15
T2,AR,322.0,322.8,record_commit,True,15,15
T2,AR,322.8,352.8,anchor,True,16,16
T2,AR,352.8,362.8,acquire,True,16,16
T2,AR,362.8,363.6,record_commit,True,16,16
T2,AR,363.6,373.6,acquire,True,17,17
T2,AR,373.6,374.4,record_commit,True,17,17
T2,AR,374.4,384.4,acquire,True,18,18
T2,AR,384.4,385.2,record_commit,True,18,18
T2,AR,385.2,395.2,acquire,True,19,19
T2,AR,395.2,396.0,record_commit,True,19,19
T2,AR,396.0,406.0,acquire,True,20,20
T2,AR,406.0,406.8,record_commit,True,20,20
T2,AR,406.8,416.8,acquire,True,21,21
T2,AR,416.8,417.6,record_commit,True,21,21
T2,AR,417.6,427.6,acquire,True,22,22
T2,AR,427.6,428.4,record_commit,True,22,22
T2,AR,428.4,438.4,acquire,True,23,23
T2,AR,438.4,439.2,record_commit,True,23,23
T2,AR,439.2,449.2,acquire,True,24,24
T2,AR,449.2,450.0,record_commit,True,24,24
T2,AR,450.0,460.0,acquire,True,25,25
T2,AR,460.0,460.8,record_commit,True,25,25
T2,AR,460.8,470.8,acquire,True,26,26
T2,AR,470.8,471.6,record_commit,True,26,26
T2,AR,471.6,481.6,acquire,True,27,27
T2,AR,481.6,482.4,record_commit,True,27,27
T2,AR,482.4,492.4,acquire,True,28,28
T2,AR,492.4,493.2,record_commit,True,28,28
T2,AR,493.2,503.2,acquire,True,29,29
T2,AR,503.2,504.0,record_commit,True,29,29
T2,AR,504.0,514.0,acquire,True,30,30
T2,AR,514.0,514.8,record_commit,True,30,30
T2,AR,514.8,524.8,acquire,True,31,31
T2,AR,524.8,525.6,record_commit,True,31,31
T2,AR,525.6,555.6,anchor,True,32,32
T2,AR,555.6,565.6,acquire,True,32,32
T2,AR,565.6,566.4,record_commit,True,32,32
T2,AR,566.4,576.4,acquire,True,33,33
T2,AR,576.4,577.2,record_commit,True,33,33
T2,AR,577.2,587.2,acquire,True,34,34
T2,AR,587.2,588.0,record_commit,True,34,34
T2,AR,588.0,598.0,acquire,True,35,35
T2,AR,598.0,598.8,record_commit,True,35,35
T2,AR,598.8,608.8,acquire,True,36,36
T2,AR,608.8,609.6,record_commit,True,36,36
T2,AR,609.6,619.6,acquire,True,37,37
T2,AR,619.6,620.4,record_commit,True,37,37
T2,AR,620.4,630.4,acquire,True,38,38
T2,AR,630.4,631.2,record_commit,True,38,38
T2,AR,631.2,641.2,acquire,True,39,39
T2,AR,641.2,642.0,record_commit,True,39,39
T2,AR,642.0,652.0,acquire,True,40,40
T2,AR,652.0,652.8,record_commit,True,40,40
T2,AR,652.8,662.8,acquire,True,41,41
T2,AR,662.8,663.6,record_commit,True,41,41
T2,AR,663.6,673.6,acquire,True,42,42
T2,AR,673.6,674.4,record_commit,True,42,42
T2,AR,674.4,684.4,acquire,True,43,43
T2,AR,684.4,685.2,record_commit,True,43,43
T2,AR,685.2,695.2,acquire,True,44,44
T2,AR,695.2,696.0,record_commit,True,44,44
T2,AR,696.0,706.0,acquire,True,45,45
T2,AR,706.0,706.8,record_commit,True,45,45
T2,AR,706.8,716.8,acquire,True,46,46
T2,AR,716.8,717.6,record_commit,True,46,46
T2,AR,717.6,727.6,acquire,True,47,47
T2,AR,727.6,728.4,record_commit,True,47,47
T2,AR,728.4,758.4,anchor,True,48,48
T2,AR,758.4,768.4,acquire,True,48,48
T2,AR,768.4,769.2,record_commit,True,48,48
T2,AR,769.2,779.2,acquire,True,49,49
T2,AR,779.2,780.0,record_commit,True,49,49
T2,AR,780.0,790.0,acquire,True,50,50
T2,AR,790.0,790.8,record_commit,True,50,50
T2,AR,790.8,800.8,acquire,True,51,51
T2,AR,800.8,801.6,record_commit,True,51,51
T2,AR,801.6,811.6,acquire,True,52,52
T2,AR,811.6,812.4,record_commit,True,52,52
T2,AR,812.4,822.4,acquire,True,53,53
T2,AR,822.4,823.2,record_commit,True,53,53
T2,AR,823.2,833.2,acquire,True,54,54
T2,AR,833.2,834.0,record_commit,True,54,54
T2,AR,834.0,844.0,acquire,True,55,55
T2,AR,844.0,844.8,record_commit,True,55,55
T2,AR,844.8,854.8,acquire,True,56,56
T2,AR,854.8,855.6,record_commit,True,56,56
T2,AR,855.6,865.6,acquire,True,57,57
T2,AR,865.6,866.4,record_commit,True,57,57
T2,AR,866.4,876.4,acquire,True,58,58
T2,AR,876.4,877.2,record_commit,True,58,58
T2,AR,877.2,887.2,acquire,True,59,59
T2,AR,887.2,888.0,record_commit,True,59,59
T2,AR,888.0,898.0,acquire,True,60,60
T2,AR,898.0,898.8,record_commit,True,60,60
T2,AR,898.8,908.8,acquire,True,61,61
T2,AR,908.8,909.6,record_commit,True,61,61
T2,AR,909.6,919.6,acquire,True,62,62
T2,AR,919.6,920.4,record_commit,True,62,62
T2,AR,920.4,930.4,acquire,True,63,63
T2,AR,930.4,931.2,record_commit,True,63,63
T2,AR,931.2,961.2,anchor,True,64,64
T2,AR,961.2,971.2,acquire,True,64,64
T2,AR,971.2,972.0,record_commit,True,64,64
T2,AR,972.0,982.0,acquire,True,65,65
T2,AR,982.0,982.8,record_commit,True,65,65
T2,AR,982.8,992.8,acquire,True,66,66
T2,AR,992.8,993.6,record_commit,True,66,66
T2,AR,993.6,1003.6,acquire,True,67,67
T2,AR,1003.6,1004.4,record_commit,True,67,67
T2,AR,1004.4,1014.4,acquire,True,68,68
T2,AR,1014.4,1015.2,record_commit,True,68,68
T2,AR,1015.2,1025.2,acquire,True,69,69
T2,AR,1025.2,1026.0,record_commit,True,69,69
T2,AR,1026.0,1036.0,acquire,True,70,70
T2,AR,1036.0,1036.8,record_commit,True,70,70
T2,AR,1036.8,1046.8,acquire,True,71,71
T2,AR,1046.8,1047.6,record_commit,True,71,71
T2,AR,1047.6,1057.6,acquire,True,72,72
T2,AR,1057.6,1058.4,record_commit,True,72,72
T2,AR,1058.4,1068.4,acquire,True,73,73
T2,AR,1068.4,1069.2,record_commit,True,73,73
T2,AR,1069.2,1079.2,acquire,True,74,74
T2,AR,1079.2,1080.0,record_commit,True,74,74
T2,AR,1080.0,1090.0,acquire,True,75,75
T2,AR,1090.0,1090.8,record_commit,True,75,75
T2,AR,1090.8,1100.8,acquire,True,76,76
T2,AR,1100.8,1101.6,record_commit,True,76,76
T2,AR,1101.6,1110.0,acquire,False,77,77
T2,AR,1110.0,1230.0,home,True,,77
T2,AR,1230.0,1234.0,lookup,True,,77
T2,AR,1234.0,1264.0,anchor,True,77,77
T2,AR,1264.0,1274.0,acquire,True,77,77
T2,AR,1274.0,1274.8,record_commit,True,77,77
T2,AR,1274.8,1284.8,acquire,True,78,78
T2,AR,1284.8,1285.6,record_commit,True,78,78
T2,AR,1285.6,1295.6,acquire,True,79,79
T2,AR,1295.6,1296.4,record_commit,True,79,79
T2,AR,1296.4,1326.4,anchor,True,80,80
T2,AR,1326.4,1336.4,acquire,True,80,80
T2,AR,1336.4,1337.2,record_commit,True,80,80
T2,AR,1337.2,1347.2,acquire,True,81,81
T2,AR,1347.2,1348.0,record_commit,True,81,81
T2,AR,1348.0,1358.0,acquire,True,82,82
T2,AR,1358.0,1358.8,record_commit,True,82,82
T2,AR,1358.8,1368.8,acquire,True,83,83
T2,AR,1368.8,1369.6,record_commit,True,83,83
T2,AR,1369.6,1379.6,acquire,True,84,84
T2,AR,1379.6,1380.4,record_commit,True,84,84
T2,AR,1380.4,1390.4,acquire,True,85,85
T2,AR,1390.4,1391.2,record_commit,True,85,85
T2,AR,1391.2,1401.2,acquire,True,86,86
T2,AR,1401.2,1402.0,record_commit,True,86,86
T2,AR,1402.0,1412.0,acquire,True,87,87
T2,AR,1412.0,1412.8,record_commit,True,87,87
T2,AR,1412.8,1422.8,acquire,True,88,88
T2,AR,1422.8,1423.6,record_commit,True,88,88
T2,AR,1423.6,1433.6,acquire,True,89,89
T2,AR,1433.6,1434.4,record_commit,True,89,89
T2,AR,1434.4,1444.4,acquire,True,90,90
T2,AR,1444.4,1445.2,record_commit,True,90,90
T2,AR,1445.2,1455.2,acquire,True,91,91
T2,AR,1455.2,1456.0,record_commit,True,91,91
T2,AR,1456.0,1466.0,acquire,True,92,92
T2,AR,1466.0,1466.8,record_commit,True,92,92
T2,AR,1466.8,1476.8,acquire,True,93,93
T2,AR,1476.8,1477.6,record_commit,True,93,93
T2,AR,1477.6,1487.6,acquire,True,94,94
T2,AR,1487.6,1488.4,record_commit,True,94,94
T2,AR,1488.4,1498.4,acquire,True,95,95
T2,AR,1498.4,1499.2,record_commit,True,95,95
T2,AR,1499.2,1529.2,anchor,True,96,96
T2,AR,1529.2,1539.2,acquire,True,96,96
T2,AR,1539.2,1540.0,record_commit,True,96,96
T2,AR,1540.0,1550.0,acquire,True,97,97
T2,AR,1550.0,1550.8,record_commit,True,97,97
T2,AR,1550.8,1560.8,acquire,True,98,98
T2,AR,1560.8,1561.6,record_commit,True,98,98
T2,AR,1561.6,1571.6,acquire,True,99,99
T2,AR,1571.6,1572.4,record_commit,True,99,99
T2,AR,1572.4,1582.4,acquire,True,100,100
T2,AR,1582.4,1583.2,record_commit,True,100,100
T2,AR,1583.2,1593.2,acquire,True,101,101
T2,AR,1593.2,1594.0,record_commit,True,101,101
T2,AR,1594.0,1604.0,acquire,True,102,102
T2,AR,1604.0,1604.8,record_commit,True,102,102
T2,AR,1604.8,1614.8,acquire,True,103,103
T2,AR,1614.8,1615.6,record_commit,True,103,103
T2,AR,1615.6,1625.6,acquire,True,104,104
T2,AR,1625.6,1626.4,record_commit,True,104,104
T2,AR,1626.4,1636.4,acquire,True,105,105
T2,AR,1636.4,1637.2,record_commit,True,105,105
T2,AR,1637.2,1647.2,acquire,True,106,106
T2,AR,1647.2,1648.0,record_commit,True,106,106
T2,AR,1648.0,1658.0,acquire,True,107,107
T2,AR,1658.0,1658.8,record_commit,True,107,107
T2,AR,1658.8,1668.8,acquire,True,108,108
T2,AR,1668.8,1669.6,record_commit,True,108,108
T2,AR,1669.6,1679.6,acquire,True,109,109
T2,AR,1679.6,1680.4,record_commit,True,109,109
T2,AR,1680.4,1690.4,acquire,True,110,110
T2,AR,1690.4,1691.2,record_commit,True,110,110
T2,AR,1691.2,1701.2,acquire,True,111,111
T2,AR,1701.2,1702.0,record_commit,True,111,111
T2,AR,1702.0,1732.0,anchor,True,112,112
T2,AR,1732.0,1742.0,acquire,True,112,112
T2,AR,1742.0,1742.8,record_commit,True,112,112
T2,AR,1742.8,1752.8,acquire,True,113,113
T2,AR,1752.8,1753.6,record_commit,True,113,113
T2,AR,1753.6,1763.6,acquire,True,114,114
T2,AR,1763.6,1764.4,record_commit,True,114,114
T2,AR,1764.4,1774.4,acquire,True,115,115
T2,AR,1774.4,1775.2,record_commit,True,115,115
T2,AR,1775.2,1785.2,acquire,True,116,116
T2,AR,1785.2,1786.0,record_commit,True,116,116
T2,AR,1786.0,1796.0,acquire,True,117,117
T2,AR,1796.0,1796.8,record_commit,True,117,117
T2,AR,1796.8,1806.8,acquire,True,118,118
T2,AR,1806.8,1807.6,record_commit,True,118,118
T2,AR,1807.6,1817.6,acquire,True,119,119
T2,AR,1817.6,1818.4,record_commit,True,119,119
T2,AR,1818.4,1828.4,acquire,True,120,120
T2,AR,1828.4,1829.2,record_commit,True,120,120
T2,AR,1829.2,1839.2,acquire,True,121,121
T2,AR,1839.2,1840.0,record_commit,True,121,121
T2,AR,1840.0,1850.0,acquire,True,122,122
T2,AR,1850.0,1850.8,record_commit,True,122,122
T2,AR,1850.8,1860.8,acquire,True,123,123
T2,AR,1860.8,1861.6,record_commit,True,123,123
T2,AR,1861.6,1871.6,acquire,True,124,124
T2,AR,1871.6,1872.4,record_commit,True,124,124
T2,AR,1872.4,1882.4,acquire,True,125,125
T2,AR,1882.4,1883.2,record_commit,True,125,125
T2,AR,1883.2,1893.2,acquire,True,126,126
T2,AR,1893.2,1894.0,record_commit,True,126,126
T2,AR,1894.0,1904.0,acquire,True,127,127
T2,AR,1904.0,1904.8,record_commit,True,127,127
T2,AR,1904.8,1934.8,anchor,True,128,128
T2,AR,1934.8,1944.8,acquire,True,128,128
T2,AR,1944.8,1945.6,record_commit,True,128,128
T2,AR,1945.6,1955.6,acquire,True,129,129
T2,AR,1955.6,1956.4,record_commit,True,129,129
T2,AR,1956.4,1966.4,acquire,True,130,130
T2,AR,1966.4,1967.2,record_commit,True,130,130
T2,AR,1967.2,1977.2,acquire,True,131,131
T2,AR,1977.2,1978.0,record_commit,True,131,131
T2,AR,1978.0,1988.0,acquire,True,132,132
T2,AR,1988.0,1988.8,record_commit,True,132,132
T2,AR,1988.8,1998.8,acquire,True,133,133
T2,AR,1998.8,1999.6,record_commit,True,133,133
T2,AR,1999.6,2009.6,acquire,True,134,134
T2,AR,2009.6,2010.4,record_commit,True,134,134
T2,AR,2010.4,2020.4,acquire,True,135,135
T2,AR,2020.4,2021.2,record_commit,True,135,135
T2,AR,2021.2,2031.2,acquire,True,136,136
T2,AR,2031.2,2032.0,record_commit,True,136,136
T2,AR,2032.0,2042.0,acquire,True,137,137
T2,AR,2042.0,2042.8,record_commit,True,137,137
T2,AR,2042.8,2052.8,acquire,True,138,138
T2,AR,2052.8,2053.6,record_commit,True,138,138
T2,AR,2053.6,2063.6,acquire,True,139,139
T2,AR,2063.6,2064.4,record_commit,True,139,139
T2,AR,2064.4,2074.4,acquire,True,140,140
T2,AR,2074.4,2075.2,record_commit,True,140,140
T2,AR,2075.2,2085.2,acquire,True,141,141
T2,AR,2085.2,2086.0,record_commit,True,141,141
T2,AR,2086.0,2096.0,acquire,True,142,142
T2,AR,2096.0,2096.8,record_commit,True,142,142
T2,AR,2096.8,2106.8,acquire,True,143,143
T2,AR,2106.8,2107.6,record_commit,True,143,143
T2,AR,2107.6,2110.0,anchor,False,144,144
T2,AR,2110.0,2230.0,home,True,,144
T2,AR,2230.0,2234.0,lookup,True,,144
T2,AR,2234.0,2264.0,anchor,True,144,144
T2,AR,2264.0,2274.0,acquire,True,144,144
T2,AR,2274.0,2274.8,record_commit,True,144,144
T2,AR,2274.8,2284.8,acquire,True,145,145
T2,AR,2284.8,2285.6,record_commit,True,145,145
T2,AR,2285.6,2295.6,acquire,True,146,146
T2,AR,2295.6,2296.4,record_commit,True,146,146
T2,AR,2296.4,2306.4,acquire,True,147,147
T2,AR,2306.4,2307.2,record_commit,True,147,147
T2,AR,2307.2,2317.2,acquire,True,148,148
T2,AR,2317.2,2318.0,record_commit,True,148,148
T2,AR,2318.0,2328.0,acquire,True,149,149
T2,AR,2328.0,2328.8,record_commit,True,149,149
T2,AR,2328.8,2338.8,acquire,True,150,150
T2,AR,2338.8,2339.6,record_commit,True,150,150
T2,AR,2339.6,2349.6,acquire,True,151,151
T2,AR,2349.6,2350.4,record_commit,True,151,151
T2,AR,2350.4,2360.4,acquire,True,152,152
T2,AR,2360.4,2361.2,record_commit,True,152,152
T2,AR,2361.2,2371.2,acquire,True,153,153
T2,AR,2371.2,2372.0,record_commit,True,153,153
T2,AR,2372.0,2382.0,acquire,True,154,154
T2,AR,2382.0,2382.8,record_commit,True,154,154
T2,AR,2382.8,2392.8,acquire,True,155,155
T2,AR,2392.8,2393.6,record_commit,True,155,155
T2,AR,2393.6,2403.6,acquire,True,156,156
T2,AR,2403.6,2404.4,record_commit,True,156,156
T2,AR,2404.4,2414.4,acquire,True,157,157
T2,AR,2414.4,2415.2,record_commit,True,157,157
T2,AR,2415.2,2425.2,acquire,True,158,158
T2,AR,2425.2,2426.0,record_commit,True,158,158
T2,AR,2426.0,2436.0,acquire,True,159,159
T2,AR,2436.0,2436.8,record_commit,True,159,159
T2,AR,2436.8,2466.8,anchor,True,160,160
T2,AR,2466.8,2476.8,acquire,True,160,160
T2,AR,2476.8,2477.6,record_commit,True,160,160
T2,AR,2477.6,2487.6,acquire,True,161,161
T2,AR,2487.6,2488.4,record_commit,True,161,161
T2,AR,2488.4,2498.4,acquire,True,162,162
T2,AR,2498.4,2499.2,record_commit,True,162,162
T2,AR,2499.2,2509.2,acquire,True,163,163
T2,AR,2509.2,2510.0,record_commit,True,163,163
T2,AR,2510.0,2520.0,acquire,True,164,164
T2,AR,2520.0,2520.8,record_commit,True,164,164
T2,AR,2520.8,2530.8,acquire,True,165,165
T2,AR,2530.8,2531.6,record_commit,True,165,165
T2,AR,2531.6,2541.6,acquire,True,166,166
T2,AR,2541.6,2542.4,record_commit,True,166,166
T2,AR,2542.4,2552.4,acquire,True,167,167
T2,AR,2552.4,2553.2,record_commit,True,167,167
T2,AR,2553.2,2563.2,acquire,True,168,168
T2,AR,2563.2,2564.0,record_commit,True,168,168
T2,AR,2564.0,2574.0,acquire,True,169,169
T2,AR,2574.0,2574.8,record_commit,True,169,169
T2,AR,2574.8,2584.8,acquire,True,170,170
T2,AR,2584.8,2585.6,record_commit,True,170,170
T2,AR,2585.6,2595.6,acquire,True,171,171
T2,AR,2595.6,2596.4,record_commit,True,171,171
T2,AR,2596.4,2606.4,acquire,True,172,172
T2,AR,2606.4,2607.2,record_commit,True,172,172
T2,AR,2607.2,2617.2,acquire,True,173,173
T2,AR,2617.2,2618.0,record_commit,True,173,173
T2,AR,2618.0,2628.0,acquire,True,174,174
T2,AR,2628.0,2628.8,record_commit,True,174,174
T2,AR,2628.8,2638.8,acquire,True,175,175
T2,AR,2638.8,2639.6,record_commit,True,175,175
T2,AR,2639.6,2669.6,anchor,True,176,176
T2,AR,2669.6,2679.6,acquire,True,176,176
T2,AR,2679.6,2680.4,record_commit,True,176,176
T2,AR,2680.4,2690.4,acquire,True,177,177
T2,AR,2690.4,2691.2,record_commit,True,177,177
T2,AR,2691.2,2701.2,acquire,True,178,178
T2,AR,2701.2,2702.0,record_commit,True,178,178
T2,AR,2702.0,2712.0,acquire,True,179,179
T2,AR,2712.0,2712.8,record_commit,True,179,179
T2,AR,2712.8,2722.8,acquire,True,180,180
T2,AR,2722.8,2723.6,record_commit,True,180,180
T2,AR,2723.6,2733.6,acquire,True,181,181
T2,AR,2733.6,2734.4,record_commit,True,181,181
T2,AR,2734.4,2744.4,acquire,True,182,182
T2,AR,2744.4,2745.2,record_commit,True,182,182
T2,AR,2745.2,2755.2,acquire,True,183,183
T2,AR,2755.2,2756.0,record_commit,True,183,183
T2,AR,2756.0,2766.0,acquire,True,184,184
T2,AR,2766.0,2766.8,record_commit,True,184,184
T2,AR,2766.8,2776.8,acquire,True,185,185
T2,AR,2776.8,2777.6,record_commit,True,185,185
T2,AR,2777.6,2787.6,acquire,True,186,186
T2,AR,2787.6,2788.4,record_commit,True,186,186
T2,AR,2788.4,2798.4,acquire,True,187,187
T2,AR,2798.4,2799.2,record_commit,True,187,187
T2,AR,2799.2,2809.2,acquire,True,188,188
T2,AR,2809.2,2810.0,record_commit,True,188,188
T2,AR,2810.0,2820.0,acquire,True,189,189
T2,AR,2820.0,2820.8,record_commit,True,189,189
T2,AR,2820.8,2830.8,acquire,True,190,190
T2,AR,2830.8,2831.6,record_commit,True,190,190
T2,AR,2831.6,2841.6,acquire,True,191,191
T2,AR,2841.6,2842.4,record_commit,True,191,191
T2,BS,0.0,120.0,home,True,,0
T2,BS,120.0,150.0,anchor,True,0,0
T2,BS,150.0,160.0,acquire,True,0,0
T2,BS,160.0,170.0,acquire,True,1,0
T2,BS,170.0,180.0,acquire,True,2,0
T2,BS,180.0,190.0,acquire,True,3,0
T2,BS,190.0,192.0,block_seal,True,0,0
T2,BS,192.0,202.0,acquire,True,4,4
T2,BS,202.0,212.0,acquire,True,5,4
T2,BS,212.0,222.0,acquire,True,6,4
T2,BS,222.0,232.0,acquire,True,7,4
T2,BS,232.0,234.0,block_seal,True,4,4
T2,BS,234.0,244.0,acquire,True,8,8
T2,BS,244.0,254.0,acquire,True,9,8
T2,BS,254.0,264.0,acquire,True,10,8
T2,BS,264.0,274.0,acquire,True,11,8
T2,BS,274.0,276.0,block_seal,True,8,8
T2,BS,276.0,286.0,acquire,True,12,12
T2,BS,286.0,296.0,acquire,True,13,12
T2,BS,296.0,306.0,acquire,True,14,12
T2,BS,306.0,316.0,acquire,True,15,12
T2,BS,316.0,318.0,block_seal,True,12,12
T2,BS,318.0,319.0,row_checkpoint,True,,16
T2,BS,319.0,349.0,anchor,True,16,16
T2,BS,349.0,359.0,acquire,True,16,16
T2,BS,359.0,369.0,acquire,True,17,16
T2,BS,369.0,379.0,acquire,True,18,16
T2,BS,379.0,389.0,acquire,True,19,16
T2,BS,389.0,391.0,block_seal,True,16,16
T2,BS,391.0,401.0,acquire,True,20,20
T2,BS,401.0,411.0,acquire,True,21,20
T2,BS,411.0,421.0,acquire,True,22,20
T2,BS,421.0,431.0,acquire,True,23,20
T2,BS,431.0,433.0,block_seal,True,20,20
T2,BS,433.0,443.0,acquire,True,24,24
T2,BS,443.0,453.0,acquire,True,25,24
T2,BS,453.0,463.0,acquire,True,26,24
T2,BS,463.0,473.0,acquire,True,27,24
T2,BS,473.0,475.0,block_seal,True,24,24
T2,BS,475.0,485.0,acquire,True,28,28
T2,BS,485.0,495.0,acquire,True,29,28
T2,BS,495.0,505.0,acquire,True,30,28
T2,BS,505.0,515.0,acquire,True,31,28
T2,BS,515.0,517.0,block_seal,True,28,28
T2,BS,517.0,518.0,row_checkpoint,True,,32
T2,BS,518.0,548.0,anchor,True,32,32
T2,BS,548.0,558.0,acquire,True,32,32
T2,BS,558.0,568.0,acquire,True,33,32
T2,BS,568.0,578.0,acquire,True,34,32
T2,BS,578.0,588.0,acquire,True,35,32
T2,BS,588.0,590.0,block_seal,True,32,32
T2,BS,590.0,600.0,acquire,True,36,36
T2,BS,600.0,610.0,acquire,True,37,36
T2,BS,610.0,620.0,acquire,True,38,36
T2,BS,620.0,630.0,acquire,True,39,36
T2,BS,630.0,632.0,block_seal,True,36,36
T2,BS,632.0,642.0,acquire,True,40,40
T2,BS,642.0,652.0,acquire,True,41,40
T2,BS,652.0,662.0,acquire,True,42,40
T2,BS,662.0,672.0,acquire,True,43,40
T2,BS,672.0,674.0,block_seal,True,40,40
T2,BS,674.0,684.0,acquire,True,44,44
T2,BS,684.0,694.0,acquire,True,45,44
T2,BS,694.0,704.0,acquire,True,46,44
T2,BS,704.0,714.0,acquire,True,47,44
T2,BS,714.0,716.0,block_seal,True,44,44
T2,BS,716.0,717.0,row_checkpoint,True,,48
T2,BS,717.0,747.0,anchor,True,48,48
T2,BS,747.0,757.0,acquire,True,48,48
T2,BS,757.0,767.0,acquire,True,49,48
T2,BS,767.0,777.0,acquire,True,50,48
T2,BS,777.0,787.0,acquire,True,51,48
T2,BS,787.0,789.0,block_seal,True,48,48
T2,BS,789.0,799.0,acquire,True,52,52
T2,BS,799.0,809.0,acquire,True,53,52
T2,BS,809.0,819.0,acquire,True,54,52
T2,BS,819.0,829.0,acquire,True,55,52
T2,BS,829.0,831.0,block_seal,True,52,52
T2,BS,831.0,841.0,acquire,True,56,56
T2,BS,841.0,851.0,acquire,True,57,56
T2,BS,851.0,861.0,acquire,True,58,56
T2,BS,861.0,871.0,acquire,True,59,56
T2,BS,871.0,873.0,block_seal,True,56,56
T2,BS,873.0,883.0,acquire,True,60,60
T2,BS,883.0,893.0,acquire,True,61,60
T2,BS,893.0,903.0,acquire,True,62,60
T2,BS,903.0,913.0,acquire,True,63,60
T2,BS,913.0,915.0,block_seal,True,60,60
T2,BS,915.0,916.0,row_checkpoint,True,,64
T2,BS,916.0,946.0,anchor,True,64,64
T2,BS,946.0,956.0,acquire,True,64,64
T2,BS,956.0,966.0,acquire,True,65,64
T2,BS,966.0,976.0,acquire,True,66,64
T2,BS,976.0,986.0,acquire,True,67,64
T2,BS,986.0,988.0,block_seal,True,64,64
T2,BS,988.0,998.0,acquire,True,68,68
T2,BS,998.0,1008.0,acquire,True,69,68
T2,BS,1008.0,1018.0,acquire,True,70,68
T2,BS,1018.0,1028.0,acquire,True,71,68
T2,BS,1028.0,1030.0,block_seal,True,68,68
T2,BS,1030.0,1040.0,acquire,True,72,72
T2,BS,1040.0,1050.0,acquire,True,73,72
T2,BS,1050.0,1060.0,acquire,True,74,72
T2,BS,1060.0,1070.0,acquire,True,75,72
T2,BS,1070.0,1072.0,block_seal,True,72,72
T2,BS,1072.0,1082.0,acquire,True,76,76
T2,BS,1082.0,1092.0,acquire,True,77,76
T2,BS,1092.0,1102.0,acquire,True,78,76
T2,BS,1102.0,1110.0,acquire,False,79,76
T2,BS,1110.0,1230.0,home,True,,76
T2,BS,1230.0,1236.0,lookup,True,,76
T2,BS,1236.0,1266.0,anchor,True,76,76
T2,BS,1266.0,1276.0,acquire,True,76,76
T2,BS,1276.0,1286.0,acquire,True,77,76
T2,BS,1286.0,1296.0,acquire,True,78,76
T2,BS,1296.0,1306.0,acquire,True,79,76
T2,BS,1306.0,1308.0,block_seal,True,76,76
T2,BS,1308.0,1309.0,row_checkpoint,True,,80
T2,BS,1309.0,1339.0,anchor,True,80,80
T2,BS,1339.0,1349.0,acquire,True,80,80
T2,BS,1349.0,1359.0,acquire,True,81,80
T2,BS,1359.0,1369.0,acquire,True,82,80
T2,BS,1369.0,1379.0,acquire,True,83,80
T2,BS,1379.0,1381.0,block_seal,True,80,80
T2,BS,1381.0,1391.0,acquire,True,84,84
T2,BS,1391.0,1401.0,acquire,True,85,84
T2,BS,1401.0,1411.0,acquire,True,86,84
T2,BS,1411.0,1421.0,acquire,True,87,84
T2,BS,1421.0,1423.0,block_seal,True,84,84
T2,BS,1423.0,1433.0,acquire,True,88,88
T2,BS,1433.0,1443.0,acquire,True,89,88
T2,BS,1443.0,1453.0,acquire,True,90,88
T2,BS,1453.0,1463.0,acquire,True,91,88
T2,BS,1463.0,1465.0,block_seal,True,88,88
T2,BS,1465.0,1475.0,acquire,True,92,92
T2,BS,1475.0,1485.0,acquire,True,93,92
T2,BS,1485.0,1495.0,acquire,True,94,92
T2,BS,1495.0,1505.0,acquire,True,95,92
T2,BS,1505.0,1507.0,block_seal,True,92,92
T2,BS,1507.0,1508.0,row_checkpoint,True,,96
T2,BS,1508.0,1538.0,anchor,True,96,96
T2,BS,1538.0,1548.0,acquire,True,96,96
T2,BS,1548.0,1558.0,acquire,True,97,96
T2,BS,1558.0,1568.0,acquire,True,98,96
T2,BS,1568.0,1578.0,acquire,True,99,96
T2,BS,1578.0,1580.0,block_seal,True,96,96
T2,BS,1580.0,1590.0,acquire,True,100,100
T2,BS,1590.0,1600.0,acquire,True,101,100
T2,BS,1600.0,1610.0,acquire,True,102,100
T2,BS,1610.0,1620.0,acquire,True,103,100
T2,BS,1620.0,1622.0,block_seal,True,100,100
T2,BS,1622.0,1632.0,acquire,True,104,104
T2,BS,1632.0,1642.0,acquire,True,105,104
T2,BS,1642.0,1652.0,acquire,True,106,104
T2,BS,1652.0,1662.0,acquire,True,107,104
T2,BS,1662.0,1664.0,block_seal,True,104,104
T2,BS,1664.0,1674.0,acquire,True,108,108
T2,BS,1674.0,1684.0,acquire,True,109,108
T2,BS,1684.0,1694.0,acquire,True,110,108
T2,BS,1694.0,1704.0,acquire,True,111,108
T2,BS,1704.0,1706.0,block_seal,True,108,108
T2,BS,1706.0,1707.0,row_checkpoint,True,,112
T2,BS,1707.0,1737.0,anchor,True,112,112
T2,BS,1737.0,1747.0,acquire,True,112,112
T2,BS,1747.0,1757.0,acquire,True,113,112
T2,BS,1757.0,1767.0,acquire,True,114,112
T2,BS,1767.0,1777.0,acquire,True,115,112
T2,BS,1777.0,1779.0,block_seal,True,112,112
T2,BS,1779.0,1789.0,acquire,True,116,116
T2,BS,1789.0,1799.0,acquire,True,117,116
T2,BS,1799.0,1809.0,acquire,True,118,116
T2,BS,1809.0,1819.0,acquire,True,119,116
T2,BS,1819.0,1821.0,block_seal,True,116,116
T2,BS,1821.0,1831.0,acquire,True,120,120
T2,BS,1831.0,1841.0,acquire,True,121,120
T2,BS,1841.0,1851.0,acquire,True,122,120
T2,BS,1851.0,1861.0,acquire,True,123,120
T2,BS,1861.0,1863.0,block_seal,True,120,120
T2,BS,1863.0,1873.0,acquire,True,124,124
T2,BS,1873.0,1883.0,acquire,True,125,124
T2,BS,1883.0,1893.0,acquire,True,126,124
T2,BS,1893.0,1903.0,acquire,True,127,124
T2,BS,1903.0,1905.0,block_seal,True,124,124
T2,BS,1905.0,1906.0,row_checkpoint,True,,128
T2,BS,1906.0,1936.0,anchor,True,128,128
T2,BS,1936.0,1946.0,acquire,True,128,128
T2,BS,1946.0,1956.0,acquire,True,129,128
T2,BS,1956.0,1966.0,acquire,True,130,128
T2,BS,1966.0,1976.0,acquire,True,131,128
T2,BS,1976.0,1978.0,block_seal,True,128,128
T2,BS,1978.0,1988.0,acquire,True,132,132
T2,BS,1988.0,1998.0,acquire,True,133,132
T2,BS,1998.0,2008.0,acquire,True,134,132
T2,BS,2008.0,2018.0,acquire,True,135,132
T2,BS,2018.0,2020.0,block_seal,True,132,132
T2,BS,2020.0,2030.0,acquire,True,136,136
T2,BS,2030.0,2040.0,acquire,True,137,136
T2,BS,2040.0,2050.0,acquire,True,138,136
T2,BS,2050.0,2060.0,acquire,True,139,136
T2,BS,2060.0,2062.0,block_seal,True,136,136
T2,BS,2062.0,2072.0,acquire,True,140,140
T2,BS,2072.0,2082.0,acquire,True,141,140
T2,BS,2082.0,2092.0,acquire,True,142,140
T2,BS,2092.0,2102.0,acquire,True,143,140
T2,BS,2102.0,2104.0,block_seal,True,140,140
T2,BS,2104.0,2105.0,row_checkpoint,True,,144
T2,BS,2105.0,2110.0,anchor,False,144,144
T2,BS,2110.0,2230.0,home,True,,144
T2,BS,2230.0,2236.0,lookup,True,,144
T2,BS,2236.0,2266.0,anchor,True,144,144
T2,BS,2266.0,2276.0,acquire,True,144,144
T2,BS,2276.0,2286.0,acquire,True,145,144
T2,BS,2286.0,2296.0,acquire,True,146,144
T2,BS,2296.0,2306.0,acquire,True,147,144
T2,BS,2306.0,2308.0,block_seal,True,144,144
T2,BS,2308.0,2318.0,acquire,True,148,148
T2,BS,2318.0,2328.0,acquire,True,149,148
T2,BS,2328.0,2338.0,acquire,True,150,148
T2,BS,2338.0,2348.0,acquire,True,151,148
T2,BS,2348.0,2350.0,block_seal,True,148,148
T2,BS,2350.0,2360.0,acquire,True,152,152
T2,BS,2360.0,2370.0,acquire,True,153,152
T2,BS,2370.0,2380.0,acquire,True,154,152
T2,BS,2380.0,2390.0,acquire,True,155,152
T2,BS,2390.0,2392.0,block_seal,True,152,152
T2,BS,2392.0,2402.0,acquire,True,156,156
T2,BS,2402.0,2412.0,acquire,True,157,156
T2,BS,2412.0,2422.0,acquire,True,158,156
T2,BS,2422.0,2432.0,acquire,True,159,156
T2,BS,2432.0,2434.0,block_seal,True,156,156
T2,BS,2434.0,2435.0,row_checkpoint,True,,160
T2,BS,2435.0,2465.0,anchor,True,160,160
T2,BS,2465.0,2475.0,acquire,True,160,160
T2,BS,2475.0,2485.0,acquire,True,161,160
T2,BS,2485.0,2495.0,acquire,True,162,160
T2,BS,2495.0,2505.0,acquire,True,163,160
T2,BS,2505.0,2507.0,block_seal,True,160,160
T2,BS,2507.0,2517.0,acquire,True,164,164
T2,BS,2517.0,2527.0,acquire,True,165,164
T2,BS,2527.0,2537.0,acquire,True,166,164
T2,BS,2537.0,2547.0,acquire,True,167,164
T2,BS,2547.0,2549.0,block_seal,True,164,164
T2,BS,2549.0,2559.0,acquire,True,168,168
T2,BS,2559.0,2569.0,acquire,True,169,168
T2,BS,2569.0,2579.0,acquire,True,170,168
T2,BS,2579.0,2589.0,acquire,True,171,168
T2,BS,2589.0,2591.0,block_seal,True,168,168
T2,BS,2591.0,2601.0,acquire,True,172,172
T2,BS,2601.0,2611.0,acquire,True,173,172
T2,BS,2611.0,2621.0,acquire,True,174,172
T2,BS,2621.0,2631.0,acquire,True,175,172
T2,BS,2631.0,2633.0,block_seal,True,172,172
T2,BS,2633.0,2634.0,row_checkpoint,True,,176
T2,BS,2634.0,2664.0,anchor,True,176,176
T2,BS,2664.0,2674.0,acquire,True,176,176
T2,BS,2674.0,2684.0,acquire,True,177,176
T2,BS,2684.0,2694.0,acquire,True,178,176
T2,BS,2694.0,2704.0,acquire,True,179,176
T2,BS,2704.0,2706.0,block_seal,True,176,176
T2,BS,2706.0,2716.0,acquire,True,180,180
T2,BS,2716.0,2726.0,acquire,True,181,180
T2,BS,2726.0,2736.0,acquire,True,182,180
T2,BS,2736.0,2746.0,acquire,True,183,180
T2,BS,2746.0,2748.0,block_seal,True,180,180
T2,BS,2748.0,2758.0,acquire,True,184,184
T2,BS,2758.0,2768.0,acquire,True,185,184
T2,BS,2768.0,2778.0,acquire,True,186,184
T2,BS,2778.0,2788.0,acquire,True,187,184
T2,BS,2788.0,2790.0,block_seal,True,184,184
T2,BS,2790.0,2800.0,acquire,True,188,188
T2,BS,2800.0,2810.0,acquire,True,189,188
T2,BS,2810.0,2820.0,acquire,True,190,188
T2,BS,2820.0,2830.0,acquire,True,191,188
T2,BS,2830.0,2832.0,block_seal,True,188,188
T2,BS,2832.0,2833.0,row_checkpoint,True,,192
T3,RC,0.0,120.0,home,True,,0
T3,RC,120.0,150.0,anchor,True,0,0
T3,RC,150.0,160.0,acquire,True,0,0
T3,RC,160.0,170.0,acquire,True,1,0
T3,RC,170.0,180.0,acquire,True,2,0
T3,RC,180.0,190.0,acquire,True,3,0
T3,RC,190.0,200.0,acquire,True,4,0
T3,RC,200.0,210.0,acquire,True,5,0
T3,RC,210.0,220.0,acquire,True,6,0
T3,RC,220.0,230.0,acquire,True,7,0
T3,RC,230.0,240.0,acquire,True,8,0
T3,RC,240.0,250.0,acquire,True,9,0
T3,RC,250.0,260.0,acquire,True,10,0
T3,RC,260.0,270.0,acquire,True,11,0
T3,RC,270.0,280.0,acquire,True,12,0
T3,RC,280.0,290.0,acquire,True,13,0
T3,RC,290.0,300.0,acquire,True,14,0
T3,RC,300.0,310.0,acquire,True,15,0
T3,RC,310.0,314.0,row_commit,True,0,0
T3,RC,314.0,344.0,anchor,True,16,16
T3,RC,344.0,354.0,acquire,True,16,16
T3,RC,354.0,364.0,acquire,True,17,16
T3,RC,364.0,374.0,acquire,True,18,16
T3,RC,374.0,384.0,acquire,True,19,16
T3,RC,384.0,390.0,acquire,False,20,16
T3,RC,390.0,510.0,home,True,,16
T3,RC,510.0,511.0,lookup,True,,16
T3,RC,511.0,541.0,anchor,True,16,16
T3,RC,541.0,551.0,acquire,True,16,16
T3,RC,551.0,561.0,acquire,True,17,16
T3,RC,561.0,571.0,acquire,True,18,16
T3,RC,571.0,581.0,acquire,True,19,16
T3,RC,581.0,591.0,acquire,True,20,16
T3,RC,591.0,601.0,acquire,True,21,16
T3,RC,601.0,611.0,acquire,True,22,16
T3,RC,611.0,621.0,acquire,True,23,16
T3,RC,621.0,631.0,acquire,True,24,16
T3,RC,631.0,641.0,acquire,True,25,16
T3,RC,641.0,651.0,acquire,True,26,16
T3,RC,651.0,661.0,acquire,True,27,16
T3,RC,661.0,671.0,acquire,True,28,16
T3,RC,671.0,681.0,acquire,True,29,16
T3,RC,681.0,691.0,acquire,True,30,16
T3,RC,691.0,701.0,acquire,True,31,16
T3,RC,701.0,705.0,row_commit,True,16,16
T3,RC,705.0,735.0,anchor,True,32,32
T3,RC,735.0,745.0,acquire,True,32,32
T3,RC,745.0,755.0,acquire,True,33,32
T3,RC,755.0,765.0,acquire,True,34,32
T3,RC,765.0,775.0,acquire,True,35,32
T3,RC,775.0,785.0,acquire,True,36,32
T3,RC,785.0,795.0,acquire,True,37,32
T3,RC,795.0,805.0,acquire,True,38,32
T3,RC,805.0,815.0,acquire,True,39,32
T3,RC,815.0,820.0,acquire,False,40,32
T3,RC,820.0,940.0,home,True,,32
T3,RC,940.0,941.0,lookup,True,,32
T3,RC,941.0,971.0,anchor,True,32,32
T3,RC,971.0,981.0,acquire,True,32,32
T3,RC,981.0,991.0,acquire,True,33,32
T3,RC,991.0,1001.0,acquire,True,34,32
T3,RC,1001.0,1011.0,acquire,True,35,32
T3,RC,1011.0,1021.0,acquire,True,36,32
T3,RC,1021.0,1031.0,acquire,True,37,32
T3,RC,1031.0,1041.0,acquire,True,38,32
T3,RC,1041.0,1051.0,acquire,True,39,32
T3,RC,1051.0,1061.0,acquire,True,40,32
T3,RC,1061.0,1071.0,acquire,True,41,32
T3,RC,1071.0,1081.0,acquire,True,42,32
T3,RC,1081.0,1091.0,acquire,True,43,32
T3,RC,1091.0,1101.0,acquire,True,44,32
T3,RC,1101.0,1111.0,acquire,True,45,32
T3,RC,1111.0,1121.0,acquire,True,46,32
T3,RC,1121.0,1131.0,acquire,True,47,32
T3,RC,1131.0,1135.0,row_commit,True,32,32
T3,RC,1135.0,1165.0,anchor,True,48,48
T3,RC,1165.0,1175.0,acquire,True,48,48
T3,RC,1175.0,1185.0,acquire,True,49,48
T3,RC,1185.0,1195.0,acquire,True,50,48
T3,RC,1195.0,1205.0,acquire,True,51,48
T3,RC,1205.0,1215.0,acquire,True,52,48
T3,RC,1215.0,1225.0,acquire,True,53,48
T3,RC,1225.0,1235.0,acquire,True,54,48
T3,RC,1235.0,1245.0,acquire,True,55,48
T3,RC,1245.0,1250.0,acquire,False,56,48
T3,RC,1250.0,1370.0,home,True,,48
T3,RC,1370.0,1371.0,lookup,True,,48
T3,RC,1371.0,1401.0,anchor,True,48,48
T3,RC,1401.0,1411.0,acquire,True,48,48
T3,RC,1411.0,1421.0,acquire,True,49,48
T3,RC,1421.0,1431.0,acquire,True,50,48
T3,RC,1431.0,1441.0,acquire,True,51,48
T3,RC,1441.0,1451.0,acquire,True,52,48
T3,RC,1451.0,1461.0,acquire,True,53,48
T3,RC,1461.0,1471.0,acquire,True,54,48
T3,RC,1471.0,1481.0,acquire,True,55,48
T3,RC,1481.0,1491.0,acquire,True,56,48
T3,RC,1491.0,1501.0,acquire,True,57,48
T3,RC,1501.0,1511.0,acquire,True,58,48
T3,RC,1511.0,1521.0,acquire,True,59,48
T3,RC,1521.0,1531.0,acquire,True,60,48
T3,RC,1531.0,1541.0,acquire,True,61,48
T3,RC,1541.0,1551.0,acquire,True,62,48
T3,RC,1551.0,1561.0,acquire,True,63,48
T3,RC,1561.0,1565.0,row_commit,True,48,48
T3,RC,1565.0,1595.0,anchor,True,64,64
T3,RC,1595.0,1605.0,acquire,True,64,64
T3,RC,1605.0,1615.0,acquire,True,65,64
T3,RC,1615.0,1625.0,acquire,True,66,64
T3,RC,1625.0,1635.0,acquire,True,67,64
T3,RC,1635.0,1645.0,acquire,True,68,64
T3,RC,1645.0,1655.0,acquire,True,69,64
T3,RC,1655.0,1665.0,acquire,True,70,64
T3,RC,1665.0,1675.0,acquire,True,71,64
T3,RC,1675.0,1680.0,acquire,False,72,64
T3,RC,1680.0,1800.0,home,True,,64
T3,RC,1800.0,1801.0,lookup,True,,64
T3,RC,1801.0,1831.0,anchor,True,64,64
T3,RC,1831.0,1841.0,acquire,True,64,64
T3,RC,1841.0,1851.0,acquire,True,65,64
T3,RC,1851.0,1861.0,acquire,True,66,64
T3,RC,1861.0,1871.0,acquire,True,67,64
T3,RC,1871.0,1881.0,acquire,True,68,64
T3,RC,1881.0,1891.0,acquire,True,69,64
T3,RC,1891.0,1901.0,acquire,True,70,64
T3,RC,1901.0,1911.0,acquire,True,71,64
T3,RC,1911.0,1921.0,acquire,True,72,64
T3,RC,1921.0,1931.0,acquire,True,73,64
T3,RC,1931.0,1941.0,acquire,True,74,64
T3,RC,1941.0,1951.0,acquire,True,75,64
T3,RC,1951.0,1961.0,acquire,True,76,64
T3,RC,1961.0,1971.0,acquire,True,77,64
T3,RC,1971.0,1981.0,acquire,True,78,64
T3,RC,1981.0,1991.0,acquire,True,79,64
T3,RC,1991.0,1995.0,row_commit,True,64,64
T3,RC,1995.0,2025.0,anchor,True,80,80
T3,RC,2025.0,2035.0,acquire,True,80,80
T3,RC,2035.0,2045.0,acquire,True,81,80
T3,RC,2045.0,2055.0,acquire,True,82,80
T3,RC,2055.0,2065.0,acquire,True,83,80
T3,RC,2065.0,2075.0,acquire,True,84,80
T3,RC,2075.0,2085.0,acquire,True,85,80
T3,RC,2085.0,2095.0,acquire,True,86,80
T3,RC,2095.0,2105.0,acquire,True,87,80
T3,RC,2105.0,2110.0,acquire,False,88,80
T3,RC,2110.0,2230.0,home,True,,80
T3,RC,2230.0,2231.0,lookup,True,,80
T3,RC,2231.0,2261.0,anchor,True,80,80
T3,RC,2261.0,2271.0,acquire,True,80,80
T3,RC,2271.0,2281.0,acquire,True,81,80
T3,RC,2281.0,2291.0,acquire,True,82,80
T3,RC,2291.0,2301.0,acquire,True,83,80
T3,RC,2301.0,2311.0,acquire,True,84,80
T3,RC,2311.0,2321.0,acquire,True,85,80
T3,RC,2321.0,2331.0,acquire,True,86,80
T3,RC,2331.0,2341.0,acquire,True,87,80
T3,RC,2341.0,2351.0,acquire,True,88,80
T3,RC,2351.0,2361.0,acquire,True,89,80
T3,RC,2361.0,2371.0,acquire,True,90,80
T3,RC,2371.0,2381.0,acquire,True,91,80
T3,RC,2381.0,2391.0,acquire,True,92,80
T3,RC,2391.0,2401.0,acquire,True,93,80
T3,RC,2401.0,2411.0,acquire,True,94,80
T3,RC,2411.0,2421.0,acquire,True,95,80
T3,RC,2421.0,2425.0,row_commit,True,80,80
T3,RC,2425.0,2455.0,anchor,True,96,96
T3,RC,2455.0,2465.0,acquire,True,96,96
T3,RC,2465.0,2475.0,acquire,True,97,96
T3,RC,2475.0,2485.0,acquire,True,98,96
T3,RC,2485.0,2495.0,acquire,True,99,96
T3,RC,2495.0,2505.0,acquire,True,100,96
T3,RC,2505.0,2515.0,acquire,True,101,96
T3,RC,2515.0,2525.0,acquire,True,102,96
T3,RC,2525.0,2535.0,acquire,True,103,96
T3,RC,2535.0,2540.0,acquire,False,104,96
T3,RC,2540.0,2660.0,home,True,,96
T3,RC,2660.0,2661.0,lookup,True,,96
T3,RC,2661.0,2691.0,anchor,True,96,96
T3,RC,2691.0,2701.0,acquire,True,96,96
T3,RC,2701.0,2711.0,acquire,True,97,96
T3,RC,2711.0,2721.0,acquire,True,98,96
T3,RC,2721.0,2731.0,acquire,True,99,96
T3,RC,2731.0,2741.0,acquire,True,100,96
T3,RC,2741.0,2751.0,acquire,True,101,96
T3,RC,2751.0,2761.0,acquire,True,102,96
T3,RC,2761.0,2771.0,acquire,True,103,96
T3,RC,2771.0,2781.0,acquire,True,104,96
T3,RC,2781.0,2791.0,acquire,True,105,96
T3,RC,2791.0,2801.0,acquire,True,106,96
T3,RC,2801.0,2811.0,acquire,True,107,96
T3,RC,2811.0,2821.0,acquire,True,108,96
T3,RC,2821.0,2831.0,acquire,True,109,96
T3,RC,2831.0,2841.0,acquire,True,110,96
T3,RC,2841.0,2851.0,acquire,True,111,96
T3,RC,2851.0,2855.0,row_commit,True,96,96
T3,RC,2855.0,2885.0,anchor,True,112,112
T3,RC,2885.0,2895.0,acquire,True,112,112
T3,RC,2895.0,2905.0,acquire,True,113,112
T3,RC,2905.0,2915.0,acquire,True,114,112
T3,RC,2915.0,2925.0,acquire,True,115,112
T3,RC,2925.0,2935.0,acquire,True,116,112
T3,RC,2935.0,2945.0,acquire,True,117,112
T3,RC,2945.0,2955.0,acquire,True,118,112
T3,RC,2955.0,2965.0,acquire,True,119,112
T3,RC,2965.0,2975.0,acquire,True,120,112
T3,RC,2975.0,2985.0,acquire,True,121,112
T3,RC,2985.0,2995.0,acquire,True,122,112
T3,RC,2995.0,3005.0,acquire,True,123,112
T3,RC,3005.0,3015.0,acquire,True,124,112
T3,RC,3015.0,3025.0,acquire,True,125,112
T3,RC,3025.0,3035.0,acquire,True,126,112
T3,RC,3035.0,3045.0,acquire,True,127,112
T3,RC,3045.0,3049.0,row_commit,True,112,112
T3,RC,3049.0,3079.0,anchor,True,128,128
T3,RC,3079.0,3089.0,acquire,True,128,128
T3,RC,3089.0,3099.0,acquire,True,129,128
T3,RC,3099.0,3109.0,acquire,True,130,128
T3,RC,3109.0,3119.0,acquire,True,131,128
T3,RC,3119.0,3129.0,acquire,True,132,128
T3,RC,3129.0,3139.0,acquire,True,133,128
T3,RC,3139.0,3149.0,acquire,True,134,128
T3,RC,3149.0,3159.0,acquire,True,135,128
T3,RC,3159.0,3169.0,acquire,True,136,128
T3,RC,3169.0,3179.0,acquire,True,137,128
T3,RC,3179.0,3189.0,acquire,True,138,128
T3,RC,3189.0,3199.0,acquire,True,139,128
T3,RC,3199.0,3209.0,acquire,True,140,128
T3,RC,3209.0,3219.0,acquire,True,141,128
T3,RC,3219.0,3229.0,acquire,True,142,128
T3,RC,3229.0,3239.0,acquire,True,143,128
T3,RC,3239.0,3243.0,row_commit,True,128,128
T3,RC,3243.0,3273.0,anchor,True,144,144
T3,RC,3273.0,3283.0,acquire,True,144,144
T3,RC,3283.0,3293.0,acquire,True,145,144
T3,RC,3293.0,3303.0,acquire,True,146,144
T3,RC,3303.0,3313.0,acquire,True,147,144
T3,RC,3313.0,3323.0,acquire,True,148,144
T3,RC,3323.0,3333.0,acquire,True,149,144
T3,RC,3333.0,3343.0,acquire,True,150,144
T3,RC,3343.0,3353.0,acquire,True,151,144
T3,RC,3353.0,3363.0,acquire,True,152,144
T3,RC,3363.0,3373.0,acquire,True,153,144
T3,RC,3373.0,3383.0,acquire,True,154,144
T3,RC,3383.0,3393.0,acquire,True,155,144
T3,RC,3393.0,3403.0,acquire,True,156,144
T3,RC,3403.0,3413.0,acquire,True,157,144
T3,RC,3413.0,3423.0,acquire,True,158,144
T3,RC,3423.0,3433.0,acquire,True,159,144
T3,RC,3433.0,3437.0,row_commit,True,144,144
T3,RC,3437.0,3467.0,anchor,True,160,160
T3,RC,3467.0,3477.0,acquire,True,160,160
T3,RC,3477.0,3487.0,acquire,True,161,160
T3,RC,3487.0,3497.0,acquire,True,162,160
T3,RC,3497.0,3507.0,acquire,True,163,160
T3,RC,3507.0,3517.0,acquire,True,164,160
T3,RC,3517.0,3527.0,acquire,True,165,160
T3,RC,3527.0,3537.0,acquire,True,166,160
T3,RC,3537.0,3547.0,acquire,True,167,160
T3,RC,3547.0,3557.0,acquire,True,168,160
T3,RC,3557.0,3567.0,acquire,True,169,160
T3,RC,3567.0,3577.0,acquire,True,170,160
T3,RC,3577.0,3587.0,acquire,True,171,160
T3,RC,3587.0,3597.0,acquire,True,172,160
T3,RC,3597.0,3607.0,acquire,True,173,160
T3,RC,3607.0,3617.0,acquire,True,174,160
T3,RC,3617.0,3627.0,acquire,True,175,160
T3,RC,3627.0,3631.0,row_commit,True,160,160
T3,RC,3631.0,3661.0,anchor,True,176,176
T3,RC,3661.0,3671.0,acquire,True,176,176
T3,RC,3671.0,3681.0,acquire,True,177,176
T3,RC,3681.0,3691.0,acquire,True,178,176
T3,RC,3691.0,3701.0,acquire,True,179,176
T3,RC,3701.0,3711.0,acquire,True,180,176
T3,RC,3711.0,3721.0,acquire,True,181,176
T3,RC,3721.0,3731.0,acquire,True,182,176
T3,RC,3731.0,3741.0,acquire,True,183,176
T3,RC,3741.0,3751.0,acquire,True,184,176
T3,RC,3751.0,3761.0,acquire,True,185,176
T3,RC,3761.0,3771.0,acquire,True,186,176
T3,RC,3771.0,3781.0,acquire,True,187,176
T3,RC,3781.0,3791.0,acquire,True,188,176
T3,RC,3791.0,3801.0,acquire,True,189,176
T3,RC,3801.0,3811.0,acquire,True,190,176
T3,RC,3811.0,3821.0,acquire,True,191,176
T3,RC,3821.0,3825.0,row_commit,True,176,176
T3,AR,0.0,120.0,home,True,,0
T3,AR,120.0,150.0,anchor,True,0,0
T3,AR,150.0,160.0,acquire,True,0,0
T3,AR,160.0,160.8,record_commit,True,0,0
T3,AR,160.8,170.8,acquire,True,1,1
T3,AR,170.8,171.6,record_commit,True,1,1
T3,AR,171.6,181.6,acquire,True,2,2
T3,AR,181.6,182.4,record_commit,True,2,2
T3,AR,182.4,192.4,acquire,True,3,3
T3,AR,192.4,193.2,record_commit,True,3,3
T3,AR,193.2,203.2,acquire,True,4,4
T3,AR,203.2,204.0,record_commit,True,4,4
T3,AR,204.0,214.0,acquire,True,5,5
T3,AR,214.0,214.8,record_commit,True,5,5
T3,AR,214.8,224.8,acquire,True,6,6
T3,AR,224.8,225.6,record_commit,True,6,6
T3,AR,225.6,235.6,acquire,True,7,7
T3,AR,235.6,236.4,record_commit,True,7,7
T3,AR,236.4,246.4,acquire,True,8,8
T3,AR,246.4,247.2,record_commit,True,8,8
T3,AR,247.2,257.2,acquire,True,9,9
T3,AR,257.2,258.0,record_commit,True,9,9
T3,AR,258.0,268.0,acquire,True,10,10
T3,AR,268.0,268.8,record_commit,True,10,10
T3,AR,268.8,278.8,acquire,True,11,11
T3,AR,278.8,279.6,record_commit,True,11,11
T3,AR,279.6,289.6,acquire,True,12,12
T3,AR,289.6,290.4,record_commit,True,12,12
T3,AR,290.4,300.4,acquire,True,13,13
T3,AR,300.4,301.2,record_commit,True,13,13
T3,AR,301.2,311.2,acquire,True,14,14
T3,AR,311.2,312.0,record_commit,True,14,14
T3,AR,312.0,322.0,acquire,True,15,15
T3,AR,322.0,322.8,record_commit,True,15,15
T3,AR,322.8,352.8,anchor,True,16,16
T3,AR,352.8,362.8,acquire,True,16,16
T3,AR,362.8,363.6,record_commit,True,16,16
T3,AR,363.6,373.6,acquire,True,17,17
T3,AR,373.6,374.4,record_commit,True,17,17
T3,AR,374.4,384.4,acquire,True,18,18
T3,AR,384.4,385.2,record_commit,True,18,18
T3,AR,385.2,390.0,acquire,False,19,19
T3,AR,390.0,510.0,home,True,,19
T3,AR,510.0,514.0,lookup,True,,19
T3,AR,514.0,544.0,anchor,True,19,19
T3,AR,544.0,554.0,acquire,True,19,19
T3,AR,554.0,554.8,record_commit,True,19,19
T3,AR,554.8,564.8,acquire,True,20,20
T3,AR,564.8,565.6,record_commit,True,20,20
T3,AR,565.6,575.6,acquire,True,21,21
T3,AR,575.6,576.4,record_commit,True,21,21
T3,AR,576.4,586.4,acquire,True,22,22
T3,AR,586.4,587.2,record_commit,True,22,22
T3,AR,587.2,597.2,acquire,True,23,23
T3,AR,597.2,598.0,record_commit,True,23,23
T3,AR,598.0,608.0,acquire,True,24,24
T3,AR,608.0,608.8,record_commit,True,24,24
T3,AR,608.8,618.8,acquire,True,25,25
T3,AR,618.8,619.6,record_commit,True,25,25
T3,AR,619.6,629.6,acquire,True,26,26
T3,AR,629.6,630.4,record_commit,True,26,26
T3,AR,630.4,640.4,acquire,True,27,27
T3,AR,640.4,641.2,record_commit,True,27,27
T3,AR,641.2,651.2,acquire,True,28,28
T3,AR,651.2,652.0,record_commit,True,28,28
T3,AR,652.0,662.0,acquire,True,29,29
T3,AR,662.0,662.8,record_commit,True,29,29
T3,AR,662.8,672.8,acquire,True,30,30
T3,AR,672.8,673.6,record_commit,True,30,30
T3,AR,673.6,683.6,acquire,True,31,31
T3,AR,683.6,684.4,record_commit,True,31,31
T3,AR,684.4,714.4,anchor,True,32,32
T3,AR,714.4,724.4,acquire,True,32,32
T3,AR,724.4,725.2,record_commit,True,32,32
T3,AR,725.2,735.2,acquire,True,33,33
T3,AR,735.2,736.0,record_commit,True,33,33
T3,AR,736.0,746.0,acquire,True,34,34
T3,AR,746.0,746.8,record_commit,True,34,34
T3,AR,746.8,756.8,acquire,True,35,35
T3,AR,756.8,757.6,record_commit,True,35,35
T3,AR,757.6,767.6,acquire,True,36,36
T3,AR,767.6,768.4,record_commit,True,36,36
T3,AR,768.4,778.4,acquire,True,37,37
T3,AR,778.4,779.2,record_commit,True,37,37
T3,AR,779.2,789.2,acquire,True,38,38
T3,AR,789.2,790.0,record_commit,True,38,38
T3,AR,790.0,800.0,acquire,True,39,39
T3,AR,800.0,800.8,record_commit,True,39,39
T3,AR,800.8,810.8,acquire,True,40,40
T3,AR,810.8,811.6,record_commit,True,40,40
T3,AR,811.6,820.0,acquire,False,41,41
T3,AR,820.0,940.0,home,True,,41
T3,AR,940.0,944.0,lookup,True,,41
T3,AR,944.0,974.0,anchor,True,41,41
T3,AR,974.0,984.0,acquire,True,41,41
T3,AR,984.0,984.8,record_commit,True,41,41
T3,AR,984.8,994.8,acquire,True,42,42
T3,AR,994.8,995.6,record_commit,True,42,42
T3,AR,995.6,1005.6,acquire,True,43,43
T3,AR,1005.6,1006.4,record_commit,True,43,43
T3,AR,1006.4,1016.4,acquire,True,44,44
T3,AR,1016.4,1017.2,record_commit,True,44,44
T3,AR,1017.2,1027.2,acquire,True,45,45
T3,AR,1027.2,1028.0,record_commit,True,45,45
T3,AR,1028.0,1038.0,acquire,True,46,46
T3,AR,1038.0,1038.8,record_commit,True,46,46
T3,AR,1038.8,1048.8,acquire,True,47,47
T3,AR,1048.8,1049.6,record_commit,True,47,47
T3,AR,1049.6,1079.6,anchor,True,48,48
T3,AR,1079.6,1089.6,acquire,True,48,48
T3,AR,1089.6,1090.4,record_commit,True,48,48
T3,AR,1090.4,1100.4,acquire,True,49,49
T3,AR,1100.4,1101.2,record_commit,True,49,49
T3,AR,1101.2,1111.2,acquire,True,50,50
T3,AR,1111.2,1112.0,record_commit,True,50,50
T3,AR,1112.0,1122.0,acquire,True,51,51
T3,AR,1122.0,1122.8,record_commit,True,51,51
T3,AR,1122.8,1132.8,acquire,True,52,52
T3,AR,1132.8,1133.6,record_commit,True,52,52
T3,AR,1133.6,1143.6,acquire,True,53,53
T3,AR,1143.6,1144.4,record_commit,True,53,53
T3,AR,1144.4,1154.4,acquire,True,54,54
T3,AR,1154.4,1155.2,record_commit,True,54,54
T3,AR,1155.2,1165.2,acquire,True,55,55
T3,AR,1165.2,1166.0,record_commit,True,55,55
T3,AR,1166.0,1176.0,acquire,True,56,56
T3,AR,1176.0,1176.8,record_commit,True,56,56
T3,AR,1176.8,1186.8,acquire,True,57,57
T3,AR,1186.8,1187.6,record_commit,True,57,57
T3,AR,1187.6,1197.6,acquire,True,58,58
T3,AR,1197.6,1198.4,record_commit,True,58,58
T3,AR,1198.4,1208.4,acquire,True,59,59
T3,AR,1208.4,1209.2,record_commit,True,59,59
T3,AR,1209.2,1219.2,acquire,True,60,60
T3,AR,1219.2,1220.0,record_commit,True,60,60
T3,AR,1220.0,1230.0,acquire,True,61,61
T3,AR,1230.0,1230.8,record_commit,True,61,61
T3,AR,1230.8,1240.8,acquire,True,62,62
T3,AR,1240.8,1241.6,record_commit,True,62,62
T3,AR,1241.6,1250.0,acquire,False,63,63
T3,AR,1250.0,1370.0,home,True,,63
T3,AR,1370.0,1374.0,lookup,True,,63
T3,AR,1374.0,1404.0,anchor,True,63,63
T3,AR,1404.0,1414.0,acquire,True,63,63
T3,AR,1414.0,1414.8,record_commit,True,63,63
T3,AR,1414.8,1444.8,anchor,True,64,64
T3,AR,1444.8,1454.8,acquire,True,64,64
T3,AR,1454.8,1455.6,record_commit,True,64,64
T3,AR,1455.6,1465.6,acquire,True,65,65
T3,AR,1465.6,1466.4,record_commit,True,65,65
T3,AR,1466.4,1476.4,acquire,True,66,66
T3,AR,1476.4,1477.2,record_commit,True,66,66
T3,AR,1477.2,1487.2,acquire,True,67,67
T3,AR,1487.2,1488.0,record_commit,True,67,67
T3,AR,1488.0,1498.0,acquire,True,68,68
T3,AR,1498.0,1498.8,record_commit,True,68,68
T3,AR,1498.8,1508.8,acquire,True,69,69
T3,AR,1508.8,1509.6,record_commit,True,69,69
T3,AR,1509.6,1519.6,acquire,True,70,70
T3,AR,1519.6,1520.4,record_commit,True,70,70
T3,AR,1520.4,1530.4,acquire,True,71,71
T3,AR,1530.4,1531.2,record_commit,True,71,71
T3,AR,1531.2,1541.2,acquire,True,72,72
T3,AR,1541.2,1542.0,record_commit,True,72,72
T3,AR,1542.0,1552.0,acquire,True,73,73
T3,AR,1552.0,1552.8,record_commit,True,73,73
T3,AR,1552.8,1562.8,acquire,True,74,74
T3,AR,1562.8,1563.6,record_commit,True,74,74
T3,AR,1563.6,1573.6,acquire,True,75,75
T3,AR,1573.6,1574.4,record_commit,True,75,75
T3,AR,1574.4,1584.4,acquire,True,76,76
T3,AR,1584.4,1585.2,record_commit,True,76,76
T3,AR,1585.2,1595.2,acquire,True,77,77
T3,AR,1595.2,1596.0,record_commit,True,77,77
T3,AR,1596.0,1606.0,acquire,True,78,78
T3,AR,1606.0,1606.8,record_commit,True,78,78
T3,AR,1606.8,1616.8,acquire,True,79,79
T3,AR,1616.8,1617.6,record_commit,True,79,79
T3,AR,1617.6,1647.6,anchor,True,80,80
T3,AR,1647.6,1657.6,acquire,True,80,80
T3,AR,1657.6,1658.4,record_commit,True,80,80
T3,AR,1658.4,1668.4,acquire,True,81,81
T3,AR,1668.4,1669.2,record_commit,True,81,81
T3,AR,1669.2,1679.2,acquire,True,82,82
T3,AR,1679.2,1680.0,record_commit,False,82,82
T3,AR,1680.0,1800.0,home,True,,82
T3,AR,1800.0,1804.0,lookup,True,,82
T3,AR,1804.0,1834.0,anchor,True,82,82
T3,AR,1834.0,1844.0,acquire,True,82,82
T3,AR,1844.0,1844.8,record_commit,True,82,82
T3,AR,1844.8,1854.8,acquire,True,83,83
T3,AR,1854.8,1855.6,record_commit,True,83,83
T3,AR,1855.6,1865.6,acquire,True,84,84
T3,AR,1865.6,1866.4,record_commit,True,84,84
T3,AR,1866.4,1876.4,acquire,True,85,85
T3,AR,1876.4,1877.2,record_commit,True,85,85
T3,AR,1877.2,1887.2,acquire,True,86,86
T3,AR,1887.2,1888.0,record_commit,True,86,86
T3,AR,1888.0,1898.0,acquire,True,87,87
T3,AR,1898.0,1898.8,record_commit,True,87,87
T3,AR,1898.8,1908.8,acquire,True,88,88
T3,AR,1908.8,1909.6,record_commit,True,88,88
T3,AR,1909.6,1919.6,acquire,True,89,89
T3,AR,1919.6,1920.4,record_commit,True,89,89
T3,AR,1920.4,1930.4,acquire,True,90,90
T3,AR,1930.4,1931.2,record_commit,True,90,90
T3,AR,1931.2,1941.2,acquire,True,91,91
T3,AR,1941.2,1942.0,record_commit,True,91,91
T3,AR,1942.0,1952.0,acquire,True,92,92
T3,AR,1952.0,1952.8,record_commit,True,92,92
T3,AR,1952.8,1962.8,acquire,True,93,93
T3,AR,1962.8,1963.6,record_commit,True,93,93
T3,AR,1963.6,1973.6,acquire,True,94,94
T3,AR,1973.6,1974.4,record_commit,True,94,94
T3,AR,1974.4,1984.4,acquire,True,95,95
T3,AR,1984.4,1985.2,record_commit,True,95,95
T3,AR,1985.2,2015.2,anchor,True,96,96
T3,AR,2015.2,2025.2,acquire,True,96,96
T3,AR,2025.2,2026.0,record_commit,True,96,96
T3,AR,2026.0,2036.0,acquire,True,97,97
T3,AR,2036.0,2036.8,record_commit,True,97,97
T3,AR,2036.8,2046.8,acquire,True,98,98
T3,AR,2046.8,2047.6,record_commit,True,98,98
T3,AR,2047.6,2057.6,acquire,True,99,99
T3,AR,2057.6,2058.4,record_commit,True,99,99
T3,AR,2058.4,2068.4,acquire,True,100,100
T3,AR,2068.4,2069.2,record_commit,True,100,100
T3,AR,2069.2,2079.2,acquire,True,101,101
T3,AR,2079.2,2080.0,record_commit,True,101,101
T3,AR,2080.0,2090.0,acquire,True,102,102
T3,AR,2090.0,2090.8,record_commit,True,102,102
T3,AR,2090.8,2100.8,acquire,True,103,103
T3,AR,2100.8,2101.6,record_commit,True,103,103
T3,AR,2101.6,2110.0,acquire,False,104,104
T3,AR,2110.0,2230.0,home,True,,104
T3,AR,2230.0,2234.0,lookup,True,,104
T3,AR,2234.0,2264.0,anchor,True,104,104
T3,AR,2264.0,2274.0,acquire,True,104,104
T3,AR,2274.0,2274.8,record_commit,True,104,104
T3,AR,2274.8,2284.8,acquire,True,105,105
T3,AR,2284.8,2285.6,record_commit,True,105,105
T3,AR,2285.6,2295.6,acquire,True,106,106
T3,AR,2295.6,2296.4,record_commit,True,106,106
T3,AR,2296.4,2306.4,acquire,True,107,107
T3,AR,2306.4,2307.2,record_commit,True,107,107
T3,AR,2307.2,2317.2,acquire,True,108,108
T3,AR,2317.2,2318.0,record_commit,True,108,108
T3,AR,2318.0,2328.0,acquire,True,109,109
T3,AR,2328.0,2328.8,record_commit,True,109,109
T3,AR,2328.8,2338.8,acquire,True,110,110
T3,AR,2338.8,2339.6,record_commit,True,110,110
T3,AR,2339.6,2349.6,acquire,True,111,111
T3,AR,2349.6,2350.4,record_commit,True,111,111
T3,AR,2350.4,2380.4,anchor,True,112,112
T3,AR,2380.4,2390.4,acquire,True,112,112
T3,AR,2390.4,2391.2,record_commit,True,112,112
T3,AR,2391.2,2401.2,acquire,True,113,113
T3,AR,2401.2,2402.0,record_commit,True,113,113
T3,AR,2402.0,2412.0,acquire,True,114,114
T3,AR,2412.0,2412.8,record_commit,True,114,114
T3,AR,2412.8,2422.8,acquire,True,115,115
T3,AR,2422.8,2423.6,record_commit,True,115,115
T3,AR,2423.6,2433.6,acquire,True,116,116
T3,AR,2433.6,2434.4,record_commit,True,116,116
T3,AR,2434.4,2444.4,acquire,True,117,117
T3,AR,2444.4,2445.2,record_commit,True,117,117
T3,AR,2445.2,2455.2,acquire,True,118,118
T3,AR,2455.2,2456.0,record_commit,True,118,118
T3,AR,2456.0,2466.0,acquire,True,119,119
T3,AR,2466.0,2466.8,record_commit,True,119,119
T3,AR,2466.8,2476.8,acquire,True,120,120
T3,AR,2476.8,2477.6,record_commit,True,120,120
T3,AR,2477.6,2487.6,acquire,True,121,121
T3,AR,2487.6,2488.4,record_commit,True,121,121
T3,AR,2488.4,2498.4,acquire,True,122,122
T3,AR,2498.4,2499.2,record_commit,True,122,122
T3,AR,2499.2,2509.2,acquire,True,123,123
T3,AR,2509.2,2510.0,record_commit,True,123,123
T3,AR,2510.0,2520.0,acquire,True,124,124
T3,AR,2520.0,2520.8,record_commit,True,124,124
T3,AR,2520.8,2530.8,acquire,True,125,125
T3,AR,2530.8,2531.6,record_commit,True,125,125
T3,AR,2531.6,2540.0,acquire,False,126,126
T3,AR,2540.0,2660.0,home,True,,126
T3,AR,2660.0,2664.0,lookup,True,,126
T3,AR,2664.0,2694.0,anchor,True,126,126
T3,AR,2694.0,2704.0,acquire,True,126,126
T3,AR,2704.0,2704.8,record_commit,True,126,126
T3,AR,2704.8,2714.8,acquire,True,127,127
T3,AR,2714.8,2715.6,record_commit,True,127,127
T3,AR,2715.6,2745.6,anchor,True,128,128
T3,AR,2745.6,2755.6,acquire,True,128,128
T3,AR,2755.6,2756.4,record_commit,True,128,128
T3,AR,2756.4,2766.4,acquire,True,129,129
T3,AR,2766.4,2767.2,record_commit,True,129,129
T3,AR,2767.2,2777.2,acquire,True,130,130
T3,AR,2777.2,2778.0,record_commit,True,130,130
T3,AR,2778.0,2788.0,acquire,True,131,131
T3,AR,2788.0,2788.8,record_commit,True,131,131
T3,AR,2788.8,2798.8,acquire,True,132,132
T3,AR,2798.8,2799.6,record_commit,True,132,132
T3,AR,2799.6,2809.6,acquire,True,133,133
T3,AR,2809.6,2810.4,record_commit,True,133,133
T3,AR,2810.4,2820.4,acquire,True,134,134
T3,AR,2820.4,2821.2,record_commit,True,134,134
T3,AR,2821.2,2831.2,acquire,True,135,135
T3,AR,2831.2,2832.0,record_commit,True,135,135
T3,AR,2832.0,2842.0,acquire,True,136,136
T3,AR,2842.0,2842.8,record_commit,True,136,136
T3,AR,2842.8,2852.8,acquire,True,137,137
T3,AR,2852.8,2853.6,record_commit,True,137,137
T3,AR,2853.6,2863.6,acquire,True,138,138
T3,AR,2863.6,2864.4,record_commit,True,138,138
T3,AR,2864.4,2874.4,acquire,True,139,139
T3,AR,2874.4,2875.2,record_commit,True,139,139
T3,AR,2875.2,2885.2,acquire,True,140,140
T3,AR,2885.2,2886.0,record_commit,True,140,140
T3,AR,2886.0,2896.0,acquire,True,141,141
T3,AR,2896.0,2896.8,record_commit,True,141,141
T3,AR,2896.8,2906.8,acquire,True,142,142
T3,AR,2906.8,2907.6,record_commit,True,142,142
T3,AR,2907.6,2917.6,acquire,True,143,143
T3,AR,2917.6,2918.4,record_commit,True,143,143
T3,AR,2918.4,2948.4,anchor,True,144,144
T3,AR,2948.4,2958.4,acquire,True,144,144
T3,AR,2958.4,2959.2,record_commit,True,144,144
T3,AR,2959.2,2969.2,acquire,True,145,145
T3,AR,2969.2,2970.0,record_commit,True,145,145
T3,AR,2970.0,2980.0,acquire,True,146,146
T3,AR,2980.0,2980.8,record_commit,True,146,146
T3,AR,2980.8,2990.8,acquire,True,147,147
T3,AR,2990.8,2991.6,record_commit,True,147,147
T3,AR,2991.6,3001.6,acquire,True,148,148
T3,AR,3001.6,3002.4,record_commit,True,148,148
T3,AR,3002.4,3012.4,acquire,True,149,149
T3,AR,3012.4,3013.2,record_commit,True,149,149
T3,AR,3013.2,3023.2,acquire,True,150,150
T3,AR,3023.2,3024.0,record_commit,True,150,150
T3,AR,3024.0,3034.0,acquire,True,151,151
T3,AR,3034.0,3034.8,record_commit,True,151,151
T3,AR,3034.8,3044.8,acquire,True,152,152
T3,AR,3044.8,3045.6,record_commit,True,152,152
T3,AR,3045.6,3055.6,acquire,True,153,153
T3,AR,3055.6,3056.4,record_commit,True,153,153
T3,AR,3056.4,3066.4,acquire,True,154,154
T3,AR,3066.4,3067.2,record_commit,True,154,154
T3,AR,3067.2,3077.2,acquire,True,155,155
T3,AR,3077.2,3078.0,record_commit,True,155,155
T3,AR,3078.0,3088.0,acquire,True,156,156
T3,AR,3088.0,3088.8,record_commit,True,156,156
T3,AR,3088.8,3098.8,acquire,True,157,157
T3,AR,3098.8,3099.6,record_commit,True,157,157
T3,AR,3099.6,3109.6,acquire,True,158,158
T3,AR,3109.6,3110.4,record_commit,True,158,158
T3,AR,3110.4,3120.4,acquire,True,159,159
T3,AR,3120.4,3121.2,record_commit,True,159,159
T3,AR,3121.2,3151.2,anchor,True,160,160
T3,AR,3151.2,3161.2,acquire,True,160,160
T3,AR,3161.2,3162.0,record_commit,True,160,160
T3,AR,3162.0,3172.0,acquire,True,161,161
T3,AR,3172.0,3172.8,record_commit,True,161,161
T3,AR,3172.8,3182.8,acquire,True,162,162
T3,AR,3182.8,3183.6,record_commit,True,162,162
T3,AR,3183.6,3193.6,acquire,True,163,163
T3,AR,3193.6,3194.4,record_commit,True,163,163
T3,AR,3194.4,3204.4,acquire,True,164,164
T3,AR,3204.4,3205.2,record_commit,True,164,164
T3,AR,3205.2,3215.2,acquire,True,165,165
T3,AR,3215.2,3216.0,record_commit,True,165,165
T3,AR,3216.0,3226.0,acquire,True,166,166
T3,AR,3226.0,3226.8,record_commit,True,166,166
T3,AR,3226.8,3236.8,acquire,True,167,167
T3,AR,3236.8,3237.6,record_commit,True,167,167
T3,AR,3237.6,3247.6,acquire,True,168,168
T3,AR,3247.6,3248.4,record_commit,True,168,168
T3,AR,3248.4,3258.4,acquire,True,169,169
T3,AR,3258.4,3259.2,record_commit,True,169,169
T3,AR,3259.2,3269.2,acquire,True,170,170
T3,AR,3269.2,3270.0,record_commit,True,170,170
T3,AR,3270.0,3280.0,acquire,True,171,171
T3,AR,3280.0,3280.8,record_commit,True,171,171
T3,AR,3280.8,3290.8,acquire,True,172,172
T3,AR,3290.8,3291.6,record_commit,True,172,172
T3,AR,3291.6,3301.6,acquire,True,173,173
T3,AR,3301.6,3302.4,record_commit,True,173,173
T3,AR,3302.4,3312.4,acquire,True,174,174
T3,AR,3312.4,3313.2,record_commit,True,174,174
T3,AR,3313.2,3323.2,acquire,True,175,175
T3,AR,3323.2,3324.0,record_commit,True,175,175
T3,AR,3324.0,3354.0,anchor,True,176,176
T3,AR,3354.0,3364.0,acquire,True,176,176
T3,AR,3364.0,3364.8,record_commit,True,176,176
T3,AR,3364.8,3374.8,acquire,True,177,177
T3,AR,3374.8,3375.6,record_commit,True,177,177
T3,AR,3375.6,3385.6,acquire,True,178,178
T3,AR,3385.6,3386.4,record_commit,True,178,178
T3,AR,3386.4,3396.4,acquire,True,179,179
T3,AR,3396.4,3397.2,record_commit,True,179,179
T3,AR,3397.2,3407.2,acquire,True,180,180
T3,AR,3407.2,3408.0,record_commit,True,180,180
T3,AR,3408.0,3418.0,acquire,True,181,181
T3,AR,3418.0,3418.8,record_commit,True,181,181
T3,AR,3418.8,3428.8,acquire,True,182,182
T3,AR,3428.8,3429.6,record_commit,True,182,182
T3,AR,3429.6,3439.6,acquire,True,183,183
T3,AR,3439.6,3440.4,record_commit,True,183,183
T3,AR,3440.4,3450.4,acquire,True,184,184
T3,AR,3450.4,3451.2,record_commit,True,184,184
T3,AR,3451.2,3461.2,acquire,True,185,185
T3,AR,3461.2,3462.0,record_commit,True,185,185
T3,AR,3462.0,3472.0,acquire,True,186,186
T3,AR,3472.0,3472.8,record_commit,True,186,186
T3,AR,3472.8,3482.8,acquire,True,187,187
T3,AR,3482.8,3483.6,record_commit,True,187,187
T3,AR,3483.6,3493.6,acquire,True,188,188
T3,AR,3493.6,3494.4,record_commit,True,188,188
T3,AR,3494.4,3504.4,acquire,True,189,189
T3,AR,3504.4,3505.2,record_commit,True,189,189
T3,AR,3505.2,3515.2,acquire,True,190,190
T3,AR,3515.2,3516.0,record_commit,True,190,190
T3,AR,3516.0,3526.0,acquire,True,191,191
T3,AR,3526.0,3526.8,record_commit,True,191,191
T3,BS,0.0,120.0,home,True,,0
T3,BS,120.0,150.0,anchor,True,0,0
T3,BS,150.0,160.0,acquire,True,0,0
T3,BS,160.0,170.0,acquire,True,1,0
T3,BS,170.0,180.0,acquire,True,2,0
T3,BS,180.0,190.0,acquire,True,3,0
T3,BS,190.0,192.0,block_seal,True,0,0
T3,BS,192.0,202.0,acquire,True,4,4
T3,BS,202.0,212.0,acquire,True,5,4
T3,BS,212.0,222.0,acquire,True,6,4
T3,BS,222.0,232.0,acquire,True,7,4
T3,BS,232.0,234.0,block_seal,True,4,4
T3,BS,234.0,244.0,acquire,True,8,8
T3,BS,244.0,254.0,acquire,True,9,8
T3,BS,254.0,264.0,acquire,True,10,8
T3,BS,264.0,274.0,acquire,True,11,8
T3,BS,274.0,276.0,block_seal,True,8,8
T3,BS,276.0,286.0,acquire,True,12,12
T3,BS,286.0,296.0,acquire,True,13,12
T3,BS,296.0,306.0,acquire,True,14,12
T3,BS,306.0,316.0,acquire,True,15,12
T3,BS,316.0,318.0,block_seal,True,12,12
T3,BS,318.0,319.0,row_checkpoint,True,,16
T3,BS,319.0,349.0,anchor,True,16,16
T3,BS,349.0,359.0,acquire,True,16,16
T3,BS,359.0,369.0,acquire,True,17,16
T3,BS,369.0,379.0,acquire,True,18,16
T3,BS,379.0,389.0,acquire,True,19,16
T3,BS,389.0,390.0,block_seal,False,16,16
T3,BS,390.0,510.0,home,True,,16
T3,BS,510.0,516.0,lookup,True,,16
T3,BS,516.0,546.0,anchor,True,16,16
T3,BS,546.0,556.0,acquire,True,16,16
T3,BS,556.0,566.0,acquire,True,17,16
T3,BS,566.0,576.0,acquire,True,18,16
T3,BS,576.0,586.0,acquire,True,19,16
T3,BS,586.0,588.0,block_seal,True,16,16
T3,BS,588.0,598.0,acquire,True,20,20
T3,BS,598.0,608.0,acquire,True,21,20
T3,BS,608.0,618.0,acquire,True,22,20
T3,BS,618.0,628.0,acquire,True,23,20
T3,BS,628.0,630.0,block_seal,True,20,20
T3,BS,630.0,640.0,acquire,True,24,24
T3,BS,640.0,650.0,acquire,True,25,24
T3,BS,650.0,660.0,acquire,True,26,24
T3,BS,660.0,670.0,acquire,True,27,24
T3,BS,670.0,672.0,block_seal,True,24,24
T3,BS,672.0,682.0,acquire,True,28,28
T3,BS,682.0,692.0,acquire,True,29,28
T3,BS,692.0,702.0,acquire,True,30,28
T3,BS,702.0,712.0,acquire,True,31,28
T3,BS,712.0,714.0,block_seal,True,28,28
T3,BS,714.0,715.0,row_checkpoint,True,,32
T3,BS,715.0,745.0,anchor,True,32,32
T3,BS,745.0,755.0,acquire,True,32,32
T3,BS,755.0,765.0,acquire,True,33,32
T3,BS,765.0,775.0,acquire,True,34,32
T3,BS,775.0,785.0,acquire,True,35,32
T3,BS,785.0,787.0,block_seal,True,32,32
T3,BS,787.0,797.0,acquire,True,36,36
T3,BS,797.0,807.0,acquire,True,37,36
T3,BS,807.0,817.0,acquire,True,38,36
T3,BS,817.0,820.0,acquire,False,39,36
T3,BS,820.0,940.0,home,True,,36
T3,BS,940.0,946.0,lookup,True,,36
T3,BS,946.0,976.0,anchor,True,36,36
T3,BS,976.0,986.0,acquire,True,36,36
T3,BS,986.0,996.0,acquire,True,37,36
T3,BS,996.0,1006.0,acquire,True,38,36
T3,BS,1006.0,1016.0,acquire,True,39,36
T3,BS,1016.0,1018.0,block_seal,True,36,36
T3,BS,1018.0,1028.0,acquire,True,40,40
T3,BS,1028.0,1038.0,acquire,True,41,40
T3,BS,1038.0,1048.0,acquire,True,42,40
T3,BS,1048.0,1058.0,acquire,True,43,40
T3,BS,1058.0,1060.0,block_seal,True,40,40
T3,BS,1060.0,1070.0,acquire,True,44,44
T3,BS,1070.0,1080.0,acquire,True,45,44
T3,BS,1080.0,1090.0,acquire,True,46,44
T3,BS,1090.0,1100.0,acquire,True,47,44
T3,BS,1100.0,1102.0,block_seal,True,44,44
T3,BS,1102.0,1103.0,row_checkpoint,True,,48
T3,BS,1103.0,1133.0,anchor,True,48,48
T3,BS,1133.0,1143.0,acquire,True,48,48
T3,BS,1143.0,1153.0,acquire,True,49,48
T3,BS,1153.0,1163.0,acquire,True,50,48
T3,BS,1163.0,1173.0,acquire,True,51,48
T3,BS,1173.0,1175.0,block_seal,True,48,48
T3,BS,1175.0,1185.0,acquire,True,52,52
T3,BS,1185.0,1195.0,acquire,True,53,52
T3,BS,1195.0,1205.0,acquire,True,54,52
T3,BS,1205.0,1215.0,acquire,True,55,52
T3,BS,1215.0,1217.0,block_seal,True,52,52
T3,BS,1217.0,1227.0,acquire,True,56,56
T3,BS,1227.0,1237.0,acquire,True,57,56
T3,BS,1237.0,1247.0,acquire,True,58,56
T3,BS,1247.0,1250.0,acquire,False,59,56
T3,BS,1250.0,1370.0,home,True,,56
T3,BS,1370.0,1376.0,lookup,True,,56
T3,BS,1376.0,1406.0,anchor,True,56,56
T3,BS,1406.0,1416.0,acquire,True,56,56
T3,BS,1416.0,1426.0,acquire,True,57,56
T3,BS,1426.0,1436.0,acquire,True,58,56
T3,BS,1436.0,1446.0,acquire,True,59,56
T3,BS,1446.0,1448.0,block_seal,True,56,56
T3,BS,1448.0,1458.0,acquire,True,60,60
T3,BS,1458.0,1468.0,acquire,True,61,60
T3,BS,1468.0,1478.0,acquire,True,62,60
T3,BS,1478.0,1488.0,acquire,True,63,60
T3,BS,1488.0,1490.0,block_seal,True,60,60
T3,BS,1490.0,1491.0,row_checkpoint,True,,64
T3,BS,1491.0,1521.0,anchor,True,64,64
T3,BS,1521.0,1531.0,acquire,True,64,64
T3,BS,1531.0,1541.0,acquire,True,65,64
T3,BS,1541.0,1551.0,acquire,True,66,64
T3,BS,1551.0,1561.0,acquire,True,67,64
T3,BS,1561.0,1563.0,block_seal,True,64,64
T3,BS,1563.0,1573.0,acquire,True,68,68
T3,BS,1573.0,1583.0,acquire,True,69,68
T3,BS,1583.0,1593.0,acquire,True,70,68
T3,BS,1593.0,1603.0,acquire,True,71,68
T3,BS,1603.0,1605.0,block_seal,True,68,68
T3,BS,1605.0,1615.0,acquire,True,72,72
T3,BS,1615.0,1625.0,acquire,True,73,72
T3,BS,1625.0,1635.0,acquire,True,74,72
T3,BS,1635.0,1645.0,acquire,True,75,72
T3,BS,1645.0,1647.0,block_seal,True,72,72
T3,BS,1647.0,1657.0,acquire,True,76,76
T3,BS,1657.0,1667.0,acquire,True,77,76
T3,BS,1667.0,1677.0,acquire,True,78,76
T3,BS,1677.0,1680.0,acquire,False,79,76
T3,BS,1680.0,1800.0,home,True,,76
T3,BS,1800.0,1806.0,lookup,True,,76
T3,BS,1806.0,1836.0,anchor,True,76,76
T3,BS,1836.0,1846.0,acquire,True,76,76
T3,BS,1846.0,1856.0,acquire,True,77,76
T3,BS,1856.0,1866.0,acquire,True,78,76
T3,BS,1866.0,1876.0,acquire,True,79,76
T3,BS,1876.0,1878.0,block_seal,True,76,76
T3,BS,1878.0,1879.0,row_checkpoint,True,,80
T3,BS,1879.0,1909.0,anchor,True,80,80
T3,BS,1909.0,1919.0,acquire,True,80,80
T3,BS,1919.0,1929.0,acquire,True,81,80
T3,BS,1929.0,1939.0,acquire,True,82,80
T3,BS,1939.0,1949.0,acquire,True,83,80
T3,BS,1949.0,1951.0,block_seal,True,80,80
T3,BS,1951.0,1961.0,acquire,True,84,84
T3,BS,1961.0,1971.0,acquire,True,85,84
T3,BS,1971.0,1981.0,acquire,True,86,84
T3,BS,1981.0,1991.0,acquire,True,87,84
T3,BS,1991.0,1993.0,block_seal,True,84,84
T3,BS,1993.0,2003.0,acquire,True,88,88
T3,BS,2003.0,2013.0,acquire,True,89,88
T3,BS,2013.0,2023.0,acquire,True,90,88
T3,BS,2023.0,2033.0,acquire,True,91,88
T3,BS,2033.0,2035.0,block_seal,True,88,88
T3,BS,2035.0,2045.0,acquire,True,92,92
T3,BS,2045.0,2055.0,acquire,True,93,92
T3,BS,2055.0,2065.0,acquire,True,94,92
T3,BS,2065.0,2075.0,acquire,True,95,92
T3,BS,2075.0,2077.0,block_seal,True,92,92
T3,BS,2077.0,2078.0,row_checkpoint,True,,96
T3,BS,2078.0,2108.0,anchor,True,96,96
T3,BS,2108.0,2110.0,acquire,False,96,96
T3,BS,2110.0,2230.0,home,True,,96
T3,BS,2230.0,2236.0,lookup,True,,96
T3,BS,2236.0,2266.0,anchor,True,96,96
T3,BS,2266.0,2276.0,acquire,True,96,96
T3,BS,2276.0,2286.0,acquire,True,97,96
T3,BS,2286.0,2296.0,acquire,True,98,96
T3,BS,2296.0,2306.0,acquire,True,99,96
T3,BS,2306.0,2308.0,block_seal,True,96,96
T3,BS,2308.0,2318.0,acquire,True,100,100
T3,BS,2318.0,2328.0,acquire,True,101,100
T3,BS,2328.0,2338.0,acquire,True,102,100
T3,BS,2338.0,2348.0,acquire,True,103,100
T3,BS,2348.0,2350.0,block_seal,True,100,100
T3,BS,2350.0,2360.0,acquire,True,104,104
T3,BS,2360.0,2370.0,acquire,True,105,104
T3,BS,2370.0,2380.0,acquire,True,106,104
T3,BS,2380.0,2390.0,acquire,True,107,104
T3,BS,2390.0,2392.0,block_seal,True,104,104
T3,BS,2392.0,2402.0,acquire,True,108,108
T3,BS,2402.0,2412.0,acquire,True,109,108
T3,BS,2412.0,2422.0,acquire,True,110,108
T3,BS,2422.0,2432.0,acquire,True,111,108
T3,BS,2432.0,2434.0,block_seal,True,108,108
T3,BS,2434.0,2435.0,row_checkpoint,True,,112
T3,BS,2435.0,2465.0,anchor,True,112,112
T3,BS,2465.0,2475.0,acquire,True,112,112
T3,BS,2475.0,2485.0,acquire,True,113,112
T3,BS,2485.0,2495.0,acquire,True,114,112
T3,BS,2495.0,2505.0,acquire,True,115,112
T3,BS,2505.0,2507.0,block_seal,True,112,112
T3,BS,2507.0,2517.0,acquire,True,116,116
T3,BS,2517.0,2527.0,acquire,True,117,116
T3,BS,2527.0,2537.0,acquire,True,118,116
T3,BS,2537.0,2540.0,acquire,False,119,116
T3,BS,2540.0,2660.0,home,True,,116
T3,BS,2660.0,2666.0,lookup,True,,116
T3,BS,2666.0,2696.0,anchor,True,116,116
T3,BS,2696.0,2706.0,acquire,True,116,116
T3,BS,2706.0,2716.0,acquire,True,117,116
T3,BS,2716.0,2726.0,acquire,True,118,116
T3,BS,2726.0,2736.0,acquire,True,119,116
T3,BS,2736.0,2738.0,block_seal,True,116,116
T3,BS,2738.0,2748.0,acquire,True,120,120
T3,BS,2748.0,2758.0,acquire,True,121,120
T3,BS,2758.0,2768.0,acquire,True,122,120
T3,BS,2768.0,2778.0,acquire,True,123,120
T3,BS,2778.0,2780.0,block_seal,True,120,120
T3,BS,2780.0,2790.0,acquire,True,124,124
T3,BS,2790.0,2800.0,acquire,True,125,124
T3,BS,2800.0,2810.0,acquire,True,126,124
T3,BS,2810.0,2820.0,acquire,True,127,124
T3,BS,2820.0,2822.0,block_seal,True,124,124
T3,BS,2822.0,2823.0,row_checkpoint,True,,128
T3,BS,2823.0,2853.0,anchor,True,128,128
T3,BS,2853.0,2863.0,acquire,True,128,128
T3,BS,2863.0,2873.0,acquire,True,129,128
T3,BS,2873.0,2883.0,acquire,True,130,128
T3,BS,2883.0,2893.0,acquire,True,131,128
T3,BS,2893.0,2895.0,block_seal,True,128,128
T3,BS,2895.0,2905.0,acquire,True,132,132
T3,BS,2905.0,2915.0,acquire,True,133,132
T3,BS,2915.0,2925.0,acquire,True,134,132
T3,BS,2925.0,2935.0,acquire,True,135,132
T3,BS,2935.0,2937.0,block_seal,True,132,132
T3,BS,2937.0,2947.0,acquire,True,136,136
T3,BS,2947.0,2957.0,acquire,True,137,136
T3,BS,2957.0,2967.0,acquire,True,138,136
T3,BS,2967.0,2977.0,acquire,True,139,136
T3,BS,2977.0,2979.0,block_seal,True,136,136
T3,BS,2979.0,2989.0,acquire,True,140,140
T3,BS,2989.0,2999.0,acquire,True,141,140
T3,BS,2999.0,3009.0,acquire,True,142,140
T3,BS,3009.0,3019.0,acquire,True,143,140
T3,BS,3019.0,3021.0,block_seal,True,140,140
T3,BS,3021.0,3022.0,row_checkpoint,True,,144
T3,BS,3022.0,3052.0,anchor,True,144,144
T3,BS,3052.0,3062.0,acquire,True,144,144
T3,BS,3062.0,3072.0,acquire,True,145,144
T3,BS,3072.0,3082.0,acquire,True,146,144
T3,BS,3082.0,3092.0,acquire,True,147,144
T3,BS,3092.0,3094.0,block_seal,True,144,144
T3,BS,3094.0,3104.0,acquire,True,148,148
T3,BS,3104.0,3114.0,acquire,True,149,148
T3,BS,3114.0,3124.0,acquire,True,150,148
T3,BS,3124.0,3134.0,acquire,True,151,148
T3,BS,3134.0,3136.0,block_seal,True,148,148
T3,BS,3136.0,3146.0,acquire,True,152,152
T3,BS,3146.0,3156.0,acquire,True,153,152
T3,BS,3156.0,3166.0,acquire,True,154,152
T3,BS,3166.0,3176.0,acquire,True,155,152
T3,BS,3176.0,3178.0,block_seal,True,152,152
T3,BS,3178.0,3188.0,acquire,True,156,156
T3,BS,3188.0,3198.0,acquire,True,157,156
T3,BS,3198.0,3208.0,acquire,True,158,156
T3,BS,3208.0,3218.0,acquire,True,159,156
T3,BS,3218.0,3220.0,block_seal,True,156,156
T3,BS,3220.0,3221.0,row_checkpoint,True,,160
T3,BS,3221.0,3251.0,anchor,True,160,160
T3,BS,3251.0,3261.0,acquire,True,160,160
T3,BS,3261.0,3271.0,acquire,True,161,160
T3,BS,3271.0,3281.0,acquire,True,162,160
T3,BS,3281.0,3291.0,acquire,True,163,160
T3,BS,3291.0,3293.0,block_seal,True,160,160
T3,BS,3293.0,3303.0,acquire,True,164,164
T3,BS,3303.0,3313.0,acquire,True,165,164
T3,BS,3313.0,3323.0,acquire,True,166,164
T3,BS,3323.0,3333.0,acquire,True,167,164
T3,BS,3333.0,3335.0,block_seal,True,164,164
T3,BS,3335.0,3345.0,acquire,True,168,168
T3,BS,3345.0,3355.0,acquire,True,169,168
T3,BS,3355.0,3365.0,acquire,True,170,168
T3,BS,3365.0,3375.0,acquire,True,171,168
T3,BS,3375.0,3377.0,block_seal,True,168,168
T3,BS,3377.0,3387.0,acquire,True,172,172
T3,BS,3387.0,3397.0,acquire,True,173,172
T3,BS,3397.0,3407.0,acquire,True,174,172
T3,BS,3407.0,3417.0,acquire,True,175,172
T3,BS,3417.0,3419.0,block_seal,True,172,172
T3,BS,3419.0,3420.0,row_checkpoint,True,,176
T3,BS,3420.0,3450.0,anchor,True,176,176
T3,BS,3450.0,3460.0,acquire,True,176,176
T3,BS,3460.0,3470.0,acquire,True,177,176
T3,BS,3470.0,3480.0,acquire,True,178,176
T3,BS,3480.0,3490.0,acquire,True,179,176
T3,BS,3490.0,3492.0,block_seal,True,176,176
T3,BS,3492.0,3502.0,acquire,True,180,180
T3,BS,3502.0,3512.0,acquire,True,181,180
T3,BS,3512.0,3522.0,acquire,True,182,180
T3,BS,3522.0,3532.0,acquire,True,183,180
T3,BS,3532.0,3534.0,block_seal,True,180,180
T3,BS,3534.0,3544.0,acquire,True,184,184
T3,BS,3544.0,3554.0,acquire,True,185,184
T3,BS,3554.0,3564.0,acquire,True,186,184
T3,BS,3564.0,3574.0,acquire,True,187,184
T3,BS,3574.0,3576.0,block_seal,True,184,184
T3,BS,3576.0,3586.0,acquire,True,188,188
T3,BS,3586.0,3596.0,acquire,True,189,188
T3,BS,3596.0,3606.0,acquire,True,190,188
T3,BS,3606.0,3616.0,acquire,True,191,188
T3,BS,3616.0,3618.0,block_seal,True,188,188
T3,BS,3618.0,3619.0,row_checkpoint,True,,192
T4,RC,0.0,120.0,home,True,,0
T4,RC,120.0,150.0,anchor,True,0,0
T4,RC,150.0,160.0,acquire,True,0,0
T4,RC,160.0,170.0,acquire,True,1,0
T4,RC,170.0,180.0,acquire,True,2,0
T4,RC,180.0,190.0,acquire,True,3,0
T4,RC,190.0,200.0,acquire,True,4,0
T4,RC,200.0,210.0,acquire,True,5,0
T4,RC,210.0,220.0,acquire,True,6,0
T4,RC,220.0,230.0,acquire,True,7,0
T4,RC,230.0,240.0,acquire,True,8,0
T4,RC,240.0,250.0,acquire,True,9,0
T4,RC,250.0,260.0,acquire,True,10,0
T4,RC,260.0,270.0,acquire,True,11,0
T4,RC,270.0,280.0,acquire,True,12,0
T4,RC,280.0,290.0,acquire,True,13,0
T4,RC,290.0,300.0,acquire,True,14,0
T4,RC,300.0,310.0,acquire,True,15,0
T4,RC,310.0,314.0,row_commit,True,0,0
T4,RC,314.0,344.0,anchor,True,16,16
T4,RC,344.0,354.0,acquire,True,16,16
T4,RC,354.0,364.0,acquire,True,17,16
T4,RC,364.0,374.0,acquire,True,18,16
T4,RC,374.0,384.0,acquire,True,19,16
T4,RC,384.0,394.0,acquire,True,20,16
T4,RC,394.0,404.0,acquire,True,21,16
T4,RC,404.0,414.0,acquire,True,22,16
T4,RC,414.0,424.0,acquire,True,23,16
T4,RC,424.0,434.0,acquire,True,24,16
T4,RC,434.0,444.0,acquire,True,25,16
T4,RC,444.0,454.0,acquire,True,26,16
T4,RC,454.0,464.0,acquire,True,27,16
T4,RC,464.0,474.0,acquire,True,28,16
T4,RC,474.0,484.0,acquire,True,29,16
T4,RC,484.0,494.0,acquire,True,30,16
T4,RC,494.0,504.0,acquire,True,31,16
T4,RC,504.0,508.0,row_commit,True,16,16
T4,RC,508.0,520.0,anchor,False,32,32
T4,RC,520.0,640.0,home,True,,32
T4,RC,640.0,641.0,lookup,True,,32
T4,RC,641.0,671.0,anchor,True,32,32
T4,RC,671.0,681.0,acquire,True,32,32
T4,RC,681.0,691.0,acquire,True,33,32
T4,RC,691.0,701.0,acquire,True,34,32
T4,RC,701.0,711.0,acquire,True,35,32
T4,RC,711.0,721.0,acquire,True,36,32
T4,RC,721.0,731.0,acquire,True,37,32
T4,RC,731.0,741.0,acquire,True,38,32
T4,RC,741.0,751.0,acquire,True,39,32
T4,RC,751.0,760.0,acquire,False,40,32
T4,RC,760.0,880.0,home,True,,32
T4,RC,880.0,881.0,lookup,True,,32
T4,RC,881.0,911.0,anchor,True,32,32
T4,RC,911.0,921.0,acquire,True,32,32
T4,RC,921.0,931.0,acquire,True,33,32
T4,RC,931.0,941.0,acquire,True,34,32
T4,RC,941.0,951.0,acquire,True,35,32
T4,RC,951.0,961.0,acquire,True,36,32
T4,RC,961.0,971.0,acquire,True,37,32
T4,RC,971.0,981.0,acquire,True,38,32
T4,RC,981.0,991.0,acquire,True,39,32
T4,RC,991.0,1000.0,acquire,False,40,32
T4,RC,1000.0,1120.0,home,True,,32
T4,RC,1120.0,1121.0,lookup,True,,32
T4,RC,1121.0,1151.0,anchor,True,32,32
T4,RC,1151.0,1161.0,acquire,True,32,32
T4,RC,1161.0,1171.0,acquire,True,33,32
T4,RC,1171.0,1181.0,acquire,True,34,32
T4,RC,1181.0,1191.0,acquire,True,35,32
T4,RC,1191.0,1201.0,acquire,True,36,32
T4,RC,1201.0,1211.0,acquire,True,37,32
T4,RC,1211.0,1221.0,acquire,True,38,32
T4,RC,1221.0,1231.0,acquire,True,39,32
T4,RC,1231.0,1240.0,acquire,False,40,32
T4,RC,1240.0,1360.0,home,True,,32
T4,RC,1360.0,1361.0,lookup,True,,32
T4,RC,1361.0,1391.0,anchor,True,32,32
T4,RC,1391.0,1401.0,acquire,True,32,32
T4,RC,1401.0,1411.0,acquire,True,33,32
T4,RC,1411.0,1421.0,acquire,True,34,32
T4,RC,1421.0,1431.0,acquire,True,35,32
T4,RC,1431.0,1441.0,acquire,True,36,32
T4,RC,1441.0,1451.0,acquire,True,37,32
T4,RC,1451.0,1461.0,acquire,True,38,32
T4,RC,1461.0,1471.0,acquire,True,39,32
T4,RC,1471.0,1480.0,acquire,False,40,32
T4,RC,1480.0,1600.0,home,True,,32
T4,RC,1600.0,1601.0,lookup,True,,32
T4,RC,1601.0,1631.0,anchor,True,32,32
T4,RC,1631.0,1641.0,acquire,True,32,32
T4,RC,1641.0,1651.0,acquire,True,33,32
T4,RC,1651.0,1661.0,acquire,True,34,32
T4,RC,1661.0,1671.0,acquire,True,35,32
T4,RC,1671.0,1681.0,acquire,True,36,32
T4,RC,1681.0,1691.0,acquire,True,37,32
T4,RC,1691.0,1701.0,acquire,True,38,32
T4,RC,1701.0,1711.0,acquire,True,39,32
T4,RC,1711.0,1720.0,acquire,False,40,32
T4,RC,1720.0,1840.0,home,True,,32
T4,RC,1840.0,1841.0,lookup,True,,32
T4,RC,1841.0,1871.0,anchor,True,32,32
T4,RC,1871.0,1881.0,acquire,True,32,32
T4,RC,1881.0,1891.0,acquire,True,33,32
T4,RC,1891.0,1901.0,acquire,True,34,32
T4,RC,1901.0,1911.0,acquire,True,35,32
T4,RC,1911.0,1921.0,acquire,True,36,32
T4,RC,1921.0,1931.0,acquire,True,37,32
T4,RC,1931.0,1941.0,acquire,True,38,32
T4,RC,1941.0,1951.0,acquire,True,39,32
T4,RC,1951.0,1961.0,acquire,True,40,32
T4,RC,1961.0,1971.0,acquire,True,41,32
T4,RC,1971.0,1981.0,acquire,True,42,32
T4,RC,1981.0,1991.0,acquire,True,43,32
T4,RC,1991.0,2001.0,acquire,True,44,32
T4,RC,2001.0,2011.0,acquire,True,45,32
T4,RC,2011.0,2021.0,acquire,True,46,32
T4,RC,2021.0,2031.0,acquire,True,47,32
T4,RC,2031.0,2035.0,row_commit,True,32,32
T4,RC,2035.0,2065.0,anchor,True,48,48
T4,RC,2065.0,2075.0,acquire,True,48,48
T4,RC,2075.0,2085.0,acquire,True,49,48
T4,RC,2085.0,2095.0,acquire,True,50,48
T4,RC,2095.0,2105.0,acquire,True,51,48
T4,RC,2105.0,2115.0,acquire,True,52,48
T4,RC,2115.0,2125.0,acquire,True,53,48
T4,RC,2125.0,2135.0,acquire,True,54,48
T4,RC,2135.0,2145.0,acquire,True,55,48
T4,RC,2145.0,2155.0,acquire,True,56,48
T4,RC,2155.0,2165.0,acquire,True,57,48
T4,RC,2165.0,2175.0,acquire,True,58,48
T4,RC,2175.0,2185.0,acquire,True,59,48
T4,RC,2185.0,2195.0,acquire,True,60,48
T4,RC,2195.0,2205.0,acquire,True,61,48
T4,RC,2205.0,2215.0,acquire,True,62,48
T4,RC,2215.0,2225.0,acquire,True,63,48
T4,RC,2225.0,2229.0,row_commit,True,48,48
T4,RC,2229.0,2259.0,anchor,True,64,64
T4,RC,2259.0,2269.0,acquire,True,64,64
T4,RC,2269.0,2279.0,acquire,True,65,64
T4,RC,2279.0,2289.0,acquire,True,66,64
T4,RC,2289.0,2299.0,acquire,True,67,64
T4,RC,2299.0,2309.0,acquire,True,68,64
T4,RC,2309.0,2319.0,acquire,True,69,64
T4,RC,2319.0,2329.0,acquire,True,70,64
T4,RC,2329.0,2339.0,acquire,True,71,64
T4,RC,2339.0,2349.0,acquire,True,72,64
T4,RC,2349.0,2359.0,acquire,True,73,64
T4,RC,2359.0,2369.0,acquire,True,74,64
T4,RC,2369.0,2379.0,acquire,True,75,64
T4,RC,2379.0,2389.0,acquire,True,76,64
T4,RC,2389.0,2399.0,acquire,True,77,64
T4,RC,2399.0,2409.0,acquire,True,78,64
T4,RC,2409.0,2419.0,acquire,True,79,64
T4,RC,2419.0,2423.0,row_commit,True,64,64
T4,RC,2423.0,2453.0,anchor,True,80,80
T4,RC,2453.0,2463.0,acquire,True,80,80
T4,RC,2463.0,2473.0,acquire,True,81,80
T4,RC,2473.0,2483.0,acquire,True,82,80
T4,RC,2483.0,2493.0,acquire,True,83,80
T4,RC,2493.0,2503.0,acquire,True,84,80
T4,RC,2503.0,2513.0,acquire,True,85,80
T4,RC,2513.0,2523.0,acquire,True,86,80
T4,RC,2523.0,2533.0,acquire,True,87,80
T4,RC,2533.0,2543.0,acquire,True,88,80
T4,RC,2543.0,2553.0,acquire,True,89,80
T4,RC,2553.0,2563.0,acquire,True,90,80
T4,RC,2563.0,2573.0,acquire,True,91,80
T4,RC,2573.0,2583.0,acquire,True,92,80
T4,RC,2583.0,2593.0,acquire,True,93,80
T4,RC,2593.0,2603.0,acquire,True,94,80
T4,RC,2603.0,2613.0,acquire,True,95,80
T4,RC,2613.0,2617.0,row_commit,True,80,80
T4,RC,2617.0,2647.0,anchor,True,96,96
T4,RC,2647.0,2657.0,acquire,True,96,96
T4,RC,2657.0,2667.0,acquire,True,97,96
T4,RC,2667.0,2677.0,acquire,True,98,96
T4,RC,2677.0,2687.0,acquire,True,99,96
T4,RC,2687.0,2697.0,acquire,True,100,96
T4,RC,2697.0,2707.0,acquire,True,101,96
T4,RC,2707.0,2717.0,acquire,True,102,96
T4,RC,2717.0,2727.0,acquire,True,103,96
T4,RC,2727.0,2737.0,acquire,True,104,96
T4,RC,2737.0,2747.0,acquire,True,105,96
T4,RC,2747.0,2757.0,acquire,True,106,96
T4,RC,2757.0,2767.0,acquire,True,107,96
T4,RC,2767.0,2777.0,acquire,True,108,96
T4,RC,2777.0,2787.0,acquire,True,109,96
T4,RC,2787.0,2797.0,acquire,True,110,96
T4,RC,2797.0,2807.0,acquire,True,111,96
T4,RC,2807.0,2811.0,row_commit,True,96,96
T4,RC,2811.0,2841.0,anchor,True,112,112
T4,RC,2841.0,2851.0,acquire,True,112,112
T4,RC,2851.0,2861.0,acquire,True,113,112
T4,RC,2861.0,2871.0,acquire,True,114,112
T4,RC,2871.0,2881.0,acquire,True,115,112
T4,RC,2881.0,2891.0,acquire,True,116,112
T4,RC,2891.0,2901.0,acquire,True,117,112
T4,RC,2901.0,2911.0,acquire,True,118,112
T4,RC,2911.0,2921.0,acquire,True,119,112
T4,RC,2921.0,2931.0,acquire,True,120,112
T4,RC,2931.0,2941.0,acquire,True,121,112
T4,RC,2941.0,2951.0,acquire,True,122,112
T4,RC,2951.0,2961.0,acquire,True,123,112
T4,RC,2961.0,2971.0,acquire,True,124,112
T4,RC,2971.0,2981.0,acquire,True,125,112
T4,RC,2981.0,2991.0,acquire,True,126,112
T4,RC,2991.0,3001.0,acquire,True,127,112
T4,RC,3001.0,3005.0,row_commit,True,112,112
T4,RC,3005.0,3035.0,anchor,True,128,128
T4,RC,3035.0,3045.0,acquire,True,128,128
T4,RC,3045.0,3055.0,acquire,True,129,128
T4,RC,3055.0,3065.0,acquire,True,130,128
T4,RC,3065.0,3075.0,acquire,True,131,128
T4,RC,3075.0,3085.0,acquire,True,132,128
T4,RC,3085.0,3095.0,acquire,True,133,128
T4,RC,3095.0,3105.0,acquire,True,134,128
T4,RC,3105.0,3115.0,acquire,True,135,128
T4,RC,3115.0,3125.0,acquire,True,136,128
T4,RC,3125.0,3135.0,acquire,True,137,128
T4,RC,3135.0,3145.0,acquire,True,138,128
T4,RC,3145.0,3155.0,acquire,True,139,128
T4,RC,3155.0,3165.0,acquire,True,140,128
T4,RC,3165.0,3175.0,acquire,True,141,128
T4,RC,3175.0,3185.0,acquire,True,142,128
T4,RC,3185.0,3195.0,acquire,True,143,128
T4,RC,3195.0,3199.0,row_commit,True,128,128
T4,RC,3199.0,3229.0,anchor,True,144,144
T4,RC,3229.0,3239.0,acquire,True,144,144
T4,RC,3239.0,3249.0,acquire,True,145,144
T4,RC,3249.0,3259.0,acquire,True,146,144
T4,RC,3259.0,3269.0,acquire,True,147,144
T4,RC,3269.0,3279.0,acquire,True,148,144
T4,RC,3279.0,3289.0,acquire,True,149,144
T4,RC,3289.0,3299.0,acquire,True,150,144
T4,RC,3299.0,3309.0,acquire,True,151,144
T4,RC,3309.0,3319.0,acquire,True,152,144
T4,RC,3319.0,3329.0,acquire,True,153,144
T4,RC,3329.0,3339.0,acquire,True,154,144
T4,RC,3339.0,3349.0,acquire,True,155,144
T4,RC,3349.0,3359.0,acquire,True,156,144
T4,RC,3359.0,3369.0,acquire,True,157,144
T4,RC,3369.0,3379.0,acquire,True,158,144
T4,RC,3379.0,3389.0,acquire,True,159,144
T4,RC,3389.0,3393.0,row_commit,True,144,144
T4,RC,3393.0,3423.0,anchor,True,160,160
T4,RC,3423.0,3433.0,acquire,True,160,160
T4,RC,3433.0,3443.0,acquire,True,161,160
T4,RC,3443.0,3453.0,acquire,True,162,160
T4,RC,3453.0,3463.0,acquire,True,163,160
T4,RC,3463.0,3473.0,acquire,True,164,160
T4,RC,3473.0,3483.0,acquire,True,165,160
T4,RC,3483.0,3493.0,acquire,True,166,160
T4,RC,3493.0,3503.0,acquire,True,167,160
T4,RC,3503.0,3513.0,acquire,True,168,160
T4,RC,3513.0,3523.0,acquire,True,169,160
T4,RC,3523.0,3533.0,acquire,True,170,160
T4,RC,3533.0,3543.0,acquire,True,171,160
T4,RC,3543.0,3553.0,acquire,True,172,160
T4,RC,3553.0,3563.0,acquire,True,173,160
T4,RC,3563.0,3573.0,acquire,True,174,160
T4,RC,3573.0,3583.0,acquire,True,175,160
T4,RC,3583.0,3587.0,row_commit,True,160,160
T4,RC,3587.0,3617.0,anchor,True,176,176
T4,RC,3617.0,3627.0,acquire,True,176,176
T4,RC,3627.0,3637.0,acquire,True,177,176
T4,RC,3637.0,3647.0,acquire,True,178,176
T4,RC,3647.0,3657.0,acquire,True,179,176
T4,RC,3657.0,3667.0,acquire,True,180,176
T4,RC,3667.0,3677.0,acquire,True,181,176
T4,RC,3677.0,3687.0,acquire,True,182,176
T4,RC,3687.0,3697.0,acquire,True,183,176
T4,RC,3697.0,3707.0,acquire,True,184,176
T4,RC,3707.0,3717.0,acquire,True,185,176
T4,RC,3717.0,3727.0,acquire,True,186,176
T4,RC,3727.0,3737.0,acquire,True,187,176
T4,RC,3737.0,3747.0,acquire,True,188,176
T4,RC,3747.0,3757.0,acquire,True,189,176
T4,RC,3757.0,3767.0,acquire,True,190,176
T4,RC,3767.0,3777.0,acquire,True,191,176
T4,RC,3777.0,3781.0,row_commit,True,176,176
T4,AR,0.0,120.0,home,True,,0
T4,AR,120.0,150.0,anchor,True,0,0
T4,AR,150.0,160.0,acquire,True,0,0
T4,AR,160.0,160.8,record_commit,True,0,0
T4,AR,160.8,170.8,acquire,True,1,1
T4,AR,170.8,171.6,record_commit,True,1,1
T4,AR,171.6,181.6,acquire,True,2,2
T4,AR,181.6,182.4,record_commit,True,2,2
T4,AR,182.4,192.4,acquire,True,3,3
T4,AR,192.4,193.2,record_commit,True,3,3
T4,AR,193.2,203.2,acquire,True,4,4
T4,AR,203.2,204.0,record_commit,True,4,4
T4,AR,204.0,214.0,acquire,True,5,5
T4,AR,214.0,214.8,record_commit,True,5,5
T4,AR,214.8,224.8,acquire,True,6,6
T4,AR,224.8,225.6,record_commit,True,6,6
T4,AR,225.6,235.6,acquire,True,7,7
T4,AR,235.6,236.4,record_commit,True,7,7
T4,AR,236.4,246.4,acquire,True,8,8
T4,AR,246.4,247.2,record_commit,True,8,8
T4,AR,247.2,257.2,acquire,True,9,9
T4,AR,257.2,258.0,record_commit,True,9,9
T4,AR,258.0,268.0,acquire,True,10,10
T4,AR,268.0,268.8,record_commit,True,10,10
T4,AR,268.8,278.8,acquire,True,11,11
T4,AR,278.8,279.6,record_commit,True,11,11
T4,AR,279.6,289.6,acquire,True,12,12
T4,AR,289.6,290.4,record_commit,True,12,12
T4,AR,290.4,300.4,acquire,True,13,13
T4,AR,300.4,301.2,record_commit,True,13,13
T4,AR,301.2,311.2,acquire,True,14,14
T4,AR,311.2,312.0,record_commit,True,14,14
T4,AR,312.0,322.0,acquire,True,15,15
T4,AR,322.0,322.8,record_commit,True,15,15
T4,AR,322.8,352.8,anchor,True,16,16
T4,AR,352.8,362.8,acquire,True,16,16
T4,AR,362.8,363.6,record_commit,True,16,16
T4,AR,363.6,373.6,acquire,True,17,17
T4,AR,373.6,374.4,record_commit,True,17,17
T4,AR,374.4,384.4,acquire,True,18,18
T4,AR,384.4,385.2,record_commit,True,18,18
T4,AR,385.2,395.2,acquire,True,19,19
T4,AR,395.2,396.0,record_commit,True,19,19
T4,AR,396.0,406.0,acquire,True,20,20
T4,AR,406.0,406.8,record_commit,True,20,20
T4,AR,406.8,416.8,acquire,True,21,21
T4,AR,416.8,417.6,record_commit,True,21,21
T4,AR,417.6,427.6,acquire,True,22,22
T4,AR,427.6,428.4,record_commit,True,22,22
T4,AR,428.4,438.4,acquire,True,23,23
T4,AR,438.4,439.2,record_commit,True,23,23
T4,AR,439.2,449.2,acquire,True,24,24
T4,AR,449.2,450.0,record_commit,True,24,24
T4,AR,450.0,460.0,acquire,True,25,25
T4,AR,460.0,460.8,record_commit,True,25,25
T4,AR,460.8,470.8,acquire,True,26,26
T4,AR,470.8,471.6,record_commit,True,26,26
T4,AR,471.6,481.6,acquire,True,27,27
T4,AR,481.6,482.4,record_commit,True,27,27
T4,AR,482.4,492.4,acquire,True,28,28
T4,AR,492.4,493.2,record_commit,True,28,28
T4,AR,493.2,503.2,acquire,True,29,29
T4,AR,503.2,504.0,record_commit,True,29,29
T4,AR,504.0,514.0,acquire,True,30,30
T4,AR,514.0,514.8,record_commit,True,30,30
T4,AR,514.8,520.0,acquire,False,31,31
T4,AR,520.0,640.0,home,True,,31
T4,AR,640.0,644.0,lookup,True,,31
T4,AR,644.0,674.0,anchor,True,31,31
T4,AR,674.0,684.0,acquire,True,31,31
T4,AR,684.0,684.8,record_commit,True,31,31
T4,AR,684.8,714.8,anchor,True,32,32
T4,AR,714.8,724.8,acquire,True,32,32
T4,AR,724.8,725.6,record_commit,True,32,32
T4,AR,725.6,735.6,acquire,True,33,33
T4,AR,735.6,736.4,record_commit,True,33,33
T4,AR,736.4,746.4,acquire,True,34,34
T4,AR,746.4,747.2,record_commit,True,34,34
T4,AR,747.2,757.2,acquire,True,35,35
T4,AR,757.2,758.0,record_commit,True,35,35
T4,AR,758.0,760.0,acquire,False,36,36
T4,AR,760.0,880.0,home,True,,36
T4,AR,880.0,884.0,lookup,True,,36
T4,AR,884.0,914.0,anchor,True,36,36
T4,AR,914.0,924.0,acquire,True,36,36
T4,AR,924.0,924.8,record_commit,True,36,36
T4,AR,924.8,934.8,acquire,True,37,37
T4,AR,934.8,935.6,record_commit,True,37,37
T4,AR,935.6,945.6,acquire,True,38,38
T4,AR,945.6,946.4,record_commit,True,38,38
T4,AR,946.4,956.4,acquire,True,39,39
T4,AR,956.4,957.2,record_commit,True,39,39
T4,AR,957.2,967.2,acquire,True,40,40
T4,AR,967.2,968.0,record_commit,True,40,40
T4,AR,968.0,978.0,acquire,True,41,41
T4,AR,978.0,978.8,record_commit,True,41,41
T4,AR,978.8,988.8,acquire,True,42,42
T4,AR,988.8,989.6,record_commit,True,42,42
T4,AR,989.6,999.6,acquire,True,43,43
T4,AR,999.6,1000.0,record_commit,False,43,43
T4,AR,1000.0,1120.0,home,True,,43
T4,AR,1120.0,1124.0,lookup,True,,43
T4,AR,1124.0,1154.0,anchor,True,43,43
T4,AR,1154.0,1164.0,acquire,True,43,43
T4,AR,1164.0,1164.8,record_commit,True,43,43
T4,AR,1164.8,1174.8,acquire,True,44,44
T4,AR,1174.8,1175.6,record_commit,True,44,44
T4,AR,1175.6,1185.6,acquire,True,45,45
T4,AR,1185.6,1186.4,record_commit,True,45,45
T4,AR,1186.4,1196.4,acquire,True,46,46
T4,AR,1196.4,1197.2,record_commit,True,46,46
T4,AR,1197.2,1207.2,acquire,True,47,47
T4,AR,1207.2,1208.0,record_commit,True,47,47
T4,AR,1208.0,1238.0,anchor,True,48,48
T4,AR,1238.0,1240.0,acquire,False,48,48
T4,AR,1240.0,1360.0,home,True,,48
T4,AR,1360.0,1364.0,lookup,True,,48
T4,AR,1364.0,1394.0,anchor,True,48,48
T4,AR,1394.0,1404.0,acquire,True,48,48
T4,AR,1404.0,1404.8,record_commit,True,48,48
T4,AR,1404.8,1414.8,acquire,True,49,49
T4,AR,1414.8,1415.6,record_commit,True,49,49
T4,AR,1415.6,1425.6,acquire,True,50,50
T4,AR,1425.6,1426.4,record_commit,True,50,50
T4,AR,1426.4,1436.4,acquire,True,51,51
T4,AR,1436.4,1437.2,record_commit,True,51,51
T4,AR,1437.2,1447.2,acquire,True,52,52
T4,AR,1447.2,1448.0,record_commit,True,52,52
T4,AR,1448.0,1458.0,acquire,True,53,53
T4,AR,1458.0,1458.8,record_commit,True,53,53
T4,AR,1458.8,1468.8,acquire,True,54,54
T4,AR,1468.8,1469.6,record_commit,True,54,54
T4,AR,1469.6,1479.6,acquire,True,55,55
T4,AR,1479.6,1480.0,record_commit,False,55,55
T4,AR,1480.0,1600.0,home,True,,55
T4,AR,1600.0,1604.0,lookup,True,,55
T4,AR,1604.0,1634.0,anchor,True,55,55
T4,AR,1634.0,1644.0,acquire,True,55,55
T4,AR,1644.0,1644.8,record_commit,True,55,55
T4,AR,1644.8,1654.8,acquire,True,56,56
T4,AR,1654.8,1655.6,record_commit,True,56,56
T4,AR,1655.6,1665.6,acquire,True,57,57
T4,AR,1665.6,1666.4,record_commit,True,57,57
T4,AR,1666.4,1676.4,acquire,True,58,58
T4,AR,1676.4,1677.2,record_commit,True,58,58
T4,AR,1677.2,1687.2,acquire,True,59,59
T4,AR,1687.2,1688.0,record_commit,True,59,59
T4,AR,1688.0,1698.0,acquire,True,60,60
T4,AR,1698.0,1698.8,record_commit,True,60,60
T4,AR,1698.8,1708.8,acquire,True,61,61
T4,AR,1708.8,1709.6,record_commit,True,61,61
T4,AR,1709.6,1719.6,acquire,True,62,62
T4,AR,1719.6,1720.0,record_commit,False,62,62
T4,AR,1720.0,1840.0,home,True,,62
T4,AR,1840.0,1844.0,lookup,True,,62
T4,AR,1844.0,1874.0,anchor,True,62,62
T4,AR,1874.0,1884.0,acquire,True,62,62
T4,AR,1884.0,1884.8,record_commit,True,62,62
T4,AR,1884.8,1894.8,acquire,True,63,63
T4,AR,1894.8,1895.6,record_commit,True,63,63
T4,AR,1895.6,1925.6,anchor,True,64,64
T4,AR,1925.6,1935.6,acquire,True,64,64
T4,AR,1935.6,1936.4,record_commit,True,64,64
T4,AR,1936.4,1946.4,acquire,True,65,65
T4,AR,1946.4,1947.2,record_commit,True,65,65
T4,AR,1947.2,1957.2,acquire,True,66,66
T4,AR,1957.2,1958.0,record_commit,True,66,66
T4,AR,1958.0,1968.0,acquire,True,67,67
T4,AR,1968.0,1968.8,record_commit,True,67,67
T4,AR,1968.8,1978.8,acquire,True,68,68
T4,AR,1978.8,1979.6,record_commit,True,68,68
T4,AR,1979.6,1989.6,acquire,True,69,69
T4,AR,1989.6,1990.4,record_commit,True,69,69
T4,AR,1990.4,2000.4,acquire,True,70,70
T4,AR,2000.4,2001.2,record_commit,True,70,70
T4,AR,2001.2,2011.2,acquire,True,71,71
T4,AR,2011.2,2012.0,record_commit,True,71,71
T4,AR,2012.0,2022.0,acquire,True,72,72
T4,AR,2022.0,2022.8,record_commit,True,72,72
T4,AR,2022.8,2032.8,acquire,True,73,73
T4,AR,2032.8,2033.6,record_commit,True,73,73
T4,AR,2033.6,2043.6,acquire,True,74,74
T4,AR,2043.6,2044.4,record_commit,True,74,74
T4,AR,2044.4,2054.4,acquire,True,75,75
T4,AR,2054.4,2055.2,record_commit,True,75,75
T4,AR,2055.2,2065.2,acquire,True,76,76
T4,AR,2065.2,2066.0,record_commit,True,76,76
T4,AR,2066.0,2076.0,acquire,True,77,77
T4,AR,2076.0,2076.8,record_commit,True,77,77
T4,AR,2076.8,2086.8,acquire,True,78,78
T4,AR,2086.8,2087.6,record_commit,True,78,78
T4,AR,2087.6,2097.6,acquire,True,79,79
T4,AR,2097.6,2098.4,record_commit,True,79,79
T4,AR,2098.4,2128.4,anchor,True,80,80
T4,AR,2128.4,2138.4,acquire,True,80,80
T4,AR,2138.4,2139.2,record_commit,True,80,80
T4,AR,2139.2,2149.2,acquire,True,81,81
T4,AR,2149.2,2150.0,record_commit,True,81,81
T4,AR,2150.0,2160.0,acquire,True,82,82
T4,AR,2160.0,2160.8,record_commit,True,82,82
T4,AR,2160.8,2170.8,acquire,True,83,83
T4,AR,2170.8,2171.6,record_commit,True,83,83
T4,AR,2171.6,2181.6,acquire,True,84,84
T4,AR,2181.6,2182.4,record_commit,True,84,84
T4,AR,2182.4,2192.4,acquire,True,85,85
T4,AR,2192.4,2193.2,record_commit,True,85,85
T4,AR,2193.2,2203.2,acquire,True,86,86
T4,AR,2203.2,2204.0,record_commit,True,86,86
T4,AR,2204.0,2214.0,acquire,True,87,87
T4,AR,2214.0,2214.8,record_commit,True,87,87
T4,AR,2214.8,2224.8,acquire,True,88,88
T4,AR,2224.8,2225.6,record_commit,True,88,88
T4,AR,2225.6,2235.6,acquire,True,89,89
T4,AR,2235.6,2236.4,record_commit,True,89,89
T4,AR,2236.4,2246.4,acquire,True,90,90
T4,AR,2246.4,2247.2,record_commit,True,90,90
T4,AR,2247.2,2257.2,acquire,True,91,91
T4,AR,2257.2,2258.0,record_commit,True,91,91
T4,AR,2258.0,2268.0,acquire,True,92,92
T4,AR,2268.0,2268.8,record_commit,True,92,92
T4,AR,2268.8,2278.8,acquire,True,93,93
T4,AR,2278.8,2279.6,record_commit,True,93,93
T4,AR,2279.6,2289.6,acquire,True,94,94
T4,AR,2289.6,2290.4,record_commit,True,94,94
T4,AR,2290.4,2300.4,acquire,True,95,95
T4,AR,2300.4,2301.2,record_commit,True,95,95
T4,AR,2301.2,2331.2,anchor,True,96,96
T4,AR,2331.2,2341.2,acquire,True,96,96
T4,AR,2341.2,2342.0,record_commit,True,96,96
T4,AR,2342.0,2352.0,acquire,True,97,97
T4,AR,2352.0,2352.8,record_commit,True,97,97
T4,AR,2352.8,2362.8,acquire,True,98,98
T4,AR,2362.8,2363.6,record_commit,True,98,98
T4,AR,2363.6,2373.6,acquire,True,99,99
T4,AR,2373.6,2374.4,record_commit,True,99,99
T4,AR,2374.4,2384.4,acquire,True,100,100
T4,AR,2384.4,2385.2,record_commit,True,100,100
T4,AR,2385.2,2395.2,acquire,True,101,101
T4,AR,2395.2,2396.0,record_commit,True,101,101
T4,AR,2396.0,2406.0,acquire,True,102,102
T4,AR,2406.0,2406.8,record_commit,True,102,102
T4,AR,2406.8,2416.8,acquire,True,103,103
T4,AR,2416.8,2417.6,record_commit,True,103,103
T4,AR,2417.6,2427.6,acquire,True,104,104
T4,AR,2427.6,2428.4,record_commit,True,104,104
T4,AR,2428.4,2438.4,acquire,True,105,105
T4,AR,2438.4,2439.2,record_commit,True,105,105
T4,AR,2439.2,2449.2,acquire,True,106,106
T4,AR,2449.2,2450.0,record_commit,True,106,106
T4,AR,2450.0,2460.0,acquire,True,107,107
T4,AR,2460.0,2460.8,record_commit,True,107,107
T4,AR,2460.8,2470.8,acquire,True,108,108
T4,AR,2470.8,2471.6,record_commit,True,108,108
T4,AR,2471.6,2481.6,acquire,True,109,109
T4,AR,2481.6,2482.4,record_commit,True,109,109
T4,AR,2482.4,2492.4,acquire,True,110,110
T4,AR,2492.4,2493.2,record_commit,True,110,110
T4,AR,2493.2,2503.2,acquire,True,111,111
T4,AR,2503.2,2504.0,record_commit,True,111,111
T4,AR,2504.0,2534.0,anchor,True,112,112
T4,AR,2534.0,2544.0,acquire,True,112,112
T4,AR,2544.0,2544.8,record_commit,True,112,112
T4,AR,2544.8,2554.8,acquire,True,113,113
T4,AR,2554.8,2555.6,record_commit,True,113,113
T4,AR,2555.6,2565.6,acquire,True,114,114
T4,AR,2565.6,2566.4,record_commit,True,114,114
T4,AR,2566.4,2576.4,acquire,True,115,115
T4,AR,2576.4,2577.2,record_commit,True,115,115
T4,AR,2577.2,2587.2,acquire,True,116,116
T4,AR,2587.2,2588.0,record_commit,True,116,116
T4,AR,2588.0,2598.0,acquire,True,117,117
T4,AR,2598.0,2598.8,record_commit,True,117,117
T4,AR,2598.8,2608.8,acquire,True,118,118
T4,AR,2608.8,2609.6,record_commit,True,118,118
T4,AR,2609.6,2619.6,acquire,True,119,119
T4,AR,2619.6,2620.4,record_commit,True,119,119
T4,AR,2620.4,2630.4,acquire,True,120,120
T4,AR,2630.4,2631.2,record_commit,True,120,120
T4,AR,2631.2,2641.2,acquire,True,121,121
T4,AR,2641.2,2642.0,record_commit,True,121,121
T4,AR,2642.0,2652.0,acquire,True,122,122
T4,AR,2652.0,2652.8,record_commit,True,122,122
T4,AR,2652.8,2662.8,acquire,True,123,123
T4,AR,2662.8,2663.6,record_commit,True,123,123
T4,AR,2663.6,2673.6,acquire,True,124,124
T4,AR,2673.6,2674.4,record_commit,True,124,124
T4,AR,2674.4,2684.4,acquire,True,125,125
T4,AR,2684.4,2685.2,record_commit,True,125,125
T4,AR,2685.2,2695.2,acquire,True,126,126
T4,AR,2695.2,2696.0,record_commit,True,126,126
T4,AR,2696.0,2706.0,acquire,True,127,127
T4,AR,2706.0,2706.8,record_commit,True,127,127
T4,AR,2706.8,2736.8,anchor,True,128,128
T4,AR,2736.8,2746.8,acquire,True,128,128
T4,AR,2746.8,2747.6,record_commit,True,128,128
T4,AR,2747.6,2757.6,acquire,True,129,129
T4,AR,2757.6,2758.4,record_commit,True,129,129
T4,AR,2758.4,2768.4,acquire,True,130,130
T4,AR,2768.4,2769.2,record_commit,True,130,130
T4,AR,2769.2,2779.2,acquire,True,131,131
T4,AR,2779.2,2780.0,record_commit,True,131,131
T4,AR,2780.0,2790.0,acquire,True,132,132
T4,AR,2790.0,2790.8,record_commit,True,132,132
T4,AR,2790.8,2800.8,acquire,True,133,133
T4,AR,2800.8,2801.6,record_commit,True,133,133
T4,AR,2801.6,2811.6,acquire,True,134,134
T4,AR,2811.6,2812.4,record_commit,True,134,134
T4,AR,2812.4,2822.4,acquire,True,135,135
T4,AR,2822.4,2823.2,record_commit,True,135,135
T4,AR,2823.2,2833.2,acquire,True,136,136
T4,AR,2833.2,2834.0,record_commit,True,136,136
T4,AR,2834.0,2844.0,acquire,True,137,137
T4,AR,2844.0,2844.8,record_commit,True,137,137
T4,AR,2844.8,2854.8,acquire,True,138,138
T4,AR,2854.8,2855.6,record_commit,True,138,138
T4,AR,2855.6,2865.6,acquire,True,139,139
T4,AR,2865.6,2866.4,record_commit,True,139,139
T4,AR,2866.4,2876.4,acquire,True,140,140
T4,AR,2876.4,2877.2,record_commit,True,140,140
T4,AR,2877.2,2887.2,acquire,True,141,141
T4,AR,2887.2,2888.0,record_commit,True,141,141
T4,AR,2888.0,2898.0,acquire,True,142,142
T4,AR,2898.0,2898.8,record_commit,True,142,142
T4,AR,2898.8,2908.8,acquire,True,143,143
T4,AR,2908.8,2909.6,record_commit,True,143,143
T4,AR,2909.6,2939.6,anchor,True,144,144
T4,AR,2939.6,2949.6,acquire,True,144,144
T4,AR,2949.6,2950.4,record_commit,True,144,144
T4,AR,2950.4,2960.4,acquire,True,145,145
T4,AR,2960.4,2961.2,record_commit,True,145,145
T4,AR,2961.2,2971.2,acquire,True,146,146
T4,AR,2971.2,2972.0,record_commit,True,146,146
T4,AR,2972.0,2982.0,acquire,True,147,147
T4,AR,2982.0,2982.8,record_commit,True,147,147
T4,AR,2982.8,2992.8,acquire,True,148,148
T4,AR,2992.8,2993.6,record_commit,True,148,148
T4,AR,2993.6,3003.6,acquire,True,149,149
T4,AR,3003.6,3004.4,record_commit,True,149,149
T4,AR,3004.4,3014.4,acquire,True,150,150
T4,AR,3014.4,3015.2,record_commit,True,150,150
T4,AR,3015.2,3025.2,acquire,True,151,151
T4,AR,3025.2,3026.0,record_commit,True,151,151
T4,AR,3026.0,3036.0,acquire,True,152,152
T4,AR,3036.0,3036.8,record_commit,True,152,152
T4,AR,3036.8,3046.8,acquire,True,153,153
T4,AR,3046.8,3047.6,record_commit,True,153,153
T4,AR,3047.6,3057.6,acquire,True,154,154
T4,AR,3057.6,3058.4,record_commit,True,154,154
T4,AR,3058.4,3068.4,acquire,True,155,155
T4,AR,3068.4,3069.2,record_commit,True,155,155
T4,AR,3069.2,3079.2,acquire,True,156,156
T4,AR,3079.2,3080.0,record_commit,True,156,156
T4,AR,3080.0,3090.0,acquire,True,157,157
T4,AR,3090.0,3090.8,record_commit,True,157,157
T4,AR,3090.8,3100.8,acquire,True,158,158
T4,AR,3100.8,3101.6,record_commit,True,158,158
T4,AR,3101.6,3111.6,acquire,True,159,159
T4,AR,3111.6,3112.4,record_commit,True,159,159
T4,AR,3112.4,3142.4,anchor,True,160,160
T4,AR,3142.4,3152.4,acquire,True,160,160
T4,AR,3152.4,3153.2,record_commit,True,160,160
T4,AR,3153.2,3163.2,acquire,True,161,161
T4,AR,3163.2,3164.0,record_commit,True,161,161
T4,AR,3164.0,3174.0,acquire,True,162,162
T4,AR,3174.0,3174.8,record_commit,True,162,162
T4,AR,3174.8,3184.8,acquire,True,163,163
T4,AR,3184.8,3185.6,record_commit,True,163,163
T4,AR,3185.6,3195.6,acquire,True,164,164
T4,AR,3195.6,3196.4,record_commit,True,164,164
T4,AR,3196.4,3206.4,acquire,True,165,165
T4,AR,3206.4,3207.2,record_commit,True,165,165
T4,AR,3207.2,3217.2,acquire,True,166,166
T4,AR,3217.2,3218.0,record_commit,True,166,166
T4,AR,3218.0,3228.0,acquire,True,167,167
T4,AR,3228.0,3228.8,record_commit,True,167,167
T4,AR,3228.8,3238.8,acquire,True,168,168
T4,AR,3238.8,3239.6,record_commit,True,168,168
T4,AR,3239.6,3249.6,acquire,True,169,169
T4,AR,3249.6,3250.4,record_commit,True,169,169
T4,AR,3250.4,3260.4,acquire,True,170,170
T4,AR,3260.4,3261.2,record_commit,True,170,170
T4,AR,3261.2,3271.2,acquire,True,171,171
T4,AR,3271.2,3272.0,record_commit,True,171,171
T4,AR,3272.0,3282.0,acquire,True,172,172
T4,AR,3282.0,3282.8,record_commit,True,172,172
T4,AR,3282.8,3292.8,acquire,True,173,173
T4,AR,3292.8,3293.6,record_commit,True,173,173
T4,AR,3293.6,3303.6,acquire,True,174,174
T4,AR,3303.6,3304.4,record_commit,True,174,174
T4,AR,3304.4,3314.4,acquire,True,175,175
T4,AR,3314.4,3315.2,record_commit,True,175,175
T4,AR,3315.2,3345.2,anchor,True,176,176
T4,AR,3345.2,3355.2,acquire,True,176,176
T4,AR,3355.2,3356.0,record_commit,True,176,176
T4,AR,3356.0,3366.0,acquire,True,177,177
T4,AR,3366.0,3366.8,record_commit,True,177,177
T4,AR,3366.8,3376.8,acquire,True,178,178
T4,AR,3376.8,3377.6,record_commit,True,178,178
T4,AR,3377.6,3387.6,acquire,True,179,179
T4,AR,3387.6,3388.4,record_commit,True,179,179
T4,AR,3388.4,3398.4,acquire,True,180,180
T4,AR,3398.4,3399.2,record_commit,True,180,180
T4,AR,3399.2,3409.2,acquire,True,181,181
T4,AR,3409.2,3410.0,record_commit,True,181,181
T4,AR,3410.0,3420.0,acquire,True,182,182
T4,AR,3420.0,3420.8,record_commit,True,182,182
T4,AR,3420.8,3430.8,acquire,True,183,183
T4,AR,3430.8,3431.6,record_commit,True,183,183
T4,AR,3431.6,3441.6,acquire,True,184,184
T4,AR,3441.6,3442.4,record_commit,True,184,184
T4,AR,3442.4,3452.4,acquire,True,185,185
T4,AR,3452.4,3453.2,record_commit,True,185,185
T4,AR,3453.2,3463.2,acquire,True,186,186
T4,AR,3463.2,3464.0,record_commit,True,186,186
T4,AR,3464.0,3474.0,acquire,True,187,187
T4,AR,3474.0,3474.8,record_commit,True,187,187
T4,AR,3474.8,3484.8,acquire,True,188,188
T4,AR,3484.8,3485.6,record_commit,True,188,188
T4,AR,3485.6,3495.6,acquire,True,189,189
T4,AR,3495.6,3496.4,record_commit,True,189,189
T4,AR,3496.4,3506.4,acquire,True,190,190
T4,AR,3506.4,3507.2,record_commit,True,190,190
T4,AR,3507.2,3517.2,acquire,True,191,191
T4,AR,3517.2,3518.0,record_commit,True,191,191
T4,BS,0.0,120.0,home,True,,0
T4,BS,120.0,150.0,anchor,True,0,0
T4,BS,150.0,160.0,acquire,True,0,0
T4,BS,160.0,170.0,acquire,True,1,0
T4,BS,170.0,180.0,acquire,True,2,0
T4,BS,180.0,190.0,acquire,True,3,0
T4,BS,190.0,192.0,block_seal,True,0,0
T4,BS,192.0,202.0,acquire,True,4,4
T4,BS,202.0,212.0,acquire,True,5,4
T4,BS,212.0,222.0,acquire,True,6,4
T4,BS,222.0,232.0,acquire,True,7,4
T4,BS,232.0,234.0,block_seal,True,4,4
T4,BS,234.0,244.0,acquire,True,8,8
T4,BS,244.0,254.0,acquire,True,9,8
T4,BS,254.0,264.0,acquire,True,10,8
T4,BS,264.0,274.0,acquire,True,11,8
T4,BS,274.0,276.0,block_seal,True,8,8
T4,BS,276.0,286.0,acquire,True,12,12
T4,BS,286.0,296.0,acquire,True,13,12
T4,BS,296.0,306.0,acquire,True,14,12
T4,BS,306.0,316.0,acquire,True,15,12
T4,BS,316.0,318.0,block_seal,True,12,12
T4,BS,318.0,319.0,row_checkpoint,True,,16
T4,BS,319.0,349.0,anchor,True,16,16
T4,BS,349.0,359.0,acquire,True,16,16
T4,BS,359.0,369.0,acquire,True,17,16
T4,BS,369.0,379.0,acquire,True,18,16
T4,BS,379.0,389.0,acquire,True,19,16
T4,BS,389.0,391.0,block_seal,True,16,16
T4,BS,391.0,401.0,acquire,True,20,20
T4,BS,401.0,411.0,acquire,True,21,20
T4,BS,411.0,421.0,acquire,True,22,20
T4,BS,421.0,431.0,acquire,True,23,20
T4,BS,431.0,433.0,block_seal,True,20,20
T4,BS,433.0,443.0,acquire,True,24,24
T4,BS,443.0,453.0,acquire,True,25,24
T4,BS,453.0,463.0,acquire,True,26,24
T4,BS,463.0,473.0,acquire,True,27,24
T4,BS,473.0,475.0,block_seal,True,24,24
T4,BS,475.0,485.0,acquire,True,28,28
T4,BS,485.0,495.0,acquire,True,29,28
T4,BS,495.0,505.0,acquire,True,30,28
T4,BS,505.0,515.0,acquire,True,31,28
T4,BS,515.0,517.0,block_seal,True,28,28
T4,BS,517.0,518.0,row_checkpoint,True,,32
T4,BS,518.0,520.0,anchor,False,32,32
T4,BS,520.0,640.0,home,True,,32
T4,BS,640.0,646.0,lookup,True,,32
T4,BS,646.0,676.0,anchor,True,32,32
T4,BS,676.0,686.0,acquire,True,32,32
T4,BS,686.0,696.0,acquire,True,33,32
T4,BS,696.0,706.0,acquire,True,34,32
T4,BS,706.0,716.0,acquire,True,35,32
T4,BS,716.0,718.0,block_seal,True,32,32
T4,BS,718.0,728.0,acquire,True,36,36
T4,BS,728.0,738.0,acquire,True,37,36
T4,BS,738.0,748.0,acquire,True,38,36
T4,BS,748.0,758.0,acquire,True,39,36
T4,BS,758.0,760.0,block_seal,False,36,36
T4,BS,760.0,880.0,home,True,,36
T4,BS,880.0,886.0,lookup,True,,36
T4,BS,886.0,916.0,anchor,True,36,36
T4,BS,916.0,926.0,acquire,True,36,36
T4,BS,926.0,936.0,acquire,True,37,36
T4,BS,936.0,946.0,acquire,True,38,36
T4,BS,946.0,956.0,acquire,True,39,36
T4,BS,956.0,958.0,block_seal,True,36,36
T4,BS,958.0,968.0,acquire,True,40,40
T4,BS,968.0,978.0,acquire,True,41,40
T4,BS,978.0,988.0,acquire,True,42,40
T4,BS,988.0,998.0,acquire,True,43,40
T4,BS,998.0,1000.0,block_seal,False,40,40
T4,BS,1000.0,1120.0,home,True,,40
T4,BS,1120.0,1126.0,lookup,True,,40
T4,BS,1126.0,1156.0,anchor,True,40,40
T4,BS,1156.0,1166.0,acquire,True,40,40
T4,BS,1166.0,1176.0,acquire,True,41,40
T4,BS,1176.0,1186.0,acquire,True,42,40
T4,BS,1186.0,1196.0,acquire,True,43,40
T4,BS,1196.0,1198.0,block_seal,True,40,40
T4,BS,1198.0,1208.0,acquire,True,44,44
T4,BS,1208.0,1218.0,acquire,True,45,44
T4,BS,1218.0,1228.0,acquire,True,46,44
T4,BS,1228.0,1238.0,acquire,True,47,44
T4,BS,1238.0,1240.0,block_seal,False,44,44
T4,BS,1240.0,1360.0,home,True,,44
T4,BS,1360.0,1366.0,lookup,True,,44
T4,BS,1366.0,1396.0,anchor,True,44,44
T4,BS,1396.0,1406.0,acquire,True,44,44
T4,BS,1406.0,1416.0,acquire,True,45,44
T4,BS,1416.0,1426.0,acquire,True,46,44
T4,BS,1426.0,1436.0,acquire,True,47,44
T4,BS,1436.0,1438.0,block_seal,True,44,44
T4,BS,1438.0,1439.0,row_checkpoint,True,,48
T4,BS,1439.0,1469.0,anchor,True,48,48
T4,BS,1469.0,1479.0,acquire,True,48,48
T4,BS,1479.0,1480.0,acquire,False,49,48
T4,BS,1480.0,1600.0,home,True,,48
T4,BS,1600.0,1606.0,lookup,True,,48
T4,BS,1606.0,1636.0,anchor,True,48,48
T4,BS,1636.0,1646.0,acquire,True,48,48
T4,BS,1646.0,1656.0,acquire,True,49,48
T4,BS,1656.0,1666.0,acquire,True,50,48
T4,BS,1666.0,1676.0,acquire,True,51,48
T4,BS,1676.0,1678.0,block_seal,True,48,48
T4,BS,1678.0,1688.0,acquire,True,52,52
T4,BS,1688.0,1698.0,acquire,True,53,52
T4,BS,1698.0,1708.0,acquire,True,54,52
T4,BS,1708.0,1718.0,acquire,True,55,52
T4,BS,1718.0,1720.0,block_seal,False,52,52
T4,BS,1720.0,1840.0,home,True,,52
T4,BS,1840.0,1846.0,lookup,True,,52
T4,BS,1846.0,1876.0,anchor,True,52,52
T4,BS,1876.0,1886.0,acquire,True,52,52
T4,BS,1886.0,1896.0,acquire,True,53,52
T4,BS,1896.0,1906.0,acquire,True,54,52
T4,BS,1906.0,1916.0,acquire,True,55,52
T4,BS,1916.0,1918.0,block_seal,True,52,52
T4,BS,1918.0,1928.0,acquire,True,56,56
T4,BS,1928.0,1938.0,acquire,True,57,56
T4,BS,1938.0,1948.0,acquire,True,58,56
T4,BS,1948.0,1958.0,acquire,True,59,56
T4,BS,1958.0,1960.0,block_seal,True,56,56
T4,BS,1960.0,1970.0,acquire,True,60,60
T4,BS,1970.0,1980.0,acquire,True,61,60
T4,BS,1980.0,1990.0,acquire,True,62,60
T4,BS,1990.0,2000.0,acquire,True,63,60
T4,BS,2000.0,2002.0,block_seal,True,60,60
T4,BS,2002.0,2003.0,row_checkpoint,True,,64
T4,BS,2003.0,2033.0,anchor,True,64,64
T4,BS,2033.0,2043.0,acquire,True,64,64
T4,BS,2043.0,2053.0,acquire,True,65,64
T4,BS,2053.0,2063.0,acquire,True,66,64
T4,BS,2063.0,2073.0,acquire,True,67,64
T4,BS,2073.0,2075.0,block_seal,True,64,64
T4,BS,2075.0,2085.0,acquire,True,68,68
T4,BS,2085.0,2095.0,acquire,True,69,68
T4,BS,2095.0,2105.0,acquire,True,70,68
T4,BS,2105.0,2115.0,acquire,True,71,68
T4,BS,2115.0,2117.0,block_seal,True,68,68
T4,BS,2117.0,2127.0,acquire,True,72,72
T4,BS,2127.0,2137.0,acquire,True,73,72
T4,BS,2137.0,2147.0,acquire,True,74,72
T4,BS,2147.0,2157.0,acquire,True,75,72
T4,BS,2157.0,2159.0,block_seal,True,72,72
T4,BS,2159.0,2169.0,acquire,True,76,76
T4,BS,2169.0,2179.0,acquire,True,77,76
T4,BS,2179.0,2189.0,acquire,True,78,76
T4,BS,2189.0,2199.0,acquire,True,79,76
T4,BS,2199.0,2201.0,block_seal,True,76,76
T4,BS,2201.0,2202.0,row_checkpoint,True,,80
T4,BS,2202.0,2232.0,anchor,True,80,80
T4,BS,2232.0,2242.0,acquire,True,80,80
T4,BS,2242.0,2252.0,acquire,True,81,80
T4,BS,2252.0,2262.0,acquire,True,82,80
T4,BS,2262.0,2272.0,acquire,True,83,80
T4,BS,2272.0,2274.0,block_seal,True,80,80
T4,BS,2274.0,2284.0,acquire,True,84,84
T4,BS,2284.0,2294.0,acquire,True,85,84
T4,BS,2294.0,2304.0,acquire,True,86,84
T4,BS,2304.0,2314.0,acquire,True,87,84
T4,BS,2314.0,2316.0,block_seal,True,84,84
T4,BS,2316.0,2326.0,acquire,True,88,88
T4,BS,2326.0,2336.0,acquire,True,89,88
T4,BS,2336.0,2346.0,acquire,True,90,88
T4,BS,2346.0,2356.0,acquire,True,91,88
T4,BS,2356.0,2358.0,block_seal,True,88,88
T4,BS,2358.0,2368.0,acquire,True,92,92
T4,BS,2368.0,2378.0,acquire,True,93,92
T4,BS,2378.0,2388.0,acquire,True,94,92
T4,BS,2388.0,2398.0,acquire,True,95,92
T4,BS,2398.0,2400.0,block_seal,True,92,92
T4,BS,2400.0,2401.0,row_checkpoint,True,,96
T4,BS,2401.0,2431.0,anchor,True,96,96
T4,BS,2431.0,2441.0,acquire,True,96,96
T4,BS,2441.0,2451.0,acquire,True,97,96
T4,BS,2451.0,2461.0,acquire,True,98,96
T4,BS,2461.0,2471.0,acquire,True,99,96
T4,BS,2471.0,2473.0,block_seal,True,96,96
T4,BS,2473.0,2483.0,acquire,True,100,100
T4,BS,2483.0,2493.0,acquire,True,101,100
T4,BS,2493.0,2503.0,acquire,True,102,100
T4,BS,2503.0,2513.0,acquire,True,103,100
T4,BS,2513.0,2515.0,block_seal,True,100,100
T4,BS,2515.0,2525.0,acquire,True,104,104
T4,BS,2525.0,2535.0,acquire,True,105,104
T4,BS,2535.0,2545.0,acquire,True,106,104
T4,BS,2545.0,2555.0,acquire,True,107,104
T4,BS,2555.0,2557.0,block_seal,True,104,104
T4,BS,2557.0,2567.0,acquire,True,108,108
T4,BS,2567.0,2577.0,acquire,True,109,108
T4,BS,2577.0,2587.0,acquire,True,110,108
T4,BS,2587.0,2597.0,acquire,True,111,108
T4,BS,2597.0,2599.0,block_seal,True,108,108
T4,BS,2599.0,2600.0,row_checkpoint,True,,112
T4,BS,2600.0,2630.0,anchor,True,112,112
T4,BS,2630.0,2640.0,acquire,True,112,112
T4,BS,2640.0,2650.0,acquire,True,113,112
T4,BS,2650.0,2660.0,acquire,True,114,112
T4,BS,2660.0,2670.0,acquire,True,115,112
T4,BS,2670.0,2672.0,block_seal,True,112,112
T4,BS,2672.0,2682.0,acquire,True,116,116
T4,BS,2682.0,2692.0,acquire,True,117,116
T4,BS,2692.0,2702.0,acquire,True,118,116
T4,BS,2702.0,2712.0,acquire,True,119,116
T4,BS,2712.0,2714.0,block_seal,True,116,116
T4,BS,2714.0,2724.0,acquire,True,120,120
T4,BS,2724.0,2734.0,acquire,True,121,120
T4,BS,2734.0,2744.0,acquire,True,122,120
T4,BS,2744.0,2754.0,acquire,True,123,120
T4,BS,2754.0,2756.0,block_seal,True,120,120
T4,BS,2756.0,2766.0,acquire,True,124,124
T4,BS,2766.0,2776.0,acquire,True,125,124
T4,BS,2776.0,2786.0,acquire,True,126,124
T4,BS,2786.0,2796.0,acquire,True,127,124
T4,BS,2796.0,2798.0,block_seal,True,124,124
T4,BS,2798.0,2799.0,row_checkpoint,True,,128
T4,BS,2799.0,2829.0,anchor,True,128,128
T4,BS,2829.0,2839.0,acquire,True,128,128
T4,BS,2839.0,2849.0,acquire,True,129,128
T4,BS,2849.0,2859.0,acquire,True,130,128
T4,BS,2859.0,2869.0,acquire,True,131,128
T4,BS,2869.0,2871.0,block_seal,True,128,128
T4,BS,2871.0,2881.0,acquire,True,132,132
T4,BS,2881.0,2891.0,acquire,True,133,132
T4,BS,2891.0,2901.0,acquire,True,134,132
T4,BS,2901.0,2911.0,acquire,True,135,132
T4,BS,2911.0,2913.0,block_seal,True,132,132
T4,BS,2913.0,2923.0,acquire,True,136,136
T4,BS,2923.0,2933.0,acquire,True,137,136
T4,BS,2933.0,2943.0,acquire,True,138,136
T4,BS,2943.0,2953.0,acquire,True,139,136
T4,BS,2953.0,2955.0,block_seal,True,136,136
T4,BS,2955.0,2965.0,acquire,True,140,140
T4,BS,2965.0,2975.0,acquire,True,141,140
T4,BS,2975.0,2985.0,acquire,True,142,140
T4,BS,2985.0,2995.0,acquire,True,143,140
T4,BS,2995.0,2997.0,block_seal,True,140,140
T4,BS,2997.0,2998.0,row_checkpoint,True,,144
T4,BS,2998.0,3028.0,anchor,True,144,144
T4,BS,3028.0,3038.0,acquire,True,144,144
T4,BS,3038.0,3048.0,acquire,True,145,144
T4,BS,3048.0,3058.0,acquire,True,146,144
T4,BS,3058.0,3068.0,acquire,True,147,144
T4,BS,3068.0,3070.0,block_seal,True,144,144
T4,BS,3070.0,3080.0,acquire,True,148,148
T4,BS,3080.0,3090.0,acquire,True,149,148
T4,BS,3090.0,3100.0,acquire,True,150,148
T4,BS,3100.0,3110.0,acquire,True,151,148
T4,BS,3110.0,3112.0,block_seal,True,148,148
T4,BS,3112.0,3122.0,acquire,True,152,152
T4,BS,3122.0,3132.0,acquire,True,153,152
T4,BS,3132.0,3142.0,acquire,True,154,152
T4,BS,3142.0,3152.0,acquire,True,155,152
T4,BS,3152.0,3154.0,block_seal,True,152,152
T4,BS,3154.0,3164.0,acquire,True,156,156
T4,BS,3164.0,3174.0,acquire,True,157,156
T4,BS,3174.0,3184.0,acquire,True,158,156
T4,BS,3184.0,3194.0,acquire,True,159,156
T4,BS,3194.0,3196.0,block_seal,True,156,156
T4,BS,3196.0,3197.0,row_checkpoint,True,,160
T4,BS,3197.0,3227.0,anchor,True,160,160
T4,BS,3227.0,3237.0,acquire,True,160,160
T4,BS,3237.0,3247.0,acquire,True,161,160
T4,BS,3247.0,3257.0,acquire,True,162,160
T4,BS,3257.0,3267.0,acquire,True,163,160
T4,BS,3267.0,3269.0,block_seal,True,160,160
T4,BS,3269.0,3279.0,acquire,True,164,164
T4,BS,3279.0,3289.0,acquire,True,165,164
T4,BS,3289.0,3299.0,acquire,True,166,164
T4,BS,3299.0,3309.0,acquire,True,167,164
T4,BS,3309.0,3311.0,block_seal,True,164,164
T4,BS,3311.0,3321.0,acquire,True,168,168
T4,BS,3321.0,3331.0,acquire,True,169,168
T4,BS,3331.0,3341.0,acquire,True,170,168
T4,BS,3341.0,3351.0,acquire,True,171,168
T4,BS,3351.0,3353.0,block_seal,True,168,168
T4,BS,3353.0,3363.0,acquire,True,172,172
T4,BS,3363.0,3373.0,acquire,True,173,172
T4,BS,3373.0,3383.0,acquire,True,174,172
T4,BS,3383.0,3393.0,acquire,True,175,172
T4,BS,3393.0,3395.0,block_seal,True,172,172
T4,BS,3395.0,3396.0,row_checkpoint,True,,176
T4,BS,3396.0,3426.0,anchor,True,176,176
T4,BS,3426.0,3436.0,acquire,True,176,176
T4,BS,3436.0,3446.0,acquire,True,177,176
T4,BS,3446.0,3456.0,acquire,True,178,176
T4,BS,3456.0,3466.0,acquire,True,179,176
T4,BS,3466.0,3468.0,block_seal,True,176,176
T4,BS,3468.0,3478.0,acquire,True,180,180
T4,BS,3478.0,3488.0,acquire,True,181,180
T4,BS,3488.0,3498.0,acquire,True,182,180
T4,BS,3498.0,3508.0,acquire,True,183,180
T4,BS,3508.0,3510.0,block_seal,True,180,180
T4,BS,3510.0,3520.0,acquire,True,184,184
T4,BS,3520.0,3530.0,acquire,True,185,184
T4,BS,3530.0,3540.0,acquire,True,186,184
T4,BS,3540.0,3550.0,acquire,True,187,184
T4,BS,3550.0,3552.0,block_seal,True,184,184
T4,BS,3552.0,3562.0,acquire,True,188,188
T4,BS,3562.0,3572.0,acquire,True,189,188
T4,BS,3572.0,3582.0,acquire,True,190,188
T4,BS,3582.0,3592.0,acquire,True,191,188
T4,BS,3592.0,3594.0,block_seal,True,188,188
T4,BS,3594.0,3595.0,row_checkpoint,True,,192
T5,RC,0.0,120.0,home,True,,0
T5,RC,120.0,150.0,anchor,True,0,0
T5,RC,150.0,160.0,acquire,True,0,0
T5,RC,160.0,170.0,acquire,True,1,0
T5,RC,170.0,180.0,acquire,True,2,0
T5,RC,180.0,190.0,acquire,True,3,0
T5,RC,190.0,200.0,acquire,True,4,0
T5,RC,200.0,210.0,acquire,True,5,0
T5,RC,210.0,220.0,acquire,True,6,0
T5,RC,220.0,230.0,acquire,True,7,0
T5,RC,230.0,240.0,acquire,True,8,0
T5,RC,240.0,250.0,acquire,True,9,0
T5,RC,250.0,260.0,acquire,True,10,0
T5,RC,260.0,270.0,acquire,True,11,0
T5,RC,270.0,280.0,acquire,True,12,0
T5,RC,280.0,290.0,acquire,True,13,0
T5,RC,290.0,300.0,acquire,False,14,0
T5,RC,300.0,420.0,home,True,,0
T5,RC,420.0,421.0,lookup,True,,0
T5,RC,421.0,451.0,anchor,True,0,0
T5,RC,451.0,461.0,acquire,True,0,0
T5,RC,461.0,471.0,acquire,True,1,0
T5,RC,471.0,481.0,acquire,True,2,0
T5,RC,481.0,491.0,acquire,True,3,0
T5,RC,491.0,501.0,acquire,True,4,0
T5,RC,501.0,511.0,acquire,True,5,0
T5,RC,511.0,521.0,acquire,True,6,0
T5,RC,521.0,531.0,acquire,True,7,0
T5,RC,531.0,541.0,acquire,True,8,0
T5,RC,541.0,551.0,acquire,True,9,0
T5,RC,551.0,561.0,acquire,True,10,0
T5,RC,561.0,571.0,acquire,True,11,0
T5,RC,571.0,581.0,acquire,True,12,0
T5,RC,581.0,591.0,acquire,True,13,0
T5,RC,591.0,600.0,acquire,False,14,0
T5,RC,600.0,720.0,home,True,,0
T5,RC,720.0,721.0,lookup,True,,0
T5,RC,721.0,751.0,anchor,True,0,0
T5,RC,751.0,761.0,acquire,True,0,0
T5,RC,761.0,771.0,acquire,True,1,0
T5,RC,771.0,781.0,acquire,True,2,0
T5,RC,781.0,791.0,acquire,True,3,0
T5,RC,791.0,801.0,acquire,True,4,0
T5,RC,801.0,811.0,acquire,True,5,0
T5,RC,811.0,821.0,acquire,True,6,0
T5,RC,821.0,831.0,acquire,True,7,0
T5,RC,831.0,841.0,acquire,True,8,0
T5,RC,841.0,851.0,acquire,True,9,0
T5,RC,851.0,861.0,acquire,True,10,0
T5,RC,861.0,871.0,acquire,True,11,0
T5,RC,871.0,881.0,acquire,True,12,0
T5,RC,881.0,891.0,acquire,True,13,0
T5,RC,891.0,900.0,acquire,False,14,0
T5,RC,900.0,1020.0,home,True,,0
T5,RC,1020.0,1021.0,lookup,True,,0
T5,RC,1021.0,1051.0,anchor,True,0,0
T5,RC,1051.0,1061.0,acquire,True,0,0
T5,RC,1061.0,1071.0,acquire,True,1,0
T5,RC,1071.0,1081.0,acquire,True,2,0
T5,RC,1081.0,1091.0,acquire,True,3,0
T5,RC,1091.0,1101.0,acquire,True,4,0
T5,RC,1101.0,1111.0,acquire,True,5,0
T5,RC,1111.0,1121.0,acquire,True,6,0
T5,RC,1121.0,1131.0,acquire,True,7,0
T5,RC,1131.0,1141.0,acquire,True,8,0
T5,RC,1141.0,1151.0,acquire,True,9,0
T5,RC,1151.0,1161.0,acquire,True,10,0
T5,RC,1161.0,1171.0,acquire,True,11,0
T5,RC,1171.0,1181.0,acquire,True,12,0
T5,RC,1181.0,1191.0,acquire,True,13,0
T5,RC,1191.0,1200.0,acquire,False,14,0
T5,RC,1200.0,1320.0,home,True,,0
T5,RC,1320.0,1321.0,lookup,True,,0
T5,RC,1321.0,1351.0,anchor,True,0,0
T5,RC,1351.0,1361.0,acquire,True,0,0
T5,RC,1361.0,1371.0,acquire,True,1,0
T5,RC,1371.0,1381.0,acquire,True,2,0
T5,RC,1381.0,1391.0,acquire,True,3,0
T5,RC,1391.0,1401.0,acquire,True,4,0
T5,RC,1401.0,1411.0,acquire,True,5,0
T5,RC,1411.0,1421.0,acquire,True,6,0
T5,RC,1421.0,1431.0,acquire,True,7,0
T5,RC,1431.0,1441.0,acquire,True,8,0
T5,RC,1441.0,1451.0,acquire,True,9,0
T5,RC,1451.0,1461.0,acquire,True,10,0
T5,RC,1461.0,1471.0,acquire,True,11,0
T5,RC,1471.0,1481.0,acquire,True,12,0
T5,RC,1481.0,1491.0,acquire,True,13,0
T5,RC,1491.0,1500.0,acquire,False,14,0
T5,RC,1500.0,1620.0,home,True,,0
T5,RC,1620.0,1621.0,lookup,True,,0
T5,RC,1621.0,1651.0,anchor,True,0,0
T5,RC,1651.0,1661.0,acquire,True,0,0
T5,RC,1661.0,1671.0,acquire,True,1,0
T5,RC,1671.0,1681.0,acquire,True,2,0
T5,RC,1681.0,1691.0,acquire,True,3,0
T5,RC,1691.0,1701.0,acquire,True,4,0
T5,RC,1701.0,1711.0,acquire,True,5,0
T5,RC,1711.0,1721.0,acquire,True,6,0
T5,RC,1721.0,1731.0,acquire,True,7,0
T5,RC,1731.0,1741.0,acquire,True,8,0
T5,RC,1741.0,1751.0,acquire,True,9,0
T5,RC,1751.0,1761.0,acquire,True,10,0
T5,RC,1761.0,1771.0,acquire,True,11,0
T5,RC,1771.0,1781.0,acquire,True,12,0
T5,RC,1781.0,1791.0,acquire,True,13,0
T5,RC,1791.0,1800.0,acquire,False,14,0
T5,RC,1800.0,1920.0,home,True,,0
T5,RC,1920.0,1921.0,lookup,True,,0
T5,RC,1921.0,1951.0,anchor,True,0,0
T5,RC,1951.0,1961.0,acquire,True,0,0
T5,RC,1961.0,1971.0,acquire,True,1,0
T5,RC,1971.0,1981.0,acquire,True,2,0
T5,RC,1981.0,1991.0,acquire,True,3,0
T5,RC,1991.0,2001.0,acquire,True,4,0
T5,RC,2001.0,2011.0,acquire,True,5,0
T5,RC,2011.0,2021.0,acquire,True,6,0
T5,RC,2021.0,2031.0,acquire,True,7,0
T5,RC,2031.0,2041.0,acquire,True,8,0
T5,RC,2041.0,2051.0,acquire,True,9,0
T5,RC,2051.0,2061.0,acquire,True,10,0
T5,RC,2061.0,2071.0,acquire,True,11,0
T5,RC,2071.0,2081.0,acquire,True,12,0
T5,RC,2081.0,2091.0,acquire,True,13,0
T5,RC,2091.0,2100.0,acquire,False,14,0
T5,RC,2100.0,2220.0,home,True,,0
T5,RC,2220.0,2221.0,lookup,True,,0
T5,RC,2221.0,2251.0,anchor,True,0,0
T5,RC,2251.0,2261.0,acquire,True,0,0
T5,RC,2261.0,2271.0,acquire,True,1,0
T5,RC,2271.0,2281.0,acquire,True,2,0
T5,RC,2281.0,2291.0,acquire,True,3,0
T5,RC,2291.0,2301.0,acquire,True,4,0
T5,RC,2301.0,2311.0,acquire,True,5,0
T5,RC,2311.0,2321.0,acquire,True,6,0
T5,RC,2321.0,2331.0,acquire,True,7,0
T5,RC,2331.0,2341.0,acquire,True,8,0
T5,RC,2341.0,2351.0,acquire,True,9,0
T5,RC,2351.0,2361.0,acquire,True,10,0
T5,RC,2361.0,2371.0,acquire,True,11,0
T5,RC,2371.0,2381.0,acquire,True,12,0
T5,RC,2381.0,2391.0,acquire,True,13,0
T5,RC,2391.0,2400.0,acquire,False,14,0
T5,RC,2400.0,2520.0,home,True,,0
T5,RC,2520.0,2521.0,lookup,True,,0
T5,RC,2521.0,2551.0,anchor,True,0,0
T5,RC,2551.0,2561.0,acquire,True,0,0
T5,RC,2561.0,2571.0,acquire,True,1,0
T5,RC,2571.0,2581.0,acquire,True,2,0
T5,RC,2581.0,2591.0,acquire,True,3,0
T5,RC,2591.0,2601.0,acquire,True,4,0
T5,RC,2601.0,2611.0,acquire,True,5,0
T5,RC,2611.0,2621.0,acquire,True,6,0
T5,RC,2621.0,2631.0,acquire,True,7,0
T5,RC,2631.0,2641.0,acquire,True,8,0
T5,RC,2641.0,2651.0,acquire,True,9,0
T5,RC,2651.0,2661.0,acquire,True,10,0
T5,RC,2661.0,2671.0,acquire,True,11,0
T5,RC,2671.0,2681.0,acquire,True,12,0
T5,RC,2681.0,2691.0,acquire,True,13,0
T5,RC,2691.0,2700.0,acquire,False,14,0
T5,RC,2700.0,2820.0,home,True,,0
T5,RC,2820.0,2821.0,lookup,True,,0
T5,RC,2821.0,2851.0,anchor,True,0,0
T5,RC,2851.0,2861.0,acquire,True,0,0
T5,RC,2861.0,2871.0,acquire,True,1,0
T5,RC,2871.0,2881.0,acquire,True,2,0
T5,RC,2881.0,2891.0,acquire,True,3,0
T5,RC,2891.0,2901.0,acquire,True,4,0
T5,RC,2901.0,2911.0,acquire,True,5,0
T5,RC,2911.0,2921.0,acquire,True,6,0
T5,RC,2921.0,2931.0,acquire,True,7,0
T5,RC,2931.0,2941.0,acquire,True,8,0
T5,RC,2941.0,2951.0,acquire,True,9,0
T5,RC,2951.0,2961.0,acquire,True,10,0
T5,RC,2961.0,2971.0,acquire,True,11,0
T5,RC,2971.0,2981.0,acquire,True,12,0
T5,RC,2981.0,2991.0,acquire,True,13,0
T5,RC,2991.0,3000.0,acquire,False,14,0
T5,RC,3000.0,3120.0,home,True,,0
T5,RC,3120.0,3121.0,lookup,True,,0
T5,RC,3121.0,3151.0,anchor,True,0,0
T5,RC,3151.0,3161.0,acquire,True,0,0
T5,RC,3161.0,3171.0,acquire,True,1,0
T5,RC,3171.0,3181.0,acquire,True,2,0
T5,RC,3181.0,3191.0,acquire,True,3,0
T5,RC,3191.0,3201.0,acquire,True,4,0
T5,RC,3201.0,3211.0,acquire,True,5,0
T5,RC,3211.0,3221.0,acquire,True,6,0
T5,RC,3221.0,3231.0,acquire,True,7,0
T5,RC,3231.0,3241.0,acquire,True,8,0
T5,RC,3241.0,3251.0,acquire,True,9,0
T5,RC,3251.0,3261.0,acquire,True,10,0
T5,RC,3261.0,3271.0,acquire,True,11,0
T5,RC,3271.0,3281.0,acquire,True,12,0
T5,RC,3281.0,3291.0,acquire,True,13,0
T5,RC,3291.0,3301.0,acquire,True,14,0
T5,RC,3301.0,3311.0,acquire,True,15,0
T5,RC,3311.0,3315.0,row_commit,True,0,0
T5,RC,3315.0,3345.0,anchor,True,16,16
T5,RC,3345.0,3355.0,acquire,True,16,16
T5,RC,3355.0,3365.0,acquire,True,17,16
T5,RC,3365.0,3375.0,acquire,True,18,16
T5,RC,3375.0,3385.0,acquire,True,19,16
T5,RC,3385.0,3395.0,acquire,True,20,16
T5,RC,3395.0,3405.0,acquire,True,21,16
T5,RC,3405.0,3415.0,acquire,True,22,16
T5,RC,3415.0,3425.0,acquire,True,23,16
T5,RC,3425.0,3435.0,acquire,True,24,16
T5,RC,3435.0,3445.0,acquire,True,25,16
T5,RC,3445.0,3455.0,acquire,True,26,16
T5,RC,3455.0,3465.0,acquire,True,27,16
T5,RC,3465.0,3475.0,acquire,True,28,16
T5,RC,3475.0,3485.0,acquire,True,29,16
T5,RC,3485.0,3495.0,acquire,True,30,16
T5,RC,3495.0,3505.0,acquire,True,31,16
T5,RC,3505.0,3509.0,row_commit,True,16,16
T5,RC,3509.0,3539.0,anchor,True,32,32
T5,RC,3539.0,3549.0,acquire,True,32,32
T5,RC,3549.0,3559.0,acquire,True,33,32
T5,RC,3559.0,3569.0,acquire,True,34,32
T5,RC,3569.0,3579.0,acquire,True,35,32
T5,RC,3579.0,3589.0,acquire,True,36,32
T5,RC,3589.0,3599.0,acquire,True,37,32
T5,RC,3599.0,3609.0,acquire,True,38,32
T5,RC,3609.0,3619.0,acquire,True,39,32
T5,RC,3619.0,3629.0,acquire,True,40,32
T5,RC,3629.0,3639.0,acquire,True,41,32
T5,RC,3639.0,3649.0,acquire,True,42,32
T5,RC,3649.0,3659.0,acquire,True,43,32
T5,RC,3659.0,3669.0,acquire,True,44,32
T5,RC,3669.0,3679.0,acquire,True,45,32
T5,RC,3679.0,3689.0,acquire,True,46,32
T5,RC,3689.0,3699.0,acquire,True,47,32
T5,RC,3699.0,3703.0,row_commit,True,32,32
T5,RC,3703.0,3733.0,anchor,True,48,48
T5,RC,3733.0,3743.0,acquire,True,48,48
T5,RC,3743.0,3753.0,acquire,True,49,48
T5,RC,3753.0,3763.0,acquire,True,50,48
T5,RC,3763.0,3773.0,acquire,True,51,48
T5,RC,3773.0,3783.0,acquire,True,52,48
T5,RC,3783.0,3793.0,acquire,True,53,48
T5,RC,3793.0,3803.0,acquire,True,54,48
T5,RC,3803.0,3813.0,acquire,True,55,48
T5,RC,3813.0,3823.0,acquire,True,56,48
T5,RC,3823.0,3833.0,acquire,True,57,48
T5,RC,3833.0,3843.0,acquire,True,58,48
T5,RC,3843.0,3853.0,acquire,True,59,48
T5,RC,3853.0,3863.0,acquire,True,60,48
T5,RC,3863.0,3873.0,acquire,True,61,48
T5,RC,3873.0,3883.0,acquire,True,62,48
T5,RC,3883.0,3893.0,acquire,True,63,48
T5,RC,3893.0,3897.0,row_commit,True,48,48
T5,RC,3897.0,3927.0,anchor,True,64,64
T5,RC,3927.0,3937.0,acquire,True,64,64
T5,RC,3937.0,3947.0,acquire,True,65,64
T5,RC,3947.0,3957.0,acquire,True,66,64
T5,RC,3957.0,3967.0,acquire,True,67,64
T5,RC,3967.0,3977.0,acquire,True,68,64
T5,RC,3977.0,3987.0,acquire,True,69,64
T5,RC,3987.0,3997.0,acquire,True,70,64
T5,RC,3997.0,4007.0,acquire,True,71,64
T5,RC,4007.0,4017.0,acquire,True,72,64
T5,RC,4017.0,4027.0,acquire,True,73,64
T5,RC,4027.0,4037.0,acquire,True,74,64
T5,RC,4037.0,4047.0,acquire,True,75,64
T5,RC,4047.0,4057.0,acquire,True,76,64
T5,RC,4057.0,4067.0,acquire,True,77,64
T5,RC,4067.0,4077.0,acquire,True,78,64
T5,RC,4077.0,4087.0,acquire,True,79,64
T5,RC,4087.0,4091.0,row_commit,True,64,64
T5,RC,4091.0,4121.0,anchor,True,80,80
T5,RC,4121.0,4131.0,acquire,True,80,80
T5,RC,4131.0,4141.0,acquire,True,81,80
T5,RC,4141.0,4151.0,acquire,True,82,80
T5,RC,4151.0,4161.0,acquire,True,83,80
T5,RC,4161.0,4171.0,acquire,True,84,80
T5,RC,4171.0,4181.0,acquire,True,85,80
T5,RC,4181.0,4191.0,acquire,True,86,80
T5,RC,4191.0,4201.0,acquire,True,87,80
T5,RC,4201.0,4211.0,acquire,True,88,80
T5,RC,4211.0,4221.0,acquire,True,89,80
T5,RC,4221.0,4231.0,acquire,True,90,80
T5,RC,4231.0,4241.0,acquire,True,91,80
T5,RC,4241.0,4251.0,acquire,True,92,80
T5,RC,4251.0,4261.0,acquire,True,93,80
T5,RC,4261.0,4271.0,acquire,True,94,80
T5,RC,4271.0,4281.0,acquire,True,95,80
T5,RC,4281.0,4285.0,row_commit,True,80,80
T5,RC,4285.0,4315.0,anchor,True,96,96
T5,RC,4315.0,4325.0,acquire,True,96,96
T5,RC,4325.0,4335.0,acquire,True,97,96
T5,RC,4335.0,4345.0,acquire,True,98,96
T5,RC,4345.0,4355.0,acquire,True,99,96
T5,RC,4355.0,4365.0,acquire,True,100,96
T5,RC,4365.0,4375.0,acquire,True,101,96
T5,RC,4375.0,4385.0,acquire,True,102,96
T5,RC,4385.0,4395.0,acquire,True,103,96
T5,RC,4395.0,4405.0,acquire,True,104,96
T5,RC,4405.0,4415.0,acquire,True,105,96
T5,RC,4415.0,4425.0,acquire,True,106,96
T5,RC,4425.0,4435.0,acquire,True,107,96
T5,RC,4435.0,4445.0,acquire,True,108,96
T5,RC,4445.0,4455.0,acquire,True,109,96
T5,RC,4455.0,4465.0,acquire,True,110,96
T5,RC,4465.0,4475.0,acquire,True,111,96
T5,RC,4475.0,4479.0,row_commit,True,96,96
T5,RC,4479.0,4509.0,anchor,True,112,112
T5,RC,4509.0,4519.0,acquire,True,112,112
T5,RC,4519.0,4529.0,acquire,True,113,112
T5,RC,4529.0,4539.0,acquire,True,114,112
T5,RC,4539.0,4549.0,acquire,True,115,112
T5,RC,4549.0,4559.0,acquire,True,116,112
T5,RC,4559.0,4569.0,acquire,True,117,112
T5,RC,4569.0,4579.0,acquire,True,118,112
T5,RC,4579.0,4589.0,acquire,True,119,112
T5,RC,4589.0,4599.0,acquire,True,120,112
T5,RC,4599.0,4609.0,acquire,True,121,112
T5,RC,4609.0,4619.0,acquire,True,122,112
T5,RC,4619.0,4629.0,acquire,True,123,112
T5,RC,4629.0,4639.0,acquire,True,124,112
T5,RC,4639.0,4649.0,acquire,True,125,112
T5,RC,4649.0,4659.0,acquire,True,126,112
T5,RC,4659.0,4669.0,acquire,True,127,112
T5,RC,4669.0,4673.0,row_commit,True,112,112
T5,RC,4673.0,4703.0,anchor,True,128,128
T5,RC,4703.0,4713.0,acquire,True,128,128
T5,RC,4713.0,4723.0,acquire,True,129,128
T5,RC,4723.0,4733.0,acquire,True,130,128
T5,RC,4733.0,4743.0,acquire,True,131,128
T5,RC,4743.0,4753.0,acquire,True,132,128
T5,RC,4753.0,4763.0,acquire,True,133,128
T5,RC,4763.0,4773.0,acquire,True,134,128
T5,RC,4773.0,4783.0,acquire,True,135,128
T5,RC,4783.0,4793.0,acquire,True,136,128
T5,RC,4793.0,4803.0,acquire,True,137,128
T5,RC,4803.0,4813.0,acquire,True,138,128
T5,RC,4813.0,4823.0,acquire,True,139,128
T5,RC,4823.0,4833.0,acquire,True,140,128
T5,RC,4833.0,4843.0,acquire,True,141,128
T5,RC,4843.0,4853.0,acquire,True,142,128
T5,RC,4853.0,4863.0,acquire,True,143,128
T5,RC,4863.0,4867.0,row_commit,True,128,128
T5,RC,4867.0,4897.0,anchor,True,144,144
T5,RC,4897.0,4907.0,acquire,True,144,144
T5,RC,4907.0,4917.0,acquire,True,145,144
T5,RC,4917.0,4927.0,acquire,True,146,144
T5,RC,4927.0,4937.0,acquire,True,147,144
T5,RC,4937.0,4947.0,acquire,True,148,144
T5,RC,4947.0,4957.0,acquire,True,149,144
T5,RC,4957.0,4967.0,acquire,True,150,144
T5,RC,4967.0,4977.0,acquire,True,151,144
T5,RC,4977.0,4987.0,acquire,True,152,144
T5,RC,4987.0,4997.0,acquire,True,153,144
T5,RC,4997.0,5007.0,acquire,True,154,144
T5,RC,5007.0,5017.0,acquire,True,155,144
T5,RC,5017.0,5027.0,acquire,True,156,144
T5,RC,5027.0,5037.0,acquire,True,157,144
T5,RC,5037.0,5047.0,acquire,True,158,144
T5,RC,5047.0,5057.0,acquire,True,159,144
T5,RC,5057.0,5061.0,row_commit,True,144,144
T5,RC,5061.0,5091.0,anchor,True,160,160
T5,RC,5091.0,5101.0,acquire,True,160,160
T5,RC,5101.0,5111.0,acquire,True,161,160
T5,RC,5111.0,5121.0,acquire,True,162,160
T5,RC,5121.0,5131.0,acquire,True,163,160
T5,RC,5131.0,5141.0,acquire,True,164,160
T5,RC,5141.0,5151.0,acquire,True,165,160
T5,RC,5151.0,5161.0,acquire,True,166,160
T5,RC,5161.0,5171.0,acquire,True,167,160
T5,RC,5171.0,5181.0,acquire,True,168,160
T5,RC,5181.0,5191.0,acquire,True,169,160
T5,RC,5191.0,5201.0,acquire,True,170,160
T5,RC,5201.0,5211.0,acquire,True,171,160
T5,RC,5211.0,5221.0,acquire,True,172,160
T5,RC,5221.0,5231.0,acquire,True,173,160
T5,RC,5231.0,5241.0,acquire,True,174,160
T5,RC,5241.0,5251.0,acquire,True,175,160
T5,RC,5251.0,5255.0,row_commit,True,160,160
T5,RC,5255.0,5285.0,anchor,True,176,176
T5,RC,5285.0,5295.0,acquire,True,176,176
T5,RC,5295.0,5305.0,acquire,True,177,176
T5,RC,5305.0,5315.0,acquire,True,178,176
T5,RC,5315.0,5325.0,acquire,True,179,176
T5,RC,5325.0,5335.0,acquire,True,180,176
T5,RC,5335.0,5345.0,acquire,True,181,176
T5,RC,5345.0,5355.0,acquire,True,182,176
T5,RC,5355.0,5365.0,acquire,True,183,176
T5,RC,5365.0,5375.0,acquire,True,184,176
T5,RC,5375.0,5385.0,acquire,True,185,176
T5,RC,5385.0,5395.0,acquire,True,186,176
T5,RC,5395.0,5405.0,acquire,True,187,176
T5,RC,5405.0,5415.0,acquire,True,188,176
T5,RC,5415.0,5425.0,acquire,True,189,176
T5,RC,5425.0,5435.0,acquire,True,190,176
T5,RC,5435.0,5445.0,acquire,True,191,176
T5,RC,5445.0,5449.0,row_commit,True,176,176
T5,AR,0.0,120.0,home,True,,0
T5,AR,120.0,150.0,anchor,True,0,0
T5,AR,150.0,160.0,acquire,True,0,0
T5,AR,160.0,160.8,record_commit,True,0,0
T5,AR,160.8,170.8,acquire,True,1,1
T5,AR,170.8,171.6,record_commit,True,1,1
T5,AR,171.6,181.6,acquire,True,2,2
T5,AR,181.6,182.4,record_commit,True,2,2
T5,AR,182.4,192.4,acquire,True,3,3
T5,AR,192.4,193.2,record_commit,True,3,3
T5,AR,193.2,203.2,acquire,True,4,4
T5,AR,203.2,204.0,record_commit,True,4,4
T5,AR,204.0,214.0,acquire,True,5,5
T5,AR,214.0,214.8,record_commit,True,5,5
T5,AR,214.8,224.8,acquire,True,6,6
T5,AR,224.8,225.6,record_commit,True,6,6
T5,AR,225.6,235.6,acquire,True,7,7
T5,AR,235.6,236.4,record_commit,True,7,7
T5,AR,236.4,246.4,acquire,True,8,8
T5,AR,246.4,247.2,record_commit,True,8,8
T5,AR,247.2,257.2,acquire,True,9,9
T5,AR,257.2,258.0,record_commit,True,9,9
T5,AR,258.0,268.0,acquire,True,10,10
T5,AR,268.0,268.8,record_commit,True,10,10
T5,AR,268.8,278.8,acquire,True,11,11
T5,AR,278.8,279.6,record_commit,True,11,11
T5,AR,279.6,289.6,acquire,True,12,12
T5,AR,289.6,290.4,record_commit,True,12,12
T5,AR,290.4,300.0,acquire,False,13,13
T5,AR,300.0,420.0,home,True,,13
T5,AR,420.0,424.0,lookup,True,,13
T5,AR,424.0,454.0,anchor,True,13,13
T5,AR,454.0,464.0,acquire,True,13,13
T5,AR,464.0,464.8,record_commit,True,13,13
T5,AR,464.8,474.8,acquire,True,14,14
T5,AR,474.8,475.6,record_commit,True,14,14
T5,AR,475.6,485.6,acquire,True,15,15
T5,AR,485.6,486.4,record_commit,True,15,15
T5,AR,486.4,516.4,anchor,True,16,16
T5,AR,516.4,526.4,acquire,True,16,16
T5,AR,526.4,527.2,record_commit,True,16,16
T5,AR,527.2,537.2,acquire,True,17,17
T5,AR,537.2,538.0,record_commit,True,17,17
T5,AR,538.0,548.0,acquire,True,18,18
T5,AR,548.0,548.8,record_commit,True,18,18
T5,AR,548.8,558.8,acquire,True,19,19
T5,AR,558.8,559.6,record_commit,True,19,19
T5,AR,559.6,569.6,acquire,True,20,20
T5,AR,569.6,570.4,record_commit,True,20,20
T5,AR,570.4,580.4,acquire,True,21,21
T5,AR,580.4,581.2,record_commit,True,21,21
T5,AR,581.2,591.2,acquire,True,22,22
T5,AR,591.2,592.0,record_commit,True,22,22
T5,AR,592.0,600.0,acquire,False,23,23
T5,AR,600.0,720.0,home,True,,23
T5,AR,720.0,724.0,lookup,True,,23
T5,AR,724.0,754.0,anchor,True,23,23
T5,AR,754.0,764.0,acquire,True,23,23
T5,AR,764.0,764.8,record_commit,True,23,23
T5,AR,764.8,774.8,acquire,True,24,24
T5,AR,774.8,775.6,record_commit,True,24,24
T5,AR,775.6,785.6,acquire,True,25,25
T5,AR,785.6,786.4,record_commit,True,25,25
T5,AR,786.4,796.4,acquire,True,26,26
T5,AR,796.4,797.2,record_commit,True,26,26
T5,AR,797.2,807.2,acquire,True,27,27
T5,AR,807.2,808.0,record_commit,True,27,27
T5,AR,808.0,818.0,acquire,True,28,28
T5,AR,818.0,818.8,record_commit,True,28,28
T5,AR,818.8,828.8,acquire,True,29,29
T5,AR,828.8,829.6,record_commit,True,29,29
T5,AR,829.6,839.6,acquire,True,30,30
T5,AR,839.6,840.4,record_commit,True,30,30
T5,AR,840.4,850.4,acquire,True,31,31
T5,AR,850.4,851.2,record_commit,True,31,31
T5,AR,851.2,881.2,anchor,True,32,32
T5,AR,881.2,891.2,acquire,True,32,32
T5,AR,891.2,892.0,record_commit,True,32,32
T5,AR,892.0,900.0,acquire,False,33,33
T5,AR,900.0,1020.0,home,True,,33
T5,AR,1020.0,1024.0,lookup,True,,33
T5,AR,1024.0,1054.0,anchor,True,33,33
T5,AR,1054.0,1064.0,acquire,True,33,33
T5,AR,1064.0,1064.8,record_commit,True,33,33
T5,AR,1064.8,1074.8,acquire,True,34,34
T5,AR,1074.8,1075.6,record_commit,True,34,34
T5,AR,1075.6,1085.6,acquire,True,35,35
T5,AR,1085.6,1086.4,record_commit,True,35,35
T5,AR,1086.4,1096.4,acquire,True,36,36
T5,AR,1096.4,1097.2,record_commit,True,36,36
T5,AR,1097.2,1107.2,acquire,True,37,37
T5,AR,1107.2,1108.0,record_commit,True,37,37
T5,AR,1108.0,1118.0,acquire,True,38,38
T5,AR,1118.0,1118.8,record_commit,True,38,38
T5,AR,1118.8,1128.8,acquire,True,39,39
T5,AR,1128.8,1129.6,record_commit,True,39,39
T5,AR,1129.6,1139.6,acquire,True,40,40
T5,AR,1139.6,1140.4,record_commit,True,40,40
T5,AR,1140.4,1150.4,acquire,True,41,41
T5,AR,1150.4,1151.2,record_commit,True,41,41
T5,AR,1151.2,1161.2,acquire,True,42,42
T5,AR,1161.2,1162.0,record_commit,True,42,42
T5,AR,1162.0,1172.0,acquire,True,43,43
T5,AR,1172.0,1172.8,record_commit,True,43,43
T5,AR,1172.8,1182.8,acquire,True,44,44
T5,AR,1182.8,1183.6,record_commit,True,44,44
T5,AR,1183.6,1193.6,acquire,True,45,45
T5,AR,1193.6,1194.4,record_commit,True,45,45
T5,AR,1194.4,1200.0,acquire,False,46,46
T5,AR,1200.0,1320.0,home,True,,46
T5,AR,1320.0,1324.0,lookup,True,,46
T5,AR,1324.0,1354.0,anchor,True,46,46
T5,AR,1354.0,1364.0,acquire,True,46,46
T5,AR,1364.0,1364.8,record_commit,True,46,46
T5,AR,1364.8,1374.8,acquire,True,47,47
T5,AR,1374.8,1375.6,record_commit,True,47,47
T5,AR,1375.6,1405.6,anchor,True,48,48
T5,AR,1405.6,1415.6,acquire,True,48,48
T5,AR,1415.6,1416.4,record_commit,True,48,48
T5,AR,1416.4,1426.4,acquire,True,49,49
T5,AR,1426.4,1427.2,record_commit,True,49,49
T5,AR,1427.2,1437.2,acquire,True,50,50
T5,AR,1437.2,1438.0,record_commit,True,50,50
T5,AR,1438.0,1448.0,acquire,True,51,51
T5,AR,1448.0,1448.8,record_commit,True,51,51
T5,AR,1448.8,1458.8,acquire,True,52,52
T5,AR,1458.8,1459.6,record_commit,True,52,52
T5,AR,1459.6,1469.6,acquire,True,53,53
T5,AR,1469.6,1470.4,record_commit,True,53,53
T5,AR,1470.4,1480.4,acquire,True,54,54
T5,AR,1480.4,1481.2,record_commit,True,54,54
T5,AR,1481.2,1491.2,acquire,True,55,55
T5,AR,1491.2,1492.0,record_commit,True,55,55
T5,AR,1492.0,1500.0,acquire,False,56,56
T5,AR,1500.0,1620.0,home,True,,56
T5,AR,1620.0,1624.0,lookup,True,,56
T5,AR,1624.0,1654.0,anchor,True,56,56
T5,AR,1654.0,1664.0,acquire,True,56,56
T5,AR,1664.0,1664.8,record_commit,True,56,56
T5,AR,1664.8,1674.8,acquire,True,57,57
T5,AR,1674.8,1675.6,record_commit,True,57,57
T5,AR,1675.6,1685.6,acquire,True,58,58
T5,AR,1685.6,1686.4,record_commit,True,58,58
T5,AR,1686.4,1696.4,acquire,True,59,59
T5,AR,1696.4,1697.2,record_commit,True,59,59
T5,AR,1697.2,1707.2,acquire,True,60,60
T5,AR,1707.2,1708.0,record_commit,True,60,60
T5,AR,1708.0,1718.0,acquire,True,61,61
T5,AR,1718.0,1718.8,record_commit,True,61,61
T5,AR,1718.8,1728.8,acquire,True,62,62
T5,AR,1728.8,1729.6,record_commit,True,62,62
T5,AR,1729.6,1739.6,acquire,True,63,63
T5,AR,1739.6,1740.4,record_commit,True,63,63
T5,AR,1740.4,1770.4,anchor,True,64,64
T5,AR,1770.4,1780.4,acquire,True,64,64
T5,AR,1780.4,1781.2,record_commit,True,64,64
T5,AR,1781.2,1791.2,acquire,True,65,65
T5,AR,1791.2,1792.0,record_commit,True,65,65
T5,AR,1792.0,1800.0,acquire,False,66,66
T5,AR,1800.0,1920.0,home,True,,66
T5,AR,1920.0,1924.0,lookup,True,,66
T5,AR,1924.0,1954.0,anchor,True,66,66
T5,AR,1954.0,1964.0,acquire,True,66,66
T5,AR,1964.0,1964.8,record_commit,True,66,66
T5,AR,1964.8,1974.8,acquire,True,67,67
T5,AR,1974.8,1975.6,record_commit,True,67,67
T5,AR,1975.6,1985.6,acquire,True,68,68
T5,AR,1985.6,1986.4,record_commit,True,68,68
T5,AR,1986.4,1996.4,acquire,True,69,69
T5,AR,1996.4,1997.2,record_commit,True,69,69
T5,AR,1997.2,2007.2,acquire,True,70,70
T5,AR,2007.2,2008.0,record_commit,True,70,70
T5,AR,2008.0,2018.0,acquire,True,71,71
T5,AR,2018.0,2018.8,record_commit,True,71,71
T5,AR,2018.8,2028.8,acquire,True,72,72
T5,AR,2028.8,2029.6,record_commit,True,72,72
T5,AR,2029.6,2039.6,acquire,True,73,73
T5,AR,2039.6,2040.4,record_commit,True,73,73
T5,AR,2040.4,2050.4,acquire,True,74,74
T5,AR,2050.4,2051.2,record_commit,True,74,74
T5,AR,2051.2,2061.2,acquire,True,75,75
T5,AR,2061.2,2062.0,record_commit,True,75,75
T5,AR,2062.0,2072.0,acquire,True,76,76
T5,AR,2072.0,2072.8,record_commit,True,76,76
T5,AR,2072.8,2082.8,acquire,True,77,77
T5,AR,2082.8,2083.6,record_commit,True,77,77
T5,AR,2083.6,2093.6,acquire,True,78,78
T5,AR,2093.6,2094.4,record_commit,True,78,78
T5,AR,2094.4,2100.0,acquire,False,79,79
T5,AR,2100.0,2220.0,home,True,,79
T5,AR,2220.0,2224.0,lookup,True,,79
T5,AR,2224.0,2254.0,anchor,True,79,79
T5,AR,2254.0,2264.0,acquire,True,79,79
T5,AR,2264.0,2264.8,record_commit,True,79,79
T5,AR,2264.8,2294.8,anchor,True,80,80
T5,AR,2294.8,2304.8,acquire,True,80,80
T5,AR,2304.8,2305.6,record_commit,True,80,80
T5,AR,2305.6,2315.6,acquire,True,81,81
T5,AR,2315.6,2316.4,record_commit,True,81,81
T5,AR,2316.4,2326.4,acquire,True,82,82
T5,AR,2326.4,2327.2,record_commit,True,82,82
T5,AR,2327.2,2337.2,acquire,True,83,83
T5,AR,2337.2,2338.0,record_commit,True,83,83
T5,AR,2338.0,2348.0,acquire,True,84,84
T5,AR,2348.0,2348.8,record_commit,True,84,84
T5,AR,2348.8,2358.8,acquire,True,85,85
T5,AR,2358.8,2359.6,record_commit,True,85,85
T5,AR,2359.6,2369.6,acquire,True,86,86
T5,AR,2369.6,2370.4,record_commit,True,86,86
T5,AR,2370.4,2380.4,acquire,True,87,87
T5,AR,2380.4,2381.2,record_commit,True,87,87
T5,AR,2381.2,2391.2,acquire,True,88,88
T5,AR,2391.2,2392.0,record_commit,True,88,88
T5,AR,2392.0,2400.0,acquire,False,89,89
T5,AR,2400.0,2520.0,home,True,,89
T5,AR,2520.0,2524.0,lookup,True,,89
T5,AR,2524.0,2554.0,anchor,True,89,89
T5,AR,2554.0,2564.0,acquire,True,89,89
T5,AR,2564.0,2564.8,record_commit,True,89,89
T5,AR,2564.8,2574.8,acquire,True,90,90
T5,AR,2574.8,2575.6,record_commit,True,90,90
T5,AR,2575.6,2585.6,acquire,True,91,91
T5,AR,2585.6,2586.4,record_commit,True,91,91
T5,AR,2586.4,2596.4,acquire,True,92,92
T5,AR,2596.4,2597.2,record_commit,True,92,92
T5,AR,2597.2,2607.2,acquire,True,93,93
T5,AR,2607.2,2608.0,record_commit,True,93,93
T5,AR,2608.0,2618.0,acquire,True,94,94
T5,AR,2618.0,2618.8,record_commit,True,94,94
T5,AR,2618.8,2628.8,acquire,True,95,95
T5,AR,2628.8,2629.6,record_commit,True,95,95
T5,AR,2629.6,2659.6,anchor,True,96,96
T5,AR,2659.6,2669.6,acquire,True,96,96
T5,AR,2669.6,2670.4,record_commit,True,96,96
T5,AR,2670.4,2680.4,acquire,True,97,97
T5,AR,2680.4,2681.2,record_commit,True,97,97
T5,AR,2681.2,2691.2,acquire,True,98,98
T5,AR,2691.2,2692.0,record_commit,True,98,98
T5,AR,2692.0,2700.0,acquire,False,99,99
T5,AR,2700.0,2820.0,home,True,,99
T5,AR,2820.0,2824.0,lookup,True,,99
T5,AR,2824.0,2854.0,anchor,True,99,99
T5,AR,2854.0,2864.0,acquire,True,99,99
T5,AR,2864.0,2864.8,record_commit,True,99,99
T5,AR,2864.8,2874.8,acquire,True,100,100
T5,AR,2874.8,2875.6,record_commit,True,100,100
T5,AR,2875.6,2885.6,acquire,True,101,101
T5,AR,2885.6,2886.4,record_commit,True,101,101
T5,AR,2886.4,2896.4,acquire,True,102,102
T5,AR,2896.4,2897.2,record_commit,True,102,102
T5,AR,2897.2,2907.2,acquire,True,103,103
T5,AR,2907.2,2908.0,record_commit,True,103,103
T5,AR,2908.0,2918.0,acquire,True,104,104
T5,AR,2918.0,2918.8,record_commit,True,104,104
T5,AR,2918.8,2928.8,acquire,True,105,105
T5,AR,2928.8,2929.6,record_commit,True,105,105
T5,AR,2929.6,2939.6,acquire,True,106,106
T5,AR,2939.6,2940.4,record_commit,True,106,106
T5,AR,2940.4,2950.4,acquire,True,107,107
T5,AR,2950.4,2951.2,record_commit,True,107,107
T5,AR,2951.2,2961.2,acquire,True,108,108
T5,AR,2961.2,2962.0,record_commit,True,108,108
T5,AR,2962.0,2972.0,acquire,True,109,109
T5,AR,2972.0,2972.8,record_commit,True,109,109
T5,AR,2972.8,2982.8,acquire,True,110,110
T5,AR,2982.8,2983.6,record_commit,True,110,110
T5,AR,2983.6,2993.6,acquire,True,111,111
T5,AR,2993.6,2994.4,record_commit,True,111,111
T5,AR,2994.4,3000.0,anchor,False,112,112
T5,AR,3000.0,3120.0,home,True,,112
T5,AR,3120.0,3124.0,lookup,True,,112
T5,AR,3124.0,3154.0,anchor,True,112,112
T5,AR,3154.0,3164.0,acquire,True,112,112
T5,AR,3164.0,3164.8,record_commit,True,112,112
T5,AR,3164.8,3174.8,acquire,True,113,113
T5,AR,3174.8,3175.6,record_commit,True,113,113
T5,AR,3175.6,3185.6,acquire,True,114,114
T5,AR,3185.6,3186.4,record_commit,True,114,114
T5,AR,3186.4,3196.4,acquire,True,115,115
T5,AR,3196.4,3197.2,record_commit,True,115,115
T5,AR,3197.2,3207.2,acquire,True,116,116
T5,AR,3207.2,3208.0,record_commit,True,116,116
T5,AR,3208.0,3218.0,acquire,True,117,117
T5,AR,3218.0,3218.8,record_commit,True,117,117
T5,AR,3218.8,3228.8,acquire,True,118,118
T5,AR,3228.8,3229.6,record_commit,True,118,118
T5,AR,3229.6,3239.6,acquire,True,119,119
T5,AR,3239.6,3240.4,record_commit,True,119,119
T5,AR,3240.4,3250.4,acquire,True,120,120
T5,AR,3250.4,3251.2,record_commit,True,120,120
T5,AR,3251.2,3261.2,acquire,True,121,121
T5,AR,3261.2,3262.0,record_commit,True,121,121
T5,AR,3262.0,3272.0,acquire,True,122,122
T5,AR,3272.0,3272.8,record_commit,True,122,122
T5,AR,3272.8,3282.8,acquire,True,123,123
T5,AR,3282.8,3283.6,record_commit,True,123,123
T5,AR,3283.6,3293.6,acquire,True,124,124
T5,AR,3293.6,3294.4,record_commit,True,124,124
T5,AR,3294.4,3304.4,acquire,True,125,125
T5,AR,3304.4,3305.2,record_commit,True,125,125
T5,AR,3305.2,3315.2,acquire,True,126,126
T5,AR,3315.2,3316.0,record_commit,True,126,126
T5,AR,3316.0,3326.0,acquire,True,127,127
T5,AR,3326.0,3326.8,record_commit,True,127,127
T5,AR,3326.8,3356.8,anchor,True,128,128
T5,AR,3356.8,3366.8,acquire,True,128,128
T5,AR,3366.8,3367.6,record_commit,True,128,128
T5,AR,3367.6,3377.6,acquire,True,129,129
T5,AR,3377.6,3378.4,record_commit,True,129,129
T5,AR,3378.4,3388.4,acquire,True,130,130
T5,AR,3388.4,3389.2,record_commit,True,130,130
T5,AR,3389.2,3399.2,acquire,True,131,131
T5,AR,3399.2,3400.0,record_commit,True,131,131
T5,AR,3400.0,3410.0,acquire,True,132,132
T5,AR,3410.0,3410.8,record_commit,True,132,132
T5,AR,3410.8,3420.8,acquire,True,133,133
T5,AR,3420.8,3421.6,record_commit,True,133,133
T5,AR,3421.6,3431.6,acquire,True,134,134
T5,AR,3431.6,3432.4,record_commit,True,134,134
T5,AR,3432.4,3442.4,acquire,True,135,135
T5,AR,3442.4,3443.2,record_commit,True,135,135
T5,AR,3443.2,3453.2,acquire,True,136,136
T5,AR,3453.2,3454.0,record_commit,True,136,136
T5,AR,3454.0,3464.0,acquire,True,137,137
T5,AR,3464.0,3464.8,record_commit,True,137,137
T5,AR,3464.8,3474.8,acquire,True,138,138
T5,AR,3474.8,3475.6,record_commit,True,138,138
T5,AR,3475.6,3485.6,acquire,True,139,139
T5,AR,3485.6,3486.4,record_commit,True,139,139
T5,AR,3486.4,3496.4,acquire,True,140,140
T5,AR,3496.4,3497.2,record_commit,True,140,140
T5,AR,3497.2,3507.2,acquire,True,141,141
T5,AR,3507.2,3508.0,record_commit,True,141,141
T5,AR,3508.0,3518.0,acquire,True,142,142
T5,AR,3518.0,3518.8,record_commit,True,142,142
T5,AR,3518.8,3528.8,acquire,True,143,143
T5,AR,3528.8,3529.6,record_commit,True,143,143
T5,AR,3529.6,3559.6,anchor,True,144,144
T5,AR,3559.6,3569.6,acquire,True,144,144
T5,AR,3569.6,3570.4,record_commit,True,144,144
T5,AR,3570.4,3580.4,acquire,True,145,145
T5,AR,3580.4,3581.2,record_commit,True,145,145
T5,AR,3581.2,3591.2,acquire,True,146,146
T5,AR,3591.2,3592.0,record_commit,True,146,146
T5,AR,3592.0,3602.0,acquire,True,147,147
T5,AR,3602.0,3602.8,record_commit,True,147,147
T5,AR,3602.8,3612.8,acquire,True,148,148
T5,AR,3612.8,3613.6,record_commit,True,148,148
T5,AR,3613.6,3623.6,acquire,True,149,149
T5,AR,3623.6,3624.4,record_commit,True,149,149
T5,AR,3624.4,3634.4,acquire,True,150,150
T5,AR,3634.4,3635.2,record_commit,True,150,150
T5,AR,3635.2,3645.2,acquire,True,151,151
T5,AR,3645.2,3646.0,record_commit,True,151,151
T5,AR,3646.0,3656.0,acquire,True,152,152
T5,AR,3656.0,3656.8,record_commit,True,152,152
T5,AR,3656.8,3666.8,acquire,True,153,153
T5,AR,3666.8,3667.6,record_commit,True,153,153
T5,AR,3667.6,3677.6,acquire,True,154,154
T5,AR,3677.6,3678.4,record_commit,True,154,154
T5,AR,3678.4,3688.4,acquire,True,155,155
T5,AR,3688.4,3689.2,record_commit,True,155,155
T5,AR,3689.2,3699.2,acquire,True,156,156
T5,AR,3699.2,3700.0,record_commit,True,156,156
T5,AR,3700.0,3710.0,acquire,True,157,157
T5,AR,3710.0,3710.8,record_commit,True,157,157
T5,AR,3710.8,3720.8,acquire,True,158,158
T5,AR,3720.8,3721.6,record_commit,True,158,158
T5,AR,3721.6,3731.6,acquire,True,159,159
T5,AR,3731.6,3732.4,record_commit,True,159,159
T5,AR,3732.4,3762.4,anchor,True,160,160
T5,AR,3762.4,3772.4,acquire,True,160,160
T5,AR,3772.4,3773.2,record_commit,True,160,160
T5,AR,3773.2,3783.2,acquire,True,161,161
T5,AR,3783.2,3784.0,record_commit,True,161,161
T5,AR,3784.0,3794.0,acquire,True,162,162
T5,AR,3794.0,3794.8,record_commit,True,162,162
T5,AR,3794.8,3804.8,acquire,True,163,163
T5,AR,3804.8,3805.6,record_commit,True,163,163
T5,AR,3805.6,3815.6,acquire,True,164,164
T5,AR,3815.6,3816.4,record_commit,True,164,164
T5,AR,3816.4,3826.4,acquire,True,165,165
T5,AR,3826.4,3827.2,record_commit,True,165,165
T5,AR,3827.2,3837.2,acquire,True,166,166
T5,AR,3837.2,3838.0,record_commit,True,166,166
T5,AR,3838.0,3848.0,acquire,True,167,167
T5,AR,3848.0,3848.8,record_commit,True,167,167
T5,AR,3848.8,3858.8,acquire,True,168,168
T5,AR,3858.8,3859.6,record_commit,True,168,168
T5,AR,3859.6,3869.6,acquire,True,169,169
T5,AR,3869.6,3870.4,record_commit,True,169,169
T5,AR,3870.4,3880.4,acquire,True,170,170
T5,AR,3880.4,3881.2,record_commit,True,170,170
T5,AR,3881.2,3891.2,acquire,True,171,171
T5,AR,3891.2,3892.0,record_commit,True,171,171
T5,AR,3892.0,3902.0,acquire,True,172,172
T5,AR,3902.0,3902.8,record_commit,True,172,172
T5,AR,3902.8,3912.8,acquire,True,173,173
T5,AR,3912.8,3913.6,record_commit,True,173,173
T5,AR,3913.6,3923.6,acquire,True,174,174
T5,AR,3923.6,3924.4,record_commit,True,174,174
T5,AR,3924.4,3934.4,acquire,True,175,175
T5,AR,3934.4,3935.2,record_commit,True,175,175
T5,AR,3935.2,3965.2,anchor,True,176,176
T5,AR,3965.2,3975.2,acquire,True,176,176
T5,AR,3975.2,3976.0,record_commit,True,176,176
T5,AR,3976.0,3986.0,acquire,True,177,177
T5,AR,3986.0,3986.8,record_commit,True,177,177
T5,AR,3986.8,3996.8,acquire,True,178,178
T5,AR,3996.8,3997.6,record_commit,True,178,178
T5,AR,3997.6,4007.6,acquire,True,179,179
T5,AR,4007.6,4008.4,record_commit,True,179,179
T5,AR,4008.4,4018.4,acquire,True,180,180
T5,AR,4018.4,4019.2,record_commit,True,180,180
T5,AR,4019.2,4029.2,acquire,True,181,181
T5,AR,4029.2,4030.0,record_commit,True,181,181
T5,AR,4030.0,4040.0,acquire,True,182,182
T5,AR,4040.0,4040.8,record_commit,True,182,182
T5,AR,4040.8,4050.8,acquire,True,183,183
T5,AR,4050.8,4051.6,record_commit,True,183,183
T5,AR,4051.6,4061.6,acquire,True,184,184
T5,AR,4061.6,4062.4,record_commit,True,184,184
T5,AR,4062.4,4072.4,acquire,True,185,185
T5,AR,4072.4,4073.2,record_commit,True,185,185
T5,AR,4073.2,4083.2,acquire,True,186,186
T5,AR,4083.2,4084.0,record_commit,True,186,186
T5,AR,4084.0,4094.0,acquire,True,187,187
T5,AR,4094.0,4094.8,record_commit,True,187,187
T5,AR,4094.8,4104.8,acquire,True,188,188
T5,AR,4104.8,4105.6,record_commit,True,188,188
T5,AR,4105.6,4115.6,acquire,True,189,189
T5,AR,4115.6,4116.4,record_commit,True,189,189
T5,AR,4116.4,4126.4,acquire,True,190,190
T5,AR,4126.4,4127.2,record_commit,True,190,190
T5,AR,4127.2,4137.2,acquire,True,191,191
T5,AR,4137.2,4138.0,record_commit,True,191,191
T5,BS,0.0,120.0,home,True,,0
T5,BS,120.0,150.0,anchor,True,0,0
T5,BS,150.0,160.0,acquire,True,0,0
T5,BS,160.0,170.0,acquire,True,1,0
T5,BS,170.0,180.0,acquire,True,2,0
T5,BS,180.0,190.0,acquire,True,3,0
T5,BS,190.0,192.0,block_seal,True,0,0
T5,BS,192.0,202.0,acquire,True,4,4
T5,BS,202.0,212.0,acquire,True,5,4
T5,BS,212.0,222.0,acquire,True,6,4
T5,BS,222.0,232.0,acquire,True,7,4
T5,BS,232.0,234.0,block_seal,True,4,4
T5,BS,234.0,244.0,acquire,True,8,8
T5,BS,244.0,254.0,acquire,True,9,8
T5,BS,254.0,264.0,acquire,True,10,8
T5,BS,264.0,274.0,acquire,True,11,8
T5,BS,274.0,276.0,block_seal,True,8,8
T5,BS,276.0,286.0,acquire,True,12,12
T5,BS,286.0,296.0,acquire,True,13,12
T5,BS,296.0,300.0,acquire,False,14,12
T5,BS,300.0,420.0,home,True,,12
T5,BS,420.0,426.0,lookup,True,,12
T5,BS,426.0,456.0,anchor,True,12,12
T5,BS,456.0,466.0,acquire,True,12,12
T5,BS,466.0,476.0,acquire,True,13,12
T5,BS,476.0,486.0,acquire,True,14,12
T5,BS,486.0,496.0,acquire,True,15,12
T5,BS,496.0,498.0,block_seal,True,12,12
T5,BS,498.0,499.0,row_checkpoint,True,,16
T5,BS,499.0,529.0,anchor,True,16,16
T5,BS,529.0,539.0,acquire,True,16,16
T5,BS,539.0,549.0,acquire,True,17,16
T5,BS,549.0,559.0,acquire,True,18,16
T5,BS,559.0,569.0,acquire,True,19,16
T5,BS,569.0,571.0,block_seal,True,16,16
T5,BS,571.0,581.0,acquire,True,20,20
T5,BS,581.0,591.0,acquire,True,21,20
T5,BS,591.0,600.0,acquire,False,22,20
T5,BS,600.0,720.0,home,True,,20
T5,BS,720.0,726.0,lookup,True,,20
T5,BS,726.0,756.0,anchor,True,20,20
T5,BS,756.0,766.0,acquire,True,20,20
T5,BS,766.0,776.0,acquire,True,21,20
T5,BS,776.0,786.0,acquire,True,22,20
T5,BS,786.0,796.0,acquire,True,23,20
T5,BS,796.0,798.0,block_seal,True,20,20
T5,BS,798.0,808.0,acquire,True,24,24
T5,BS,808.0,818.0,acquire,True,25,24
T5,BS,818.0,828.0,acquire,True,26,24
T5,BS,828.0,838.0,acquire,True,27,24
T5,BS,838.0,840.0,block_seal,True,24,24
T5,BS,840.0,850.0,acquire,True,28,28
T5,BS,850.0,860.0,acquire,True,29,28
T5,BS,860.0,870.0,acquire,True,30,28
T5,BS,870.0,880.0,acquire,True,31,28
T5,BS,880.0,882.0,block_seal,True,28,28
T5,BS,882.0,883.0,row_checkpoint,True,,32
T5,BS,883.0,900.0,anchor,False,32,32
T5,BS,900.0,1020.0,home,True,,32
T5,BS,1020.0,1026.0,lookup,True,,32
T5,BS,1026.0,1056.0,anchor,True,32,32
T5,BS,1056.0,1066.0,acquire,True,32,32
T5,BS,1066.0,1076.0,acquire,True,33,32
T5,BS,1076.0,1086.0,acquire,True,34,32
T5,BS,1086.0,1096.0,acquire,True,35,32
T5,BS,1096.0,1098.0,block_seal,True,32,32
T5,BS,1098.0,1108.0,acquire,True,36,36
T5,BS,1108.0,1118.0,acquire,True,37,36
T5,BS,1118.0,1128.0,acquire,True,38,36
T5,BS,1128.0,1138.0,acquire,True,39,36
T5,BS,1138.0,1140.0,block_seal,True,36,36
T5,BS,1140.0,1150.0,acquire,True,40,40
T5,BS,1150.0,1160.0,acquire,True,41,40
T5,BS,1160.0,1170.0,acquire,True,42,40
T5,BS,1170.0,1180.0,acquire,True,43,40
T5,BS,1180.0,1182.0,block_seal,True,40,40
T5,BS,1182.0,1192.0,acquire,True,44,44
T5,BS,1192.0,1200.0,acquire,False,45,44
T5,BS,1200.0,1320.0,home,True,,44
T5,BS,1320.0,1326.0,lookup,True,,44
T5,BS,1326.0,1356.0,anchor,True,44,44
T5,BS,1356.0,1366.0,acquire,True,44,44
T5,BS,1366.0,1376.0,acquire,True,45,44
T5,BS,1376.0,1386.0,acquire,True,46,44
T5,BS,1386.0,1396.0,acquire,True,47,44
T5,BS,1396.0,1398.0,block_seal,True,44,44
T5,BS,1398.0,1399.0,row_checkpoint,True,,48
T5,BS,1399.0,1429.0,anchor,True,48,48
T5,BS,1429.0,1439.0,acquire,True,48,48
T5,BS,1439.0,1449.0,acquire,True,49,48
T5,BS,1449.0,1459.0,acquire,True,50,48
T5,BS,1459.0,1469.0,acquire,True,51,48
T5,BS,1469.0,1471.0,block_seal,True,48,48
T5,BS,1471.0,1481.0,acquire,True,52,52
T5,BS,1481.0,1491.0,acquire,True,53,52
T5,BS,1491.0,1500.0,acquire,False,54,52
T5,BS,1500.0,1620.0,home,True,,52
T5,BS,1620.0,1626.0,lookup,True,,52
T5,BS,1626.0,1656.0,anchor,True,52,52
T5,BS,1656.0,1666.0,acquire,True,52,52
T5,BS,1666.0,1676.0,acquire,True,53,52
T5,BS,1676.0,1686.0,acquire,True,54,52
T5,BS,1686.0,1696.0,acquire,True,55,52
T5,BS,1696.0,1698.0,block_seal,True,52,52
T5,BS,1698.0,1708.0,acquire,True,56,56
T5,BS,1708.0,1718.0,acquire,True,57,56
T5,BS,1718.0,1728.0,acquire,True,58,56
T5,BS,1728.0,1738.0,acquire,True,59,56
T5,BS,1738.0,1740.0,block_seal,True,56,56
T5,BS,1740.0,1750.0,acquire,True,60,60
T5,BS,1750.0,1760.0,acquire,True,61,60
T5,BS,1760.0,1770.0,acquire,True,62,60
T5,BS,1770.0,1780.0,acquire,True,63,60
T5,BS,1780.0,1782.0,block_seal,True,60,60
T5,BS,1782.0,1783.0,row_checkpoint,True,,64
T5,BS,1783.0,1800.0,anchor,False,64,64
T5,BS,1800.0,1920.0,home,True,,64
T5,BS,1920.0,1926.0,lookup,True,,64
T5,BS,1926.0,1956.0,anchor,True,64,64
T5,BS,1956.0,1966.0,acquire,True,64,64
T5,BS,1966.0,1976.0,acquire,True,65,64
T5,BS,1976.0,1986.0,acquire,True,66,64
T5,BS,1986.0,1996.0,acquire,True,67,64
T5,BS,1996.0,1998.0,block_seal,True,64,64
T5,BS,1998.0,2008.0,acquire,True,68,68
T5,BS,2008.0,2018.0,acquire,True,69,68
T5,BS,2018.0,2028.0,acquire,True,70,68
T5,BS,2028.0,2038.0,acquire,True,71,68
T5,BS,2038.0,2040.0,block_seal,True,68,68
T5,BS,2040.0,2050.0,acquire,True,72,72
T5,BS,2050.0,2060.0,acquire,True,73,72
T5,BS,2060.0,2070.0,acquire,True,74,72
T5,BS,2070.0,2080.0,acquire,True,75,72
T5,BS,2080.0,2082.0,block_seal,True,72,72
T5,BS,2082.0,2092.0,acquire,True,76,76
T5,BS,2092.0,2100.0,acquire,False,77,76
T5,BS,2100.0,2220.0,home,True,,76
T5,BS,2220.0,2226.0,lookup,True,,76
T5,BS,2226.0,2256.0,anchor,True,76,76
T5,BS,2256.0,2266.0,acquire,True,76,76
T5,BS,2266.0,2276.0,acquire,True,77,76
T5,BS,2276.0,2286.0,acquire,True,78,76
T5,BS,2286.0,2296.0,acquire,True,79,76
T5,BS,2296.0,2298.0,block_seal,True,76,76
T5,BS,2298.0,2299.0,row_checkpoint,True,,80
T5,BS,2299.0,2329.0,anchor,True,80,80
T5,BS,2329.0,2339.0,acquire,True,80,80
T5,BS,2339.0,2349.0,acquire,True,81,80
T5,BS,2349.0,2359.0,acquire,True,82,80
T5,BS,2359.0,2369.0,acquire,True,83,80
T5,BS,2369.0,2371.0,block_seal,True,80,80
T5,BS,2371.0,2381.0,acquire,True,84,84
T5,BS,2381.0,2391.0,acquire,True,85,84
T5,BS,2391.0,2400.0,acquire,False,86,84
T5,BS,2400.0,2520.0,home,True,,84
T5,BS,2520.0,2526.0,lookup,True,,84
T5,BS,2526.0,2556.0,anchor,True,84,84
T5,BS,2556.0,2566.0,acquire,True,84,84
T5,BS,2566.0,2576.0,acquire,True,85,84
T5,BS,2576.0,2586.0,acquire,True,86,84
T5,BS,2586.0,2596.0,acquire,True,87,84
T5,BS,2596.0,2598.0,block_seal,True,84,84
T5,BS,2598.0,2608.0,acquire,True,88,88
T5,BS,2608.0,2618.0,acquire,True,89,88
T5,BS,2618.0,2628.0,acquire,True,90,88
T5,BS,2628.0,2638.0,acquire,True,91,88
T5,BS,2638.0,2640.0,block_seal,True,88,88
T5,BS,2640.0,2650.0,acquire,True,92,92
T5,BS,2650.0,2660.0,acquire,True,93,92
T5,BS,2660.0,2670.0,acquire,True,94,92
T5,BS,2670.0,2680.0,acquire,True,95,92
T5,BS,2680.0,2682.0,block_seal,True,92,92
T5,BS,2682.0,2683.0,row_checkpoint,True,,96
T5,BS,2683.0,2700.0,anchor,False,96,96
T5,BS,2700.0,2820.0,home,True,,96
T5,BS,2820.0,2826.0,lookup,True,,96
T5,BS,2826.0,2856.0,anchor,True,96,96
T5,BS,2856.0,2866.0,acquire,True,96,96
T5,BS,2866.0,2876.0,acquire,True,97,96
T5,BS,2876.0,2886.0,acquire,True,98,96
T5,BS,2886.0,2896.0,acquire,True,99,96
T5,BS,2896.0,2898.0,block_seal,True,96,96
T5,BS,2898.0,2908.0,acquire,True,100,100
T5,BS,2908.0,2918.0,acquire,True,101,100
T5,BS,2918.0,2928.0,acquire,True,102,100
T5,BS,2928.0,2938.0,acquire,True,103,100
T5,BS,2938.0,2940.0,block_seal,True,100,100
T5,BS,2940.0,2950.0,acquire,True,104,104
T5,BS,2950.0,2960.0,acquire,True,105,104
T5,BS,2960.0,2970.0,acquire,True,106,104
T5,BS,2970.0,2980.0,acquire,True,107,104
T5,BS,2980.0,2982.0,block_seal,True,104,104
T5,BS,2982.0,2992.0,acquire,True,108,108
T5,BS,2992.0,3000.0,acquire,False,109,108
T5,BS,3000.0,3120.0,home,True,,108
T5,BS,3120.0,3126.0,lookup,True,,108
T5,BS,3126.0,3156.0,anchor,True,108,108
T5,BS,3156.0,3166.0,acquire,True,108,108
T5,BS,3166.0,3176.0,acquire,True,109,108
T5,BS,3176.0,3186.0,acquire,True,110,108
T5,BS,3186.0,3196.0,acquire,True,111,108
T5,BS,3196.0,3198.0,block_seal,True,108,108
T5,BS,3198.0,3199.0,row_checkpoint,True,,112
T5,BS,3199.0,3229.0,anchor,True,112,112
T5,BS,3229.0,3239.0,acquire,True,112,112
T5,BS,3239.0,3249.0,acquire,True,113,112
T5,BS,3249.0,3259.0,acquire,True,114,112
T5,BS,3259.0,3269.0,acquire,True,115,112
T5,BS,3269.0,3271.0,block_seal,True,112,112
T5,BS,3271.0,3281.0,acquire,True,116,116
T5,BS,3281.0,3291.0,acquire,True,117,116
T5,BS,3291.0,3301.0,acquire,True,118,116
T5,BS,3301.0,3311.0,acquire,True,119,116
T5,BS,3311.0,3313.0,block_seal,True,116,116
T5,BS,3313.0,3323.0,acquire,True,120,120
T5,BS,3323.0,3333.0,acquire,True,121,120
T5,BS,3333.0,3343.0,acquire,True,122,120
T5,BS,3343.0,3353.0,acquire,True,123,120
T5,BS,3353.0,3355.0,block_seal,True,120,120
T5,BS,3355.0,3365.0,acquire,True,124,124
T5,BS,3365.0,3375.0,acquire,True,125,124
T5,BS,3375.0,3385.0,acquire,True,126,124
T5,BS,3385.0,3395.0,acquire,True,127,124
T5,BS,3395.0,3397.0,block_seal,True,124,124
T5,BS,3397.0,3398.0,row_checkpoint,True,,128
T5,BS,3398.0,3428.0,anchor,True,128,128
T5,BS,3428.0,3438.0,acquire,True,128,128
T5,BS,3438.0,3448.0,acquire,True,129,128
T5,BS,3448.0,3458.0,acquire,True,130,128
T5,BS,3458.0,3468.0,acquire,True,131,128
T5,BS,3468.0,3470.0,block_seal,True,128,128
T5,BS,3470.0,3480.0,acquire,True,132,132
T5,BS,3480.0,3490.0,acquire,True,133,132
T5,BS,3490.0,3500.0,acquire,True,134,132
T5,BS,3500.0,3510.0,acquire,True,135,132
T5,BS,3510.0,3512.0,block_seal,True,132,132
T5,BS,3512.0,3522.0,acquire,True,136,136
T5,BS,3522.0,3532.0,acquire,True,137,136
T5,BS,3532.0,3542.0,acquire,True,138,136
T5,BS,3542.0,3552.0,acquire,True,139,136
T5,BS,3552.0,3554.0,block_seal,True,136,136
T5,BS,3554.0,3564.0,acquire,True,140,140
T5,BS,3564.0,3574.0,acquire,True,141,140
T5,BS,3574.0,3584.0,acquire,True,142,140
T5,BS,3584.0,3594.0,acquire,True,143,140
T5,BS,3594.0,3596.0,block_seal,True,140,140
T5,BS,3596.0,3597.0,row_checkpoint,True,,144
T5,BS,3597.0,3627.0,anchor,True,144,144
T5,BS,3627.0,3637.0,acquire,True,144,144
T5,BS,3637.0,3647.0,acquire,True,145,144
T5,BS,3647.0,3657.0,acquire,True,146,144
T5,BS,3657.0,3667.0,acquire,True,147,144
T5,BS,3667.0,3669.0,block_seal,True,144,144
T5,BS,3669.0,3679.0,acquire,True,148,148
T5,BS,3679.0,3689.0,acquire,True,149,148
T5,BS,3689.0,3699.0,acquire,True,150,148
T5,BS,3699.0,3709.0,acquire,True,151,148
T5,BS,3709.0,3711.0,block_seal,True,148,148
T5,BS,3711.0,3721.0,acquire,True,152,152
T5,BS,3721.0,3731.0,acquire,True,153,152
T5,BS,3731.0,3741.0,acquire,True,154,152
T5,BS,3741.0,3751.0,acquire,True,155,152
T5,BS,3751.0,3753.0,block_seal,True,152,152
T5,BS,3753.0,3763.0,acquire,True,156,156
T5,BS,3763.0,3773.0,acquire,True,157,156
T5,BS,3773.0,3783.0,acquire,True,158,156
T5,BS,3783.0,3793.0,acquire,True,159,156
T5,BS,3793.0,3795.0,block_seal,True,156,156
T5,BS,3795.0,3796.0,row_checkpoint,True,,160
T5,BS,3796.0,3826.0,anchor,True,160,160
T5,BS,3826.0,3836.0,acquire,True,160,160
T5,BS,3836.0,3846.0,acquire,True,161,160
T5,BS,3846.0,3856.0,acquire,True,162,160
T5,BS,3856.0,3866.0,acquire,True,163,160
T5,BS,3866.0,3868.0,block_seal,True,160,160
T5,BS,3868.0,3878.0,acquire,True,164,164
T5,BS,3878.0,3888.0,acquire,True,165,164
T5,BS,3888.0,3898.0,acquire,True,166,164
T5,BS,3898.0,3908.0,acquire,True,167,164
T5,BS,3908.0,3910.0,block_seal,True,164,164
T5,BS,3910.0,3920.0,acquire,True,168,168
T5,BS,3920.0,3930.0,acquire,True,169,168
T5,BS,3930.0,3940.0,acquire,True,170,168
T5,BS,3940.0,3950.0,acquire,True,171,168
T5,BS,3950.0,3952.0,block_seal,True,168,168
T5,BS,3952.0,3962.0,acquire,True,172,172
T5,BS,3962.0,3972.0,acquire,True,173,172
T5,BS,3972.0,3982.0,acquire,True,174,172
T5,BS,3982.0,3992.0,acquire,True,175,172
T5,BS,3992.0,3994.0,block_seal,True,172,172
T5,BS,3994.0,3995.0,row_checkpoint,True,,176
T5,BS,3995.0,4025.0,anchor,True,176,176
T5,BS,4025.0,4035.0,acquire,True,176,176
T5,BS,4035.0,4045.0,acquire,True,177,176
T5,BS,4045.0,4055.0,acquire,True,178,176
T5,BS,4055.0,4065.0,acquire,True,179,176
T5,BS,4065.0,4067.0,block_seal,True,176,176
T5,BS,4067.0,4077.0,acquire,True,180,180
T5,BS,4077.0,4087.0,acquire,True,181,180
T5,BS,4087.0,4097.0,acquire,True,182,180
T5,BS,4097.0,4107.0,acquire,True,183,180
T5,BS,4107.0,4109.0,block_seal,True,180,180
T5,BS,4109.0,4119.0,acquire,True,184,184
T5,BS,4119.0,4129.0,acquire,True,185,184
T5,BS,4129.0,4139.0,acquire,True,186,184
T5,BS,4139.0,4149.0,acquire,True,187,184
T5,BS,4149.0,4151.0,block_seal,True,184,184
T5,BS,4151.0,4161.0,acquire,True,188,188
T5,BS,4161.0,4171.0,acquire,True,189,188
T5,BS,4171.0,4181.0,acquire,True,190,188
T5,BS,4181.0,4191.0,acquire,True,191,188
T5,BS,4191.0,4193.0,block_seal,True,188,188
T5,BS,4193.0,4194.0,row_checkpoint,True,,192
T6,RC,0.0,120.0,home,True,,0
T6,RC,120.0,150.0,anchor,True,0,0
T6,RC,150.0,160.0,acquire,True,0,0
T6,RC,160.0,170.0,acquire,True,1,0
T6,RC,170.0,180.0,acquire,True,2,0
T6,RC,180.0,190.0,acquire,True,3,0
T6,RC,190.0,200.0,acquire,True,4,0
T6,RC,200.0,210.0,acquire,True,5,0
T6,RC,210.0,220.0,acquire,True,6,0
T6,RC,220.0,230.0,acquire,True,7,0
T6,RC,230.0,240.0,acquire,True,8,0
T6,RC,240.0,250.0,acquire,True,9,0
T6,RC,250.0,260.0,acquire,True,10,0
T6,RC,260.0,270.0,acquire,True,11,0
T6,RC,270.0,280.0,acquire,True,12,0
T6,RC,280.0,290.0,acquire,True,13,0
T6,RC,290.0,300.0,acquire,True,14,0
T6,RC,300.0,310.0,acquire,True,15,0
T6,RC,310.0,314.0,row_commit,True,0,0
T6,RC,314.0,344.0,anchor,True,16,16
T6,RC,344.0,354.0,acquire,True,16,16
T6,RC,354.0,364.0,acquire,True,17,16
T6,RC,364.0,374.0,acquire,True,18,16
T6,RC,374.0,384.0,acquire,True,19,16
T6,RC,384.0,394.0,acquire,True,20,16
T6,RC,394.0,404.0,acquire,True,21,16
T6,RC,404.0,414.0,acquire,True,22,16
T6,RC,414.0,424.0,acquire,True,23,16
T6,RC,424.0,434.0,acquire,True,24,16
T6,RC,434.0,444.0,acquire,True,25,16
T6,RC,444.0,454.0,acquire,True,26,16
T6,RC,454.0,464.0,acquire,True,27,16
T6,RC,464.0,474.0,acquire,True,28,16
T6,RC,474.0,484.0,acquire,True,29,16
T6,RC,484.0,494.0,acquire,True,30,16
T6,RC,494.0,500.0,acquire,False,31,16
T6,RC,500.0,620.0,home,True,,16
T6,RC,620.0,621.0,lookup,True,,16
T6,RC,621.0,651.0,anchor,True,16,16
T6,RC,651.0,661.0,acquire,True,16,16
T6,RC,661.0,671.0,acquire,True,17,16
T6,RC,671.0,681.0,acquire,True,18,16
T6,RC,681.0,691.0,acquire,True,19,16
T6,RC,691.0,701.0,acquire,True,20,16
T6,RC,701.0,711.0,acquire,True,21,16
T6,RC,711.0,721.0,acquire,True,22,16
T6,RC,721.0,731.0,acquire,True,23,16
T6,RC,731.0,741.0,acquire,True,24,16
T6,RC,741.0,751.0,acquire,True,25,16
T6,RC,751.0,761.0,acquire,True,26,16
T6,RC,761.0,771.0,acquire,True,27,16
T6,RC,771.0,781.0,acquire,True,28,16
T6,RC,781.0,791.0,acquire,True,29,16
T6,RC,791.0,801.0,acquire,True,30,16
T6,RC,801.0,811.0,acquire,True,31,16
T6,RC,811.0,815.0,row_commit,True,16,16
T6,RC,815.0,845.0,anchor,True,32,32
T6,RC,845.0,855.0,acquire,True,32,32
T6,RC,855.0,865.0,acquire,True,33,32
T6,RC,865.0,875.0,acquire,True,34,32
T6,RC,875.0,885.0,acquire,True,35,32
T6,RC,885.0,895.0,acquire,True,36,32
T6,RC,895.0,905.0,acquire,True,37,32
T6,RC,905.0,915.0,acquire,True,38,32
T6,RC,915.0,925.0,acquire,True,39,32
T6,RC,925.0,935.0,acquire,True,40,32
T6,RC,935.0,945.0,acquire,True,41,32
T6,RC,945.0,955.0,acquire,True,42,32
T6,RC,955.0,965.0,acquire,True,43,32
T6,RC,965.0,975.0,acquire,True,44,32
T6,RC,975.0,985.0,acquire,True,45,32
T6,RC,985.0,995.0,acquire,True,46,32
T6,RC,995.0,1000.0,acquire,False,47,32
T6,RC,1000.0,1120.0,home,True,,32
T6,RC,1120.0,1121.0,lookup,True,,32
T6,RC,1121.0,1151.0,anchor,True,32,32
T6,RC,1151.0,1161.0,acquire,True,32,32
T6,RC,1161.0,1171.0,acquire,True,33,32
T6,RC,1171.0,1181.0,acquire,True,34,32
T6,RC,1181.0,1191.0,acquire,True,35,32
T6,RC,1191.0,1201.0,acquire,True,36,32
T6,RC,1201.0,1211.0,acquire,True,37,32
T6,RC,1211.0,1221.0,acquire,True,38,32
T6,RC,1221.0,1231.0,acquire,True,39,32
T6,RC,1231.0,1241.0,acquire,True,40,32
T6,RC,1241.0,1251.0,acquire,True,41,32
T6,RC,1251.0,1261.0,acquire,True,42,32
T6,RC,1261.0,1271.0,acquire,True,43,32
T6,RC,1271.0,1281.0,acquire,True,44,32
T6,RC,1281.0,1291.0,acquire,True,45,32
T6,RC,1291.0,1301.0,acquire,True,46,32
T6,RC,1301.0,1311.0,acquire,True,47,32
T6,RC,1311.0,1315.0,row_commit,True,32,32
T6,RC,1315.0,1345.0,anchor,True,48,48
T6,RC,1345.0,1355.0,acquire,True,48,48
T6,RC,1355.0,1365.0,acquire,True,49,48
T6,RC,1365.0,1375.0,acquire,True,50,48
T6,RC,1375.0,1385.0,acquire,True,51,48
T6,RC,1385.0,1395.0,acquire,True,52,48
T6,RC,1395.0,1405.0,acquire,True,53,48
T6,RC,1405.0,1415.0,acquire,True,54,48
T6,RC,1415.0,1425.0,acquire,True,55,48
T6,RC,1425.0,1435.0,acquire,True,56,48
T6,RC,1435.0,1445.0,acquire,True,57,48
T6,RC,1445.0,1455.0,acquire,True,58,48
T6,RC,1455.0,1465.0,acquire,True,59,48
T6,RC,1465.0,1475.0,acquire,True,60,48
T6,RC,1475.0,1485.0,acquire,True,61,48
T6,RC,1485.0,1495.0,acquire,True,62,48
T6,RC,1495.0,1505.0,acquire,True,63,48
T6,RC,1505.0,1509.0,row_commit,True,48,48
T6,RC,1509.0,1539.0,anchor,True,64,64
T6,RC,1539.0,1549.0,acquire,True,64,64
T6,RC,1549.0,1559.0,acquire,True,65,64
T6,RC,1559.0,1569.0,acquire,True,66,64
T6,RC,1569.0,1579.0,acquire,True,67,64
T6,RC,1579.0,1589.0,acquire,True,68,64
T6,RC,1589.0,1599.0,acquire,True,69,64
T6,RC,1599.0,1609.0,acquire,True,70,64
T6,RC,1609.0,1619.0,acquire,True,71,64
T6,RC,1619.0,1629.0,acquire,True,72,64
T6,RC,1629.0,1639.0,acquire,True,73,64
T6,RC,1639.0,1649.0,acquire,True,74,64
T6,RC,1649.0,1659.0,acquire,True,75,64
T6,RC,1659.0,1669.0,acquire,True,76,64
T6,RC,1669.0,1679.0,acquire,True,77,64
T6,RC,1679.0,1689.0,acquire,True,78,64
T6,RC,1689.0,1699.0,acquire,True,79,64
T6,RC,1699.0,1703.0,row_commit,True,64,64
T6,RC,1703.0,1733.0,anchor,True,80,80
T6,RC,1733.0,1743.0,acquire,True,80,80
T6,RC,1743.0,1753.0,acquire,True,81,80
T6,RC,1753.0,1763.0,acquire,True,82,80
T6,RC,1763.0,1773.0,acquire,True,83,80
T6,RC,1773.0,1783.0,acquire,True,84,80
T6,RC,1783.0,1793.0,acquire,True,85,80
T6,RC,1793.0,1803.0,acquire,True,86,80
T6,RC,1803.0,1813.0,acquire,True,87,80
T6,RC,1813.0,1823.0,acquire,True,88,80
T6,RC,1823.0,1833.0,acquire,True,89,80
T6,RC,1833.0,1843.0,acquire,True,90,80
T6,RC,1843.0,1853.0,acquire,True,91,80
T6,RC,1853.0,1863.0,acquire,True,92,80
T6,RC,1863.0,1873.0,acquire,True,93,80
T6,RC,1873.0,1883.0,acquire,True,94,80
T6,RC,1883.0,1893.0,acquire,True,95,80
T6,RC,1893.0,1897.0,row_commit,True,80,80
T6,RC,1897.0,1927.0,anchor,True,96,96
T6,RC,1927.0,1937.0,acquire,True,96,96
T6,RC,1937.0,1947.0,acquire,True,97,96
T6,RC,1947.0,1957.0,acquire,True,98,96
T6,RC,1957.0,1967.0,acquire,True,99,96
T6,RC,1967.0,1977.0,acquire,True,100,96
T6,RC,1977.0,1987.0,acquire,True,101,96
T6,RC,1987.0,1997.0,acquire,True,102,96
T6,RC,1997.0,2007.0,acquire,True,103,96
T6,RC,2007.0,2017.0,acquire,True,104,96
T6,RC,2017.0,2027.0,acquire,True,105,96
T6,RC,2027.0,2037.0,acquire,True,106,96
T6,RC,2037.0,2047.0,acquire,True,107,96
T6,RC,2047.0,2057.0,acquire,True,108,96
T6,RC,2057.0,2067.0,acquire,True,109,96
T6,RC,2067.0,2077.0,acquire,True,110,96
T6,RC,2077.0,2087.0,acquire,True,111,96
T6,RC,2087.0,2091.0,row_commit,True,96,96
T6,RC,2091.0,2121.0,anchor,True,112,112
T6,RC,2121.0,2131.0,acquire,True,112,112
T6,RC,2131.0,2141.0,acquire,True,113,112
T6,RC,2141.0,2151.0,acquire,True,114,112
T6,RC,2151.0,2161.0,acquire,True,115,112
T6,RC,2161.0,2171.0,acquire,True,116,112
T6,RC,2171.0,2181.0,acquire,True,117,112
T6,RC,2181.0,2191.0,acquire,True,118,112
T6,RC,2191.0,2201.0,acquire,True,119,112
T6,RC,2201.0,2211.0,acquire,True,120,112
T6,RC,2211.0,2221.0,acquire,True,121,112
T6,RC,2221.0,2231.0,acquire,True,122,112
T6,RC,2231.0,2241.0,acquire,True,123,112
T6,RC,2241.0,2251.0,acquire,True,124,112
T6,RC,2251.0,2261.0,acquire,True,125,112
T6,RC,2261.0,2271.0,acquire,True,126,112
T6,RC,2271.0,2281.0,acquire,True,127,112
T6,RC,2281.0,2285.0,row_commit,True,112,112
T6,RC,2285.0,2315.0,anchor,True,128,128
T6,RC,2315.0,2325.0,acquire,True,128,128
T6,RC,2325.0,2335.0,acquire,True,129,128
T6,RC,2335.0,2345.0,acquire,True,130,128
T6,RC,2345.0,2355.0,acquire,True,131,128
T6,RC,2355.0,2365.0,acquire,True,132,128
T6,RC,2365.0,2375.0,acquire,True,133,128
T6,RC,2375.0,2385.0,acquire,True,134,128
T6,RC,2385.0,2395.0,acquire,True,135,128
T6,RC,2395.0,2405.0,acquire,True,136,128
T6,RC,2405.0,2415.0,acquire,True,137,128
T6,RC,2415.0,2425.0,acquire,True,138,128
T6,RC,2425.0,2435.0,acquire,True,139,128
T6,RC,2435.0,2445.0,acquire,True,140,128
T6,RC,2445.0,2455.0,acquire,True,141,128
T6,RC,2455.0,2465.0,acquire,True,142,128
T6,RC,2465.0,2475.0,acquire,True,143,128
T6,RC,2475.0,2479.0,row_commit,True,128,128
T6,RC,2479.0,2509.0,anchor,True,144,144
T6,RC,2509.0,2519.0,acquire,True,144,144
T6,RC,2519.0,2529.0,acquire,True,145,144
T6,RC,2529.0,2539.0,acquire,True,146,144
T6,RC,2539.0,2549.0,acquire,True,147,144
T6,RC,2549.0,2559.0,acquire,True,148,144
T6,RC,2559.0,2569.0,acquire,True,149,144
T6,RC,2569.0,2579.0,acquire,True,150,144
T6,RC,2579.0,2589.0,acquire,True,151,144
T6,RC,2589.0,2599.0,acquire,True,152,144
T6,RC,2599.0,2609.0,acquire,True,153,144
T6,RC,2609.0,2619.0,acquire,True,154,144
T6,RC,2619.0,2629.0,acquire,True,155,144
T6,RC,2629.0,2639.0,acquire,True,156,144
T6,RC,2639.0,2649.0,acquire,True,157,144
T6,RC,2649.0,2659.0,acquire,True,158,144
T6,RC,2659.0,2669.0,acquire,True,159,144
T6,RC,2669.0,2673.0,row_commit,True,144,144
T6,RC,2673.0,2703.0,anchor,True,160,160
T6,RC,2703.0,2713.0,acquire,True,160,160
T6,RC,2713.0,2723.0,acquire,True,161,160
T6,RC,2723.0,2733.0,acquire,True,162,160
T6,RC,2733.0,2743.0,acquire,True,163,160
T6,RC,2743.0,2753.0,acquire,True,164,160
T6,RC,2753.0,2763.0,acquire,True,165,160
T6,RC,2763.0,2773.0,acquire,True,166,160
T6,RC,2773.0,2783.0,acquire,True,167,160
T6,RC,2783.0,2793.0,acquire,True,168,160
T6,RC,2793.0,2803.0,acquire,True,169,160
T6,RC,2803.0,2813.0,acquire,True,170,160
T6,RC,2813.0,2823.0,acquire,True,171,160
T6,RC,2823.0,2833.0,acquire,True,172,160
T6,RC,2833.0,2843.0,acquire,True,173,160
T6,RC,2843.0,2853.0,acquire,True,174,160
T6,RC,2853.0,2863.0,acquire,True,175,160
T6,RC,2863.0,2867.0,row_commit,True,160,160
T6,RC,2867.0,2897.0,anchor,True,176,176
T6,RC,2897.0,2907.0,acquire,True,176,176
T6,RC,2907.0,2917.0,acquire,True,177,176
T6,RC,2917.0,2927.0,acquire,True,178,176
T6,RC,2927.0,2937.0,acquire,True,179,176
T6,RC,2937.0,2947.0,acquire,True,180,176
T6,RC,2947.0,2957.0,acquire,True,181,176
T6,RC,2957.0,2967.0,acquire,True,182,176
T6,RC,2967.0,2977.0,acquire,True,183,176
T6,RC,2977.0,2987.0,acquire,True,184,176
T6,RC,2987.0,2997.0,acquire,True,185,176
T6,RC,2997.0,3007.0,acquire,True,186,176
T6,RC,3007.0,3017.0,acquire,True,187,176
T6,RC,3017.0,3027.0,acquire,True,188,176
T6,RC,3027.0,3037.0,acquire,True,189,176
T6,RC,3037.0,3047.0,acquire,True,190,176
T6,RC,3047.0,3057.0,acquire,True,191,176
T6,RC,3057.0,3061.0,row_commit,True,176,176
T6,AR,0.0,120.0,home,True,,0
T6,AR,120.0,150.0,anchor,True,0,0
T6,AR,150.0,160.0,acquire,True,0,0
T6,AR,160.0,160.8,record_commit,True,0,0
T6,AR,160.8,170.8,acquire,True,1,1
T6,AR,170.8,171.6,record_commit,True,1,1
T6,AR,171.6,181.6,acquire,True,2,2
T6,AR,181.6,182.4,record_commit,True,2,2
T6,AR,182.4,192.4,acquire,True,3,3
T6,AR,192.4,193.2,record_commit,True,3,3
T6,AR,193.2,203.2,acquire,True,4,4
T6,AR,203.2,204.0,record_commit,True,4,4
T6,AR,204.0,214.0,acquire,True,5,5
T6,AR,214.0,214.8,record_commit,True,5,5
T6,AR,214.8,224.8,acquire,True,6,6
T6,AR,224.8,225.6,record_commit,True,6,6
T6,AR,225.6,235.6,acquire,True,7,7
T6,AR,235.6,236.4,record_commit,True,7,7
T6,AR,236.4,246.4,acquire,True,8,8
T6,AR,246.4,247.2,record_commit,True,8,8
T6,AR,247.2,257.2,acquire,True,9,9
T6,AR,257.2,258.0,record_commit,True,9,9
T6,AR,258.0,268.0,acquire,True,10,10
T6,AR,268.0,268.8,record_commit,True,10,10
T6,AR,268.8,278.8,acquire,True,11,11
T6,AR,278.8,279.6,record_commit,True,11,11
T6,AR,279.6,289.6,acquire,True,12,12
T6,AR,289.6,290.4,record_commit,True,12,12
T6,AR,290.4,300.4,acquire,True,13,13
T6,AR,300.4,301.2,record_commit,True,13,13
T6,AR,301.2,311.2,acquire,True,14,14
T6,AR,311.2,312.0,record_commit,True,14,14
T6,AR,312.0,322.0,acquire,True,15,15
T6,AR,322.0,322.8,record_commit,True,15,15
T6,AR,322.8,352.8,anchor,True,16,16
T6,AR,352.8,362.8,acquire,True,16,16
T6,AR,362.8,363.6,record_commit,True,16,16
T6,AR,363.6,373.6,acquire,True,17,17
T6,AR,373.6,374.4,record_commit,True,17,17
T6,AR,374.4,384.4,acquire,True,18,18
T6,AR,384.4,385.2,record_commit,True,18,18
T6,AR,385.2,395.2,acquire,True,19,19
T6,AR,395.2,396.0,record_commit,True,19,19
T6,AR,396.0,406.0,acquire,True,20,20
T6,AR,406.0,406.8,record_commit,True,20,20
T6,AR,406.8,416.8,acquire,True,21,21
T6,AR,416.8,417.6,record_commit,True,21,21
T6,AR,417.6,427.6,acquire,True,22,22
T6,AR,427.6,428.4,record_commit,True,22,22
T6,AR,428.4,438.4,acquire,True,23,23
T6,AR,438.4,439.2,record_commit,True,23,23
T6,AR,439.2,449.2,acquire,True,24,24
T6,AR,449.2,450.0,record_commit,True,24,24
T6,AR,450.0,460.0,acquire,True,25,25
T6,AR,460.0,460.8,record_commit,True,25,25
T6,AR,460.8,470.8,acquire,True,26,26
T6,AR,470.8,471.6,record_commit,True,26,26
T6,AR,471.6,481.6,acquire,True,27,27
T6,AR,481.6,482.4,record_commit,True,27,27
T6,AR,482.4,492.4,acquire,True,28,28
T6,AR,492.4,493.2,record_commit,True,28,28
T6,AR,493.2,500.0,acquire,False,29,29
T6,AR,500.0,620.0,home,True,,29
T6,AR,620.0,624.0,lookup,True,,29
T6,AR,624.0,654.0,anchor,True,29,29
T6,AR,654.0,664.0,acquire,True,29,29
T6,AR,664.0,664.8,record_commit,True,29,29
T6,AR,664.8,674.8,acquire,True,30,30
T6,AR,674.8,675.6,record_commit,True,30,30
T6,AR,675.6,685.6,acquire,True,31,31
T6,AR,685.6,686.4,record_commit,True,31,31
T6,AR,686.4,716.4,anchor,True,32,32
T6,AR,716.4,726.4,acquire,True,32,32
T6,AR,726.4,727.2,record_commit,True,32,32
T6,AR,727.2,737.2,acquire,True,33,33
T6,AR,737.2,738.0,record_commit,True,33,33
T6,AR,738.0,748.0,acquire,True,34,34
T6,AR,748.0,748.8,record_commit,True,34,34
T6,AR,748.8,758.8,acquire,True,35,35
T6,AR,758.8,759.6,record_commit,True,35,35
T6,AR,759.6,769.6,acquire,True,36,36
T6,AR,769.6,770.4,record_commit,True,36,36
T6,AR,770.4,780.4,acquire,True,37,37
T6,AR,780.4,781.2,record_commit,True,37,37
T6,AR,781.2,791.2,acquire,True,38,38
T6,AR,791.2,792.0,record_commit,True,38,38
T6,AR,792.0,802.0,acquire,True,39,39
T6,AR,802.0,802.8,record_commit,True,39,39
T6,AR,802.8,812.8,acquire,True,40,40
T6,AR,812.8,813.6,record_commit,True,40,40
T6,AR,813.6,823.6,acquire,True,41,41
T6,AR,823.6,824.4,record_commit,True,41,41
T6,AR,824.4,834.4,acquire,True,42,42
T6,AR,834.4,835.2,record_commit,True,42,42
T6,AR,835.2,845.2,acquire,True,43,43
T6,AR,845.2,846.0,record_commit,True,43,43
T6,AR,846.0,856.0,acquire,True,44,44
T6,AR,856.0,856.8,record_commit,True,44,44
T6,AR,856.8,866.8,acquire,True,45,45
T6,AR,866.8,867.6,record_commit,True,45,45
T6,AR,867.6,877.6,acquire,True,46,46
T6,AR,877.6,878.4,record_commit,True,46,46
T6,AR,878.4,888.4,acquire,True,47,47
T6,AR,888.4,889.2,record_commit,True,47,47
T6,AR,889.2,919.2,anchor,True,48,48
T6,AR,919.2,929.2,acquire,True,48,48
T6,AR,929.2,930.0,record_commit,True,48,48
T6,AR,930.0,940.0,acquire,True,49,49
T6,AR,940.0,940.8,record_commit,True,49,49
T6,AR,940.8,950.8,acquire,True,50,50
T6,AR,950.8,951.6,record_commit,True,50,50
T6,AR,951.6,961.6,acquire,True,51,51
T6,AR,961.6,962.4,record_commit,True,51,51
T6,AR,962.4,972.4,acquire,True,52,52
T6,AR,972.4,973.2,record_commit,True,52,52
T6,AR,973.2,983.2,acquire,True,53,53
T6,AR,983.2,984.0,record_commit,True,53,53
T6,AR,984.0,994.0,acquire,True,54,54
T6,AR,994.0,994.8,record_commit,True,54,54
T6,AR,994.8,1000.0,acquire,False,55,55
T6,AR,1000.0,1120.0,home,True,,55
T6,AR,1120.0,1124.0,lookup,True,,55
T6,AR,1124.0,1154.0,anchor,True,55,55
T6,AR,1154.0,1164.0,acquire,True,55,55
T6,AR,1164.0,1164.8,record_commit,True,55,55
T6,AR,1164.8,1174.8,acquire,True,56,56
T6,AR,1174.8,1175.6,record_commit,True,56,56
T6,AR,1175.6,1185.6,acquire,True,57,57
T6,AR,1185.6,1186.4,record_commit,True,57,57
T6,AR,1186.4,1196.4,acquire,True,58,58
T6,AR,1196.4,1197.2,record_commit,True,58,58
T6,AR,1197.2,1207.2,acquire,True,59,59
T6,AR,1207.2,1208.0,record_commit,True,59,59
T6,AR,1208.0,1218.0,acquire,True,60,60
T6,AR,1218.0,1218.8,record_commit,True,60,60
T6,AR,1218.8,1228.8,acquire,True,61,61
T6,AR,1228.8,1229.6,record_commit,True,61,61
T6,AR,1229.6,1239.6,acquire,True,62,62
T6,AR,1239.6,1240.4,record_commit,True,62,62
T6,AR,1240.4,1250.4,acquire,True,63,63
T6,AR,1250.4,1251.2,record_commit,True,63,63
T6,AR,1251.2,1281.2,anchor,True,64,64
T6,AR,1281.2,1291.2,acquire,True,64,64
T6,AR,1291.2,1292.0,record_commit,True,64,64
T6,AR,1292.0,1302.0,acquire,True,65,65
T6,AR,1302.0,1302.8,record_commit,True,65,65
T6,AR,1302.8,1312.8,acquire,True,66,66
T6,AR,1312.8,1313.6,record_commit,True,66,66
T6,AR,1313.6,1323.6,acquire,True,67,67
T6,AR,1323.6,1324.4,record_commit,True,67,67
T6,AR,1324.4,1334.4,acquire,True,68,68
T6,AR,1334.4,1335.2,record_commit,True,68,68
T6,AR,1335.2,1345.2,acquire,True,69,69
T6,AR,1345.2,1346.0,record_commit,True,69,69
T6,AR,1346.0,1356.0,acquire,True,70,70
T6,AR,1356.0,1356.8,record_commit,True,70,70
T6,AR,1356.8,1366.8,acquire,True,71,71
T6,AR,1366.8,1367.6,record_commit,True,71,71
T6,AR,1367.6,1377.6,acquire,True,72,72
T6,AR,1377.6,1378.4,record_commit,True,72,72
T6,AR,1378.4,1388.4,acquire,True,73,73
T6,AR,1388.4,1389.2,record_commit,True,73,73
T6,AR,1389.2,1399.2,acquire,True,74,74
T6,AR,1399.2,1400.0,record_commit,True,74,74
T6,AR,1400.0,1410.0,acquire,True,75,75
T6,AR,1410.0,1410.8,record_commit,True,75,75
T6,AR,1410.8,1420.8,acquire,True,76,76
T6,AR,1420.8,1421.6,record_commit,True,76,76
T6,AR,1421.6,1431.6,acquire,True,77,77
T6,AR,1431.6,1432.4,record_commit,True,77,77
T6,AR,1432.4,1442.4,acquire,True,78,78
T6,AR,1442.4,1443.2,record_commit,True,78,78
T6,AR,1443.2,1453.2,acquire,True,79,79
T6,AR,1453.2,1454.0,record_commit,True,79,79
T6,AR,1454.0,1484.0,anchor,True,80,80
T6,AR,1484.0,1494.0,acquire,True,80,80
T6,AR,1494.0,1494.8,record_commit,True,80,80
T6,AR,1494.8,1504.8,acquire,True,81,81
T6,AR,1504.8,1505.6,record_commit,True,81,81
T6,AR,1505.6,1515.6,acquire,True,82,82
T6,AR,1515.6,1516.4,record_commit,True,82,82
T6,AR,1516.4,1526.4,acquire,True,83,83
T6,AR,1526.4,1527.2,record_commit,True,83,83
T6,AR,1527.2,1537.2,acquire,True,84,84
T6,AR,1537.2,1538.0,record_commit,True,84,84
T6,AR,1538.0,1548.0,acquire,True,85,85
T6,AR,1548.0,1548.8,record_commit,True,85,85
T6,AR,1548.8,1558.8,acquire,True,86,86
T6,AR,1558.8,1559.6,record_commit,True,86,86
T6,AR,1559.6,1569.6,acquire,True,87,87
T6,AR,1569.6,1570.4,record_commit,True,87,87
T6,AR,1570.4,1580.4,acquire,True,88,88
T6,AR,1580.4,1581.2,record_commit,True,88,88
T6,AR,1581.2,1591.2,acquire,True,89,89
T6,AR,1591.2,1592.0,record_commit,True,89,89
T6,AR,1592.0,1602.0,acquire,True,90,90
T6,AR,1602.0,1602.8,record_commit,True,90,90
T6,AR,1602.8,1612.8,acquire,True,91,91
T6,AR,1612.8,1613.6,record_commit,True,91,91
T6,AR,1613.6,1623.6,acquire,True,92,92
T6,AR,1623.6,1624.4,record_commit,True,92,92
T6,AR,1624.4,1634.4,acquire,True,93,93
T6,AR,1634.4,1635.2,record_commit,True,93,93
T6,AR,1635.2,1645.2,acquire,True,94,94
T6,AR,1645.2,1646.0,record_commit,True,94,94
T6,AR,1646.0,1656.0,acquire,True,95,95
T6,AR,1656.0,1656.8,record_commit,True,95,95
T6,AR,1656.8,1686.8,anchor,True,96,96
T6,AR,1686.8,1696.8,acquire,True,96,96
T6,AR,1696.8,1697.6,record_commit,True,96,96
T6,AR,1697.6,1707.6,acquire,True,97,97
T6,AR,1707.6,1708.4,record_commit,True,97,97
T6,AR,1708.4,1718.4,acquire,True,98,98
T6,AR,1718.4,1719.2,record_commit,True,98,98
T6,AR,1719.2,1729.2,acquire,True,99,99
T6,AR,1729.2,1730.0,record_commit,True,99,99
T6,AR,1730.0,1740.0,acquire,True,100,100
T6,AR,1740.0,1740.8,record_commit,True,100,100
T6,AR,1740.8,1750.8,acquire,True,101,101
T6,AR,1750.8,1751.6,record_commit,True,101,101
T6,AR,1751.6,1761.6,acquire,True,102,102
T6,AR,1761.6,1762.4,record_commit,True,102,102
T6,AR,1762.4,1772.4,acquire,True,103,103
T6,AR,1772.4,1773.2,record_commit,True,103,103
T6,AR,1773.2,1783.2,acquire,True,104,104
T6,AR,1783.2,1784.0,record_commit,True,104,104
T6,AR,1784.0,1794.0,acquire,True,105,105
T6,AR,1794.0,1794.8,record_commit,True,105,105
T6,AR,1794.8,1804.8,acquire,True,106,106
T6,AR,1804.8,1805.6,record_commit,True,106,106
T6,AR,1805.6,1815.6,acquire,True,107,107
T6,AR,1815.6,1816.4,record_commit,True,107,107
T6,AR,1816.4,1826.4,acquire,True,108,108
T6,AR,1826.4,1827.2,record_commit,True,108,108
T6,AR,1827.2,1837.2,acquire,True,109,109
T6,AR,1837.2,1838.0,record_commit,True,109,109
T6,AR,1838.0,1848.0,acquire,True,110,110
T6,AR,1848.0,1848.8,record_commit,True,110,110
T6,AR,1848.8,1858.8,acquire,True,111,111
T6,AR,1858.8,1859.6,record_commit,True,111,111
T6,AR,1859.6,1889.6,anchor,True,112,112
T6,AR,1889.6,1899.6,acquire,True,112,112
T6,AR,1899.6,1900.4,record_commit,True,112,112
T6,AR,1900.4,1910.4,acquire,True,113,113
T6,AR,1910.4,1911.2,record_commit,True,113,113
T6,AR,1911.2,1921.2,acquire,True,114,114
T6,AR,1921.2,1922.0,record_commit,True,114,114
T6,AR,1922.0,1932.0,acquire,True,115,115
T6,AR,1932.0,1932.8,record_commit,True,115,115
T6,AR,1932.8,1942.8,acquire,True,116,116
T6,AR,1942.8,1943.6,record_commit,True,116,116
T6,AR,1943.6,1953.6,acquire,True,117,117
T6,AR,1953.6,1954.4,record_commit,True,117,117
T6,AR,1954.4,1964.4,acquire,True,118,118
T6,AR,1964.4,1965.2,record_commit,True,118,118
T6,AR,1965.2,1975.2,acquire,True,119,119
T6,AR,1975.2,1976.0,record_commit,True,119,119
T6,AR,1976.0,1986.0,acquire,True,120,120
T6,AR,1986.0,1986.8,record_commit,True,120,120
T6,AR,1986.8,1996.8,acquire,True,121,121
T6,AR,1996.8,1997.6,record_commit,True,121,121
T6,AR,1997.6,2007.6,acquire,True,122,122
T6,AR,2007.6,2008.4,record_commit,True,122,122
T6,AR,2008.4,2018.4,acquire,True,123,123
T6,AR,2018.4,2019.2,record_commit,True,123,123
T6,AR,2019.2,2029.2,acquire,True,124,124
T6,AR,2029.2,2030.0,record_commit,True,124,124
T6,AR,2030.0,2040.0,acquire,True,125,125
T6,AR,2040.0,2040.8,record_commit,True,125,125
T6,AR,2040.8,2050.8,acquire,True,126,126
T6,AR,2050.8,2051.6,record_commit,True,126,126
T6,AR,2051.6,2061.6,acquire,True,127,127
T6,AR,2061.6,2062.4,record_commit,True,127,127
T6,AR,2062.4,2092.4,anchor,True,128,128
T6,AR,2092.4,2102.4,acquire,True,128,128
T6,AR,2102.4,2103.2,record_commit,True,128,128
T6,AR,2103.2,2113.2,acquire,True,129,129
T6,AR,2113.2,2114.0,record_commit,True,129,129
T6,AR,2114.0,2124.0,acquire,True,130,130
T6,AR,2124.0,2124.8,record_commit,True,130,130
T6,AR,2124.8,2134.8,acquire,True,131,131
T6,AR,2134.8,2135.6,record_commit,True,131,131
T6,AR,2135.6,2145.6,acquire,True,132,132
T6,AR,2145.6,2146.4,record_commit,True,132,132
T6,AR,2146.4,2156.4,acquire,True,133,133
T6,AR,2156.4,2157.2,record_commit,True,133,133
T6,AR,2157.2,2167.2,acquire,True,134,134
T6,AR,2167.2,2168.0,record_commit,True,134,134
T6,AR,2168.0,2178.0,acquire,True,135,135
T6,AR,2178.0,2178.8,record_commit,True,135,135
T6,AR,2178.8,2188.8,acquire,True,136,136
T6,AR,2188.8,2189.6,record_commit,True,136,136
T6,AR,2189.6,2199.6,acquire,True,137,137
T6,AR,2199.6,2200.4,record_commit,True,137,137
T6,AR,2200.4,2210.4,acquire,True,138,138
T6,AR,2210.4,2211.2,record_commit,True,138,138
T6,AR,2211.2,2221.2,acquire,True,139,139
T6,AR,2221.2,2222.0,record_commit,True,139,139
T6,AR,2222.0,2232.0,acquire,True,140,140
T6,AR,2232.0,2232.8,record_commit,True,140,140
T6,AR,2232.8,2242.8,acquire,True,141,141
T6,AR,2242.8,2243.6,record_commit,True,141,141
T6,AR,2243.6,2253.6,acquire,True,142,142
T6,AR,2253.6,2254.4,record_commit,True,142,142
T6,AR,2254.4,2264.4,acquire,True,143,143
T6,AR,2264.4,2265.2,record_commit,True,143,143
T6,AR,2265.2,2295.2,anchor,True,144,144
T6,AR,2295.2,2305.2,acquire,True,144,144
T6,AR,2305.2,2306.0,record_commit,True,144,144
T6,AR,2306.0,2316.0,acquire,True,145,145
T6,AR,2316.0,2316.8,record_commit,True,145,145
T6,AR,2316.8,2326.8,acquire,True,146,146
T6,AR,2326.8,2327.6,record_commit,True,146,146
T6,AR,2327.6,2337.6,acquire,True,147,147
T6,AR,2337.6,2338.4,record_commit,True,147,147
T6,AR,2338.4,2348.4,acquire,True,148,148
T6,AR,2348.4,2349.2,record_commit,True,148,148
T6,AR,2349.2,2359.2,acquire,True,149,149
T6,AR,2359.2,2360.0,record_commit,True,149,149
T6,AR,2360.0,2370.0,acquire,True,150,150
T6,AR,2370.0,2370.8,record_commit,True,150,150
T6,AR,2370.8,2380.8,acquire,True,151,151
T6,AR,2380.8,2381.6,record_commit,True,151,151
T6,AR,2381.6,2391.6,acquire,True,152,152
T6,AR,2391.6,2392.4,record_commit,True,152,152
T6,AR,2392.4,2402.4,acquire,True,153,153
T6,AR,2402.4,2403.2,record_commit,True,153,153
T6,AR,2403.2,2413.2,acquire,True,154,154
T6,AR,2413.2,2414.0,record_commit,True,154,154
T6,AR,2414.0,2424.0,acquire,True,155,155
T6,AR,2424.0,2424.8,record_commit,True,155,155
T6,AR,2424.8,2434.8,acquire,True,156,156
T6,AR,2434.8,2435.6,record_commit,True,156,156
T6,AR,2435.6,2445.6,acquire,True,157,157
T6,AR,2445.6,2446.4,record_commit,True,157,157
T6,AR,2446.4,2456.4,acquire,True,158,158
T6,AR,2456.4,2457.2,record_commit,True,158,158
T6,AR,2457.2,2467.2,acquire,True,159,159
T6,AR,2467.2,2468.0,record_commit,True,159,159
T6,AR,2468.0,2498.0,anchor,True,160,160
T6,AR,2498.0,2508.0,acquire,True,160,160
T6,AR,2508.0,2508.8,record_commit,True,160,160
T6,AR,2508.8,2518.8,acquire,True,161,161
T6,AR,2518.8,2519.6,record_commit,True,161,161
T6,AR,2519.6,2529.6,acquire,True,162,162
T6,AR,2529.6,2530.4,record_commit,True,162,162
T6,AR,2530.4,2540.4,acquire,True,163,163
T6,AR,2540.4,2541.2,record_commit,True,163,163
T6,AR,2541.2,2551.2,acquire,True,164,164
T6,AR,2551.2,2552.0,record_commit,True,164,164
T6,AR,2552.0,2562.0,acquire,True,165,165
T6,AR,2562.0,2562.8,record_commit,True,165,165
T6,AR,2562.8,2572.8,acquire,True,166,166
T6,AR,2572.8,2573.6,record_commit,True,166,166
T6,AR,2573.6,2583.6,acquire,True,167,167
T6,AR,2583.6,2584.4,record_commit,True,167,167
T6,AR,2584.4,2594.4,acquire,True,168,168
T6,AR,2594.4,2595.2,record_commit,True,168,168
T6,AR,2595.2,2605.2,acquire,True,169,169
T6,AR,2605.2,2606.0,record_commit,True,169,169
T6,AR,2606.0,2616.0,acquire,True,170,170
T6,AR,2616.0,2616.8,record_commit,True,170,170
T6,AR,2616.8,2626.8,acquire,True,171,171
T6,AR,2626.8,2627.6,record_commit,True,171,171
T6,AR,2627.6,2637.6,acquire,True,172,172
T6,AR,2637.6,2638.4,record_commit,True,172,172
T6,AR,2638.4,2648.4,acquire,True,173,173
T6,AR,2648.4,2649.2,record_commit,True,173,173
T6,AR,2649.2,2659.2,acquire,True,174,174
T6,AR,2659.2,2660.0,record_commit,True,174,174
T6,AR,2660.0,2670.0,acquire,True,175,175
T6,AR,2670.0,2670.8,record_commit,True,175,175
T6,AR,2670.8,2700.8,anchor,True,176,176
T6,AR,2700.8,2710.8,acquire,True,176,176
T6,AR,2710.8,2711.6,record_commit,True,176,176
T6,AR,2711.6,2721.6,acquire,True,177,177
T6,AR,2721.6,2722.4,record_commit,True,177,177
T6,AR,2722.4,2732.4,acquire,True,178,178
T6,AR,2732.4,2733.2,record_commit,True,178,178
T6,AR,2733.2,2743.2,acquire,True,179,179
T6,AR,2743.2,2744.0,record_commit,True,179,179
T6,AR,2744.0,2754.0,acquire,True,180,180
T6,AR,2754.0,2754.8,record_commit,True,180,180
T6,AR,2754.8,2764.8,acquire,True,181,181
T6,AR,2764.8,2765.6,record_commit,True,181,181
T6,AR,2765.6,2775.6,acquire,True,182,182
T6,AR,2775.6,2776.4,record_commit,True,182,182
T6,AR,2776.4,2786.4,acquire,True,183,183
T6,AR,2786.4,2787.2,record_commit,True,183,183
T6,AR,2787.2,2797.2,acquire,True,184,184
T6,AR,2797.2,2798.0,record_commit,True,184,184
T6,AR,2798.0,2808.0,acquire,True,185,185
T6,AR,2808.0,2808.8,record_commit,True,185,185
T6,AR,2808.8,2818.8,acquire,True,186,186
T6,AR,2818.8,2819.6,record_commit,True,186,186
T6,AR,2819.6,2829.6,acquire,True,187,187
T6,AR,2829.6,2830.4,record_commit,True,187,187
T6,AR,2830.4,2840.4,acquire,True,188,188
T6,AR,2840.4,2841.2,record_commit,True,188,188
T6,AR,2841.2,2851.2,acquire,True,189,189
T6,AR,2851.2,2852.0,record_commit,True,189,189
T6,AR,2852.0,2862.0,acquire,True,190,190
T6,AR,2862.0,2862.8,record_commit,True,190,190
T6,AR,2862.8,2872.8,acquire,True,191,191
T6,AR,2872.8,2873.6,record_commit,True,191,191
T6,BS,0.0,120.0,home,True,,0
T6,BS,120.0,150.0,anchor,True,0,0
T6,BS,150.0,160.0,acquire,True,0,0
T6,BS,160.0,170.0,acquire,True,1,0
T6,BS,170.0,180.0,acquire,True,2,0
T6,BS,180.0,190.0,acquire,True,3,0
T6,BS,190.0,192.0,block_seal,True,0,0
T6,BS,192.0,202.0,acquire,True,4,4
T6,BS,202.0,212.0,acquire,True,5,4
T6,BS,212.0,222.0,acquire,True,6,4
T6,BS,222.0,232.0,acquire,True,7,4
T6,BS,232.0,234.0,block_seal,True,4,4
T6,BS,234.0,244.0,acquire,True,8,8
T6,BS,244.0,254.0,acquire,True,9,8
T6,BS,254.0,264.0,acquire,True,10,8
T6,BS,264.0,274.0,acquire,True,11,8
T6,BS,274.0,276.0,block_seal,True,8,8
T6,BS,276.0,286.0,acquire,True,12,12
T6,BS,286.0,296.0,acquire,True,13,12
T6,BS,296.0,306.0,acquire,True,14,12
T6,BS,306.0,316.0,acquire,True,15,12
T6,BS,316.0,318.0,block_seal,True,12,12
T6,BS,318.0,319.0,row_checkpoint,True,,16
T6,BS,319.0,349.0,anchor,True,16,16
T6,BS,349.0,359.0,acquire,True,16,16
T6,BS,359.0,369.0,acquire,True,17,16
T6,BS,369.0,379.0,acquire,True,18,16
T6,BS,379.0,389.0,acquire,True,19,16
T6,BS,389.0,391.0,block_seal,True,16,16
T6,BS,391.0,401.0,acquire,True,20,20
T6,BS,401.0,411.0,acquire,True,21,20
T6,BS,411.0,421.0,acquire,True,22,20
T6,BS,421.0,431.0,acquire,True,23,20
T6,BS,431.0,433.0,block_seal,True,20,20
T6,BS,433.0,443.0,acquire,True,24,24
T6,BS,443.0,453.0,acquire,True,25,24
T6,BS,453.0,463.0,acquire,True,26,24
T6,BS,463.0,473.0,acquire,True,27,24
T6,BS,473.0,475.0,block_seal,True,24,24
T6,BS,475.0,485.0,acquire,True,28,28
T6,BS,485.0,495.0,acquire,True,29,28
T6,BS,495.0,500.0,acquire,False,30,28
T6,BS,500.0,620.0,home,True,,28
T6,BS,620.0,626.0,lookup,True,,28
T6,BS,626.0,656.0,anchor,True,28,28
T6,BS,656.0,666.0,acquire,True,28,28
T6,BS,666.0,676.0,acquire,True,29,28
T6,BS,676.0,686.0,acquire,True,30,28
T6,BS,686.0,696.0,acquire,True,31,28
T6,BS,696.0,698.0,block_seal,True,28,28
T6,BS,698.0,699.0,row_checkpoint,True,,32
T6,BS,699.0,729.0,anchor,True,32,32
T6,BS,729.0,739.0,acquire,True,32,32
T6,BS,739.0,749.0,acquire,True,33,32
T6,BS,749.0,759.0,acquire,True,34,32
T6,BS,759.0,769.0,acquire,True,35,32
T6,BS,769.0,771.0,block_seal,True,32,32
T6,BS,771.0,781.0,acquire,True,36,36
T6,BS,781.0,791.0,acquire,True,37,36
T6,BS,791.0,801.0,acquire,True,38,36
T6,BS,801.0,811.0,acquire,True,39,36
T6,BS,811.0,813.0,block_seal,True,36,36
T6,BS,813.0,823.0,acquire,True,40,40
T6,BS,823.0,833.0,acquire,True,41,40
T6,BS,833.0,843.0,acquire,True,42,40
T6,BS,843.0,853.0,acquire,True,43,40
T6,BS,853.0,855.0,block_seal,True,40,40
T6,BS,855.0,865.0,acquire,True,44,44
T6,BS,865.0,875.0,acquire,True,45,44
T6,BS,875.0,885.0,acquire,True,46,44
T6,BS,885.0,895.0,acquire,True,47,44
T6,BS,895.0,897.0,block_seal,True,44,44
T6,BS,897.0,898.0,row_checkpoint,True,,48
T6,BS,898.0,928.0,anchor,True,48,48
T6,BS,928.0,938.0,acquire,True,48,48
T6,BS,938.0,948.0,acquire,True,49,48
T6,BS,948.0,958.0,acquire,True,50,48
T6,BS,958.0,968.0,acquire,True,51,48
T6,BS,968.0,970.0,block_seal,True,48,48
T6,BS,970.0,980.0,acquire,True,52,52
T6,BS,980.0,990.0,acquire,True,53,52
T6,BS,990.0,1000.0,acquire,False,54,52
T6,BS,1000.0,1120.0,home,True,,52
T6,BS,1120.0,1126.0,lookup,True,,52
T6,BS,1126.0,1156.0,anchor,True,52,52
T6,BS,1156.0,1166.0,acquire,True,52,52
T6,BS,1166.0,1176.0,acquire,True,53,52
T6,BS,1176.0,1186.0,acquire,True,54,52
T6,BS,1186.0,1196.0,acquire,True,55,52
T6,BS,1196.0,1198.0,block_seal,True,52,52
T6,BS,1198.0,1208.0,acquire,True,56,56
T6,BS,1208.0,1218.0,acquire,True,57,56
T6,BS,1218.0,1228.0,acquire,True,58,56
T6,BS,1228.0,1238.0,acquire,True,59,56
T6,BS,1238.0,1240.0,block_seal,True,56,56
T6,BS,1240.0,1250.0,acquire,True,60,60
T6,BS,1250.0,1260.0,acquire,True,61,60
T6,BS,1260.0,1270.0,acquire,True,62,60
T6,BS,1270.0,1280.0,acquire,True,63,60
T6,BS,1280.0,1282.0,block_seal,True,60,60
T6,BS,1282.0,1283.0,row_checkpoint,True,,64
T6,BS,1283.0,1313.0,anchor,True,64,64
T6,BS,1313.0,1323.0,acquire,True,64,64
T6,BS,1323.0,1333.0,acquire,True,65,64
T6,BS,1333.0,1343.0,acquire,True,66,64
T6,BS,1343.0,1353.0,acquire,True,67,64
T6,BS,1353.0,1355.0,block_seal,True,64,64
T6,BS,1355.0,1365.0,acquire,True,68,68
T6,BS,1365.0,1375.0,acquire,True,69,68
T6,BS,1375.0,1385.0,acquire,True,70,68
T6,BS,1385.0,1395.0,acquire,True,71,68
T6,BS,1395.0,1397.0,block_seal,True,68,68
T6,BS,1397.0,1407.0,acquire,True,72,72
T6,BS,1407.0,1417.0,acquire,True,73,72
T6,BS,1417.0,1427.0,acquire,True,74,72
T6,BS,1427.0,1437.0,acquire,True,75,72
T6,BS,1437.0,1439.0,block_seal,True,72,72
T6,BS,1439.0,1449.0,acquire,True,76,76
T6,BS,1449.0,1459.0,acquire,True,77,76
T6,BS,1459.0,1469.0,acquire,True,78,76
T6,BS,1469.0,1479.0,acquire,True,79,76
T6,BS,1479.0,1481.0,block_seal,True,76,76
T6,BS,1481.0,1482.0,row_checkpoint,True,,80
T6,BS,1482.0,1512.0,anchor,True,80,80
T6,BS,1512.0,1522.0,acquire,True,80,80
T6,BS,1522.0,1532.0,acquire,True,81,80
T6,BS,1532.0,1542.0,acquire,True,82,80
T6,BS,1542.0,1552.0,acquire,True,83,80
T6,BS,1552.0,1554.0,block_seal,True,80,80
T6,BS,1554.0,1564.0,acquire,True,84,84
T6,BS,1564.0,1574.0,acquire,True,85,84
T6,BS,1574.0,1584.0,acquire,True,86,84
T6,BS,1584.0,1594.0,acquire,True,87,84
T6,BS,1594.0,1596.0,block_seal,True,84,84
T6,BS,1596.0,1606.0,acquire,True,88,88
T6,BS,1606.0,1616.0,acquire,True,89,88
T6,BS,1616.0,1626.0,acquire,True,90,88
T6,BS,1626.0,1636.0,acquire,True,91,88
T6,BS,1636.0,1638.0,block_seal,True,88,88
T6,BS,1638.0,1648.0,acquire,True,92,92
T6,BS,1648.0,1658.0,acquire,True,93,92
T6,BS,1658.0,1668.0,acquire,True,94,92
T6,BS,1668.0,1678.0,acquire,True,95,92
T6,BS,1678.0,1680.0,block_seal,True,92,92
T6,BS,1680.0,1681.0,row_checkpoint,True,,96
T6,BS,1681.0,1711.0,anchor,True,96,96
T6,BS,1711.0,1721.0,acquire,True,96,96
T6,BS,1721.0,1731.0,acquire,True,97,96
T6,BS,1731.0,1741.0,acquire,True,98,96
T6,BS,1741.0,1751.0,acquire,True,99,96
T6,BS,1751.0,1753.0,block_seal,True,96,96
T6,BS,1753.0,1763.0,acquire,True,100,100
T6,BS,1763.0,1773.0,acquire,True,101,100
T6,BS,1773.0,1783.0,acquire,True,102,100
T6,BS,1783.0,1793.0,acquire,True,103,100
T6,BS,1793.0,1795.0,block_seal,True,100,100
T6,BS,1795.0,1805.0,acquire,True,104,104
T6,BS,1805.0,1815.0,acquire,True,105,104
T6,BS,1815.0,1825.0,acquire,True,106,104
T6,BS,1825.0,1835.0,acquire,True,107,104
T6,BS,1835.0,1837.0,block_seal,True,104,104
T6,BS,1837.0,1847.0,acquire,True,108,108
T6,BS,1847.0,1857.0,acquire,True,109,108
T6,BS,1857.0,1867.0,acquire,True,110,108
T6,BS,1867.0,1877.0,acquire,True,111,108
T6,BS,1877.0,1879.0,block_seal,True,108,108
T6,BS,1879.0,1880.0,row_checkpoint,True,,112
T6,BS,1880.0,1910.0,anchor,True,112,112
T6,BS,1910.0,1920.0,acquire,True,112,112
T6,BS,1920.0,1930.0,acquire,True,113,112
T6,BS,1930.0,1940.0,acquire,True,114,112
T6,BS,1940.0,1950.0,acquire,True,115,112
T6,BS,1950.0,1952.0,block_seal,True,112,112
T6,BS,1952.0,1962.0,acquire,True,116,116
T6,BS,1962.0,1972.0,acquire,True,117,116
T6,BS,1972.0,1982.0,acquire,True,118,116
T6,BS,1982.0,1992.0,acquire,True,119,116
T6,BS,1992.0,1994.0,block_seal,True,116,116
T6,BS,1994.0,2004.0,acquire,True,120,120
T6,BS,2004.0,2014.0,acquire,True,121,120
T6,BS,2014.0,2024.0,acquire,True,122,120
T6,BS,2024.0,2034.0,acquire,True,123,120
T6,BS,2034.0,2036.0,block_seal,True,120,120
T6,BS,2036.0,2046.0,acquire,True,124,124
T6,BS,2046.0,2056.0,acquire,True,125,124
T6,BS,2056.0,2066.0,acquire,True,126,124
T6,BS,2066.0,2076.0,acquire,True,127,124
T6,BS,2076.0,2078.0,block_seal,True,124,124
T6,BS,2078.0,2079.0,row_checkpoint,True,,128
T6,BS,2079.0,2109.0,anchor,True,128,128
T6,BS,2109.0,2119.0,acquire,True,128,128
T6,BS,2119.0,2129.0,acquire,True,129,128
T6,BS,2129.0,2139.0,acquire,True,130,128
T6,BS,2139.0,2149.0,acquire,True,131,128
T6,BS,2149.0,2151.0,block_seal,True,128,128
T6,BS,2151.0,2161.0,acquire,True,132,132
T6,BS,2161.0,2171.0,acquire,True,133,132
T6,BS,2171.0,2181.0,acquire,True,134,132
T6,BS,2181.0,2191.0,acquire,True,135,132
T6,BS,2191.0,2193.0,block_seal,True,132,132
T6,BS,2193.0,2203.0,acquire,True,136,136
T6,BS,2203.0,2213.0,acquire,True,137,136
T6,BS,2213.0,2223.0,acquire,True,138,136
T6,BS,2223.0,2233.0,acquire,True,139,136
T6,BS,2233.0,2235.0,block_seal,True,136,136
T6,BS,2235.0,2245.0,acquire,True,140,140
T6,BS,2245.0,2255.0,acquire,True,141,140
T6,BS,2255.0,2265.0,acquire,True,142,140
T6,BS,2265.0,2275.0,acquire,True,143,140
T6,BS,2275.0,2277.0,block_seal,True,140,140
T6,BS,2277.0,2278.0,row_checkpoint,True,,144
T6,BS,2278.0,2308.0,anchor,True,144,144
T6,BS,2308.0,2318.0,acquire,True,144,144
T6,BS,2318.0,2328.0,acquire,True,145,144
T6,BS,2328.0,2338.0,acquire,True,146,144
T6,BS,2338.0,2348.0,acquire,True,147,144
T6,BS,2348.0,2350.0,block_seal,True,144,144
T6,BS,2350.0,2360.0,acquire,True,148,148
T6,BS,2360.0,2370.0,acquire,True,149,148
T6,BS,2370.0,2380.0,acquire,True,150,148
T6,BS,2380.0,2390.0,acquire,True,151,148
T6,BS,2390.0,2392.0,block_seal,True,148,148
T6,BS,2392.0,2402.0,acquire,True,152,152
T6,BS,2402.0,2412.0,acquire,True,153,152
T6,BS,2412.0,2422.0,acquire,True,154,152
T6,BS,2422.0,2432.0,acquire,True,155,152
T6,BS,2432.0,2434.0,block_seal,True,152,152
T6,BS,2434.0,2444.0,acquire,True,156,156
T6,BS,2444.0,2454.0,acquire,True,157,156
T6,BS,2454.0,2464.0,acquire,True,158,156
T6,BS,2464.0,2474.0,acquire,True,159,156
T6,BS,2474.0,2476.0,block_seal,True,156,156
T6,BS,2476.0,2477.0,row_checkpoint,True,,160
T6,BS,2477.0,2507.0,anchor,True,160,160
T6,BS,2507.0,2517.0,acquire,True,160,160
T6,BS,2517.0,2527.0,acquire,True,161,160
T6,BS,2527.0,2537.0,acquire,True,162,160
T6,BS,2537.0,2547.0,acquire,True,163,160
T6,BS,2547.0,2549.0,block_seal,True,160,160
T6,BS,2549.0,2559.0,acquire,True,164,164
T6,BS,2559.0,2569.0,acquire,True,165,164
T6,BS,2569.0,2579.0,acquire,True,166,164
T6,BS,2579.0,2589.0,acquire,True,167,164
T6,BS,2589.0,2591.0,block_seal,True,164,164
T6,BS,2591.0,2601.0,acquire,True,168,168
T6,BS,2601.0,2611.0,acquire,True,169,168
T6,BS,2611.0,2621.0,acquire,True,170,168
T6,BS,2621.0,2631.0,acquire,True,171,168
T6,BS,2631.0,2633.0,block_seal,True,168,168
T6,BS,2633.0,2643.0,acquire,True,172,172
T6,BS,2643.0,2653.0,acquire,True,173,172
T6,BS,2653.0,2663.0,acquire,True,174,172
T6,BS,2663.0,2673.0,acquire,True,175,172
T6,BS,2673.0,2675.0,block_seal,True,172,172
T6,BS,2675.0,2676.0,row_checkpoint,True,,176
T6,BS,2676.0,2706.0,anchor,True,176,176
T6,BS,2706.0,2716.0,acquire,True,176,176
T6,BS,2716.0,2726.0,acquire,True,177,176
T6,BS,2726.0,2736.0,acquire,True,178,176
T6,BS,2736.0,2746.0,acquire,True,179,176
T6,BS,2746.0,2748.0,block_seal,True,176,176
T6,BS,2748.0,2758.0,acquire,True,180,180
T6,BS,2758.0,2768.0,acquire,True,181,180
T6,BS,2768.0,2778.0,acquire,True,182,180
T6,BS,2778.0,2788.0,acquire,True,183,180
T6,BS,2788.0,2790.0,block_seal,True,180,180
T6,BS,2790.0,2800.0,acquire,True,184,184
T6,BS,2800.0,2810.0,acquire,True,185,184
T6,BS,2810.0,2820.0,acquire,True,186,184
T6,BS,2820.0,2830.0,acquire,True,187,184
T6,BS,2830.0,2832.0,block_seal,True,184,184
T6,BS,2832.0,2842.0,acquire,True,188,188
T6,BS,2842.0,2852.0,acquire,True,189,188
T6,BS,2852.0,2862.0,acquire,True,190,188
T6,BS,2862.0,2872.0,acquire,True,191,188
T6,BS,2872.0,2874.0,block_seal,True,188,188
T6,BS,2874.0,2875.0,row_checkpoint,True,,192
T7,RC,0.0,120.0,home,True,,0
T7,RC,120.0,150.0,anchor,True,0,0
T7,RC,150.0,160.0,acquire,True,0,0
T7,RC,160.0,170.0,acquire,True,1,0
T7,RC,170.0,180.0,acquire,True,2,0
T7,RC,180.0,190.0,acquire,True,3,0
T7,RC,190.0,200.0,acquire,True,4,0
T7,RC,200.0,210.0,acquire,True,5,0
T7,RC,210.0,220.0,acquire,True,6,0
T7,RC,220.0,230.0,acquire,True,7,0
T7,RC,230.0,240.0,acquire,True,8,0
T7,RC,240.0,250.0,acquire,True,9,0
T7,RC,250.0,260.0,acquire,True,10,0
T7,RC,260.0,270.0,acquire,True,11,0
T7,RC,270.0,280.0,acquire,True,12,0
T7,RC,280.0,290.0,acquire,True,13,0
T7,RC,290.0,300.0,acquire,True,14,0
T7,RC,300.0,310.0,acquire,True,15,0
T7,RC,310.0,314.0,row_commit,True,0,0
T7,RC,314.0,344.0,anchor,True,16,16
T7,RC,344.0,354.0,acquire,True,16,16
T7,RC,354.0,364.0,acquire,True,17,16
T7,RC,364.0,374.0,acquire,True,18,16
T7,RC,374.0,384.0,acquire,True,19,16
T7,RC,384.0,394.0,acquire,True,20,16
T7,RC,394.0,404.0,acquire,True,21,16
T7,RC,404.0,414.0,acquire,True,22,16
T7,RC,414.0,424.0,acquire,True,23,16
T7,RC,424.0,434.0,acquire,True,24,16
T7,RC,434.0,444.0,acquire,True,25,16
T7,RC,444.0,454.0,acquire,True,26,16
T7,RC,454.0,464.0,acquire,True,27,16
T7,RC,464.0,474.0,acquire,True,28,16
T7,RC,474.0,484.0,acquire,True,29,16
T7,RC,484.0,494.0,acquire,True,30,16
T7,RC,494.0,504.0,acquire,True,31,16
T7,RC,504.0,508.0,row_commit,True,16,16
T7,RC,508.0,538.0,anchor,True,32,32
T7,RC,538.0,548.0,acquire,True,32,32
T7,RC,548.0,558.0,acquire,True,33,32
T7,RC,558.0,568.0,acquire,True,34,32
T7,RC,568.0,578.0,acquire,True,35,32
T7,RC,578.0,588.0,acquire,True,36,32
T7,RC,588.0,598.0,acquire,True,37,32
T7,RC,598.0,600.0,acquire,False,38,32
T7,RC,600.0,720.0,home,True,,32
T7,RC,720.0,721.0,lookup,True,,32
T7,RC,721.0,751.0,anchor,True,32,32
T7,RC,751.0,761.0,acquire,True,32,32
T7,RC,761.0,771.0,acquire,True,33,32
T7,RC,771.0,781.0,acquire,True,34,32
T7,RC,781.0,791.0,acquire,True,35,32
T7,RC,791.0,801.0,acquire,True,36,32
T7,RC,801.0,811.0,acquire,True,37,32
T7,RC,811.0,821.0,acquire,True,38,32
T7,RC,821.0,831.0,acquire,True,39,32
T7,RC,831.0,841.0,acquire,True,40,32
T7,RC,841.0,851.0,acquire,True,41,32
T7,RC,851.0,861.0,acquire,True,42,32
T7,RC,861.0,871.0,acquire,True,43,32
T7,RC,871.0,881.0,acquire,True,44,32
T7,RC,881.0,891.0,acquire,True,45,32
T7,RC,891.0,901.0,acquire,True,46,32
T7,RC,901.0,911.0,acquire,True,47,32
T7,RC,911.0,915.0,row_commit,True,32,32
T7,RC,915.0,945.0,anchor,True,48,48
T7,RC,945.0,955.0,acquire,True,48,48
T7,RC,955.0,965.0,acquire,True,49,48
T7,RC,965.0,975.0,acquire,True,50,48
T7,RC,975.0,985.0,acquire,True,51,48
T7,RC,985.0,995.0,acquire,True,52,48
T7,RC,995.0,1005.0,acquire,True,53,48
T7,RC,1005.0,1015.0,acquire,True,54,48
T7,RC,1015.0,1025.0,acquire,True,55,48
T7,RC,1025.0,1035.0,acquire,True,56,48
T7,RC,1035.0,1045.0,acquire,True,57,48
T7,RC,1045.0,1055.0,acquire,True,58,48
T7,RC,1055.0,1065.0,acquire,True,59,48
T7,RC,1065.0,1075.0,acquire,True,60,48
T7,RC,1075.0,1085.0,acquire,True,61,48
T7,RC,1085.0,1095.0,acquire,True,62,48
T7,RC,1095.0,1105.0,acquire,True,63,48
T7,RC,1105.0,1109.0,row_commit,True,48,48
T7,RC,1109.0,1139.0,anchor,True,64,64
T7,RC,1139.0,1149.0,acquire,True,64,64
T7,RC,1149.0,1159.0,acquire,True,65,64
T7,RC,1159.0,1169.0,acquire,True,66,64
T7,RC,1169.0,1179.0,acquire,True,67,64
T7,RC,1179.0,1189.0,acquire,True,68,64
T7,RC,1189.0,1199.0,acquire,True,69,64
T7,RC,1199.0,1200.0,acquire,False,70,64
T7,RC,1200.0,1320.0,home,True,,64
T7,RC,1320.0,1321.0,lookup,True,,64
T7,RC,1321.0,1351.0,anchor,True,64,64
T7,RC,1351.0,1361.0,acquire,True,64,64
T7,RC,1361.0,1371.0,acquire,True,65,64
T7,RC,1371.0,1381.0,acquire,True,66,64
T7,RC,1381.0,1391.0,acquire,True,67,64
T7,RC,1391.0,1401.0,acquire,True,68,64
T7,RC,1401.0,1411.0,acquire,True,69,64
T7,RC,1411.0,1421.0,acquire,True,70,64
T7,RC,1421.0,1431.0,acquire,True,71,64
T7,RC,1431.0,1441.0,acquire,True,72,64
T7,RC,1441.0,1451.0,acquire,True,73,64
T7,RC,1451.0,1461.0,acquire,True,74,64
T7,RC,1461.0,1471.0,acquire,True,75,64
T7,RC,1471.0,1481.0,acquire,True,76,64
T7,RC,1481.0,1491.0,acquire,True,77,64
T7,RC,1491.0,1501.0,acquire,True,78,64
T7,RC,1501.0,1511.0,acquire,True,79,64
T7,RC,1511.0,1515.0,row_commit,True,64,64
T7,RC,1515.0,1545.0,anchor,True,80,80
T7,RC,1545.0,1555.0,acquire,True,80,80
T7,RC,1555.0,1565.0,acquire,True,81,80
T7,RC,1565.0,1575.0,acquire,True,82,80
T7,RC,1575.0,1585.0,acquire,True,83,80
T7,RC,1585.0,1595.0,acquire,True,84,80
T7,RC,1595.0,1605.0,acquire,True,85,80
T7,RC,1605.0,1615.0,acquire,True,86,80
T7,RC,1615.0,1625.0,acquire,True,87,80
T7,RC,1625.0,1635.0,acquire,True,88,80
T7,RC,1635.0,1645.0,acquire,True,89,80
T7,RC,1645.0,1655.0,acquire,True,90,80
T7,RC,1655.0,1665.0,acquire,True,91,80
T7,RC,1665.0,1675.0,acquire,True,92,80
T7,RC,1675.0,1685.0,acquire,True,93,80
T7,RC,1685.0,1695.0,acquire,True,94,80
T7,RC,1695.0,1705.0,acquire,True,95,80
T7,RC,1705.0,1709.0,row_commit,True,80,80
T7,RC,1709.0,1739.0,anchor,True,96,96
T7,RC,1739.0,1749.0,acquire,True,96,96
T7,RC,1749.0,1759.0,acquire,True,97,96
T7,RC,1759.0,1769.0,acquire,True,98,96
T7,RC,1769.0,1779.0,acquire,True,99,96
T7,RC,1779.0,1789.0,acquire,True,100,96
T7,RC,1789.0,1799.0,acquire,True,101,96
T7,RC,1799.0,1809.0,acquire,True,102,96
T7,RC,1809.0,1819.0,acquire,True,103,96
T7,RC,1819.0,1829.0,acquire,True,104,96
T7,RC,1829.0,1839.0,acquire,True,105,96
T7,RC,1839.0,1849.0,acquire,True,106,96
T7,RC,1849.0,1859.0,acquire,True,107,96
T7,RC,1859.0,1869.0,acquire,True,108,96
T7,RC,1869.0,1879.0,acquire,True,109,96
T7,RC,1879.0,1889.0,acquire,True,110,96
T7,RC,1889.0,1899.0,acquire,True,111,96
T7,RC,1899.0,1903.0,row_commit,True,96,96
T7,RC,1903.0,1933.0,anchor,True,112,112
T7,RC,1933.0,1943.0,acquire,True,112,112
T7,RC,1943.0,1953.0,acquire,True,113,112
T7,RC,1953.0,1963.0,acquire,True,114,112
T7,RC,1963.0,1973.0,acquire,True,115,112
T7,RC,1973.0,1983.0,acquire,True,116,112
T7,RC,1983.0,1993.0,acquire,True,117,112
T7,RC,1993.0,2003.0,acquire,True,118,112
T7,RC,2003.0,2013.0,acquire,True,119,112
T7,RC,2013.0,2023.0,acquire,True,120,112
T7,RC,2023.0,2033.0,acquire,True,121,112
T7,RC,2033.0,2043.0,acquire,True,122,112
T7,RC,2043.0,2053.0,acquire,True,123,112
T7,RC,2053.0,2063.0,acquire,True,124,112
T7,RC,2063.0,2073.0,acquire,True,125,112
T7,RC,2073.0,2083.0,acquire,True,126,112
T7,RC,2083.0,2093.0,acquire,True,127,112
T7,RC,2093.0,2097.0,row_commit,True,112,112
T7,RC,2097.0,2127.0,anchor,True,128,128
T7,RC,2127.0,2137.0,acquire,True,128,128
T7,RC,2137.0,2147.0,acquire,True,129,128
T7,RC,2147.0,2157.0,acquire,True,130,128
T7,RC,2157.0,2167.0,acquire,True,131,128
T7,RC,2167.0,2177.0,acquire,True,132,128
T7,RC,2177.0,2187.0,acquire,True,133,128
T7,RC,2187.0,2197.0,acquire,True,134,128
T7,RC,2197.0,2207.0,acquire,True,135,128
T7,RC,2207.0,2217.0,acquire,True,136,128
T7,RC,2217.0,2227.0,acquire,True,137,128
T7,RC,2227.0,2237.0,acquire,True,138,128
T7,RC,2237.0,2247.0,acquire,True,139,128
T7,RC,2247.0,2257.0,acquire,True,140,128
T7,RC,2257.0,2267.0,acquire,True,141,128
T7,RC,2267.0,2277.0,acquire,True,142,128
T7,RC,2277.0,2287.0,acquire,True,143,128
T7,RC,2287.0,2291.0,row_commit,True,128,128
T7,RC,2291.0,2321.0,anchor,True,144,144
T7,RC,2321.0,2331.0,acquire,True,144,144
T7,RC,2331.0,2341.0,acquire,True,145,144
T7,RC,2341.0,2351.0,acquire,True,146,144
T7,RC,2351.0,2361.0,acquire,True,147,144
T7,RC,2361.0,2371.0,acquire,True,148,144
T7,RC,2371.0,2381.0,acquire,True,149,144
T7,RC,2381.0,2391.0,acquire,True,150,144
T7,RC,2391.0,2401.0,acquire,True,151,144
T7,RC,2401.0,2411.0,acquire,True,152,144
T7,RC,2411.0,2421.0,acquire,True,153,144
T7,RC,2421.0,2431.0,acquire,True,154,144
T7,RC,2431.0,2441.0,acquire,True,155,144
T7,RC,2441.0,2451.0,acquire,True,156,144
T7,RC,2451.0,2461.0,acquire,True,157,144
T7,RC,2461.0,2471.0,acquire,True,158,144
T7,RC,2471.0,2481.0,acquire,True,159,144
T7,RC,2481.0,2485.0,row_commit,True,144,144
T7,RC,2485.0,2515.0,anchor,True,160,160
T7,RC,2515.0,2525.0,acquire,True,160,160
T7,RC,2525.0,2535.0,acquire,True,161,160
T7,RC,2535.0,2545.0,acquire,True,162,160
T7,RC,2545.0,2555.0,acquire,True,163,160
T7,RC,2555.0,2565.0,acquire,True,164,160
T7,RC,2565.0,2575.0,acquire,True,165,160
T7,RC,2575.0,2585.0,acquire,True,166,160
T7,RC,2585.0,2595.0,acquire,True,167,160
T7,RC,2595.0,2605.0,acquire,True,168,160
T7,RC,2605.0,2615.0,acquire,True,169,160
T7,RC,2615.0,2625.0,acquire,True,170,160
T7,RC,2625.0,2635.0,acquire,True,171,160
T7,RC,2635.0,2645.0,acquire,True,172,160
T7,RC,2645.0,2655.0,acquire,True,173,160
T7,RC,2655.0,2665.0,acquire,True,174,160
T7,RC,2665.0,2675.0,acquire,True,175,160
T7,RC,2675.0,2679.0,row_commit,True,160,160
T7,RC,2679.0,2709.0,anchor,True,176,176
T7,RC,2709.0,2719.0,acquire,True,176,176
T7,RC,2719.0,2729.0,acquire,True,177,176
T7,RC,2729.0,2739.0,acquire,True,178,176
T7,RC,2739.0,2749.0,acquire,True,179,176
T7,RC,2749.0,2759.0,acquire,True,180,176
T7,RC,2759.0,2769.0,acquire,True,181,176
T7,RC,2769.0,2779.0,acquire,True,182,176
T7,RC,2779.0,2789.0,acquire,True,183,176
T7,RC,2789.0,2799.0,acquire,True,184,176
T7,RC,2799.0,2809.0,acquire,True,185,176
T7,RC,2809.0,2819.0,acquire,True,186,176
T7,RC,2819.0,2829.0,acquire,True,187,176
T7,RC,2829.0,2839.0,acquire,True,188,176
T7,RC,2839.0,2849.0,acquire,True,189,176
T7,RC,2849.0,2859.0,acquire,True,190,176
T7,RC,2859.0,2869.0,acquire,True,191,176
T7,RC,2869.0,2873.0,row_commit,True,176,176
T7,AR,0.0,120.0,home,True,,0
T7,AR,120.0,150.0,anchor,True,0,0
T7,AR,150.0,160.0,acquire,True,0,0
T7,AR,160.0,160.8,record_commit,True,0,0
T7,AR,160.8,170.8,acquire,True,1,1
T7,AR,170.8,171.6,record_commit,True,1,1
T7,AR,171.6,181.6,acquire,True,2,2
T7,AR,181.6,182.4,record_commit,True,2,2
T7,AR,182.4,192.4,acquire,True,3,3
T7,AR,192.4,193.2,record_commit,True,3,3
T7,AR,193.2,203.2,acquire,True,4,4
T7,AR,203.2,204.0,record_commit,True,4,4
T7,AR,204.0,214.0,acquire,True,5,5
T7,AR,214.0,214.8,record_commit,True,5,5
T7,AR,214.8,224.8,acquire,True,6,6
T7,AR,224.8,225.6,record_commit,True,6,6
T7,AR,225.6,235.6,acquire,True,7,7
T7,AR,235.6,236.4,record_commit,True,7,7
T7,AR,236.4,246.4,acquire,True,8,8
T7,AR,246.4,247.2,record_commit,True,8,8
T7,AR,247.2,257.2,acquire,True,9,9
T7,AR,257.2,258.0,record_commit,True,9,9
T7,AR,258.0,268.0,acquire,True,10,10
T7,AR,268.0,268.8,record_commit,True,10,10
T7,AR,268.8,278.8,acquire,True,11,11
T7,AR,278.8,279.6,record_commit,True,11,11
T7,AR,279.6,289.6,acquire,True,12,12
T7,AR,289.6,290.4,record_commit,True,12,12
T7,AR,290.4,300.4,acquire,True,13,13
T7,AR,300.4,301.2,record_commit,True,13,13
T7,AR,301.2,311.2,acquire,True,14,14
T7,AR,311.2,312.0,record_commit,True,14,14
T7,AR,312.0,322.0,acquire,True,15,15
T7,AR,322.0,322.8,record_commit,True,15,15
T7,AR,322.8,352.8,anchor,True,16,16
T7,AR,352.8,362.8,acquire,True,16,16
T7,AR,362.8,363.6,record_commit,True,16,16
T7,AR,363.6,373.6,acquire,True,17,17
T7,AR,373.6,374.4,record_commit,True,17,17
T7,AR,374.4,384.4,acquire,True,18,18
T7,AR,384.4,385.2,record_commit,True,18,18
T7,AR,385.2,395.2,acquire,True,19,19
T7,AR,395.2,396.0,record_commit,True,19,19
T7,AR,396.0,406.0,acquire,True,20,20
T7,AR,406.0,406.8,record_commit,True,20,20
T7,AR,406.8,416.8,acquire,True,21,21
T7,AR,416.8,417.6,record_commit,True,21,21
T7,AR,417.6,427.6,acquire,True,22,22
T7,AR,427.6,428.4,record_commit,True,22,22
T7,AR,428.4,438.4,acquire,True,23,23
T7,AR,438.4,439.2,record_commit,True,23,23
T7,AR,439.2,449.2,acquire,True,24,24
T7,AR,449.2,450.0,record_commit,True,24,24
T7,AR,450.0,460.0,acquire,True,25,25
T7,AR,460.0,460.8,record_commit,True,25,25
T7,AR,460.8,470.8,acquire,True,26,26
T7,AR,470.8,471.6,record_commit,True,26,26
T7,AR,471.6,481.6,acquire,True,27,27
T7,AR,481.6,482.4,record_commit,True,27,27
T7,AR,482.4,492.4,acquire,True,28,28
T7,AR,492.4,493.2,record_commit,True,28,28
T7,AR,493.2,503.2,acquire,True,29,29
T7,AR,503.2,504.0,record_commit,True,29,29
T7,AR,504.0,514.0,acquire,True,30,30
T7,AR,514.0,514.8,record_commit,True,30,30
T7,AR,514.8,524.8,acquire,True,31,31
T7,AR,524.8,525.6,record_commit,True,31,31
T7,AR,525.6,555.6,anchor,True,32,32
T7,AR,555.6,565.6,acquire,True,32,32
T7,AR,565.6,566.4,record_commit,True,32,32
T7,AR,566.4,576.4,acquire,True,33,33
T7,AR,576.4,577.2,record_commit,True,33,33
T7,AR,577.2,587.2,acquire,True,34,34
T7,AR,587.2,588.0,record_commit,True,34,34
T7,AR,588.0,598.0,acquire,True,35,35
T7,AR,598.0,598.8,record_commit,True,35,35
T7,AR,598.8,600.0,acquire,False,36,36
T7,AR,600.0,720.0,home,True,,36
T7,AR,720.0,724.0,lookup,True,,36
T7,AR,724.0,754.0,anchor,True,36,36
T7,AR,754.0,764.0,acquire,True,36,36
T7,AR,764.0,764.8,record_commit,True,36,36
T7,AR,764.8,774.8,acquire,True,37,37
T7,AR,774.8,775.6,record_commit,True,37,37
T7,AR,775.6,785.6,acquire,True,38,38
T7,AR,785.6,786.4,record_commit,True,38,38
T7,AR,786.4,796.4,acquire,True,39,39
T7,AR,796.4,797.2,record_commit,True,39,39
T7,AR,797.2,807.2,acquire,True,40,40
T7,AR,807.2,808.0,record_commit,True,40,40
T7,AR,808.0,818.0,acquire,True,41,41
T7,AR,818.0,818.8,record_commit,True,41,41
T7,AR,818.8,828.8,acquire,True,42,42
T7,AR,828.8,829.6,record_commit,True,42,42
T7,AR,829.6,839.6,acquire,True,43,43
T7,AR,839.6,840.4,record_commit,True,43,43
T7,AR,840.4,850.4,acquire,True,44,44
T7,AR,850.4,851.2,record_commit,True,44,44
T7,AR,851.2,861.2,acquire,True,45,45
T7,AR,861.2,862.0,record_commit,True,45,45
T7,AR,862.0,872.0,acquire,True,46,46
T7,AR,872.0,872.8,record_commit,True,46,46
T7,AR,872.8,882.8,acquire,True,47,47
T7,AR,882.8,883.6,record_commit,True,47,47
T7,AR,883.6,913.6,anchor,True,48,48
T7,AR,913.6,923.6,acquire,True,48,48
T7,AR,923.6,924.4,record_commit,True,48,48
T7,AR,924.4,934.4,acquire,True,49,49
T7,AR,934.4,935.2,record_commit,True,49,49
T7,AR,935.2,945.2,acquire,True,50,50
T7,AR,945.2,946.0,record_commit,True,50,50
T7,AR,946.0,956.0,acquire,True,51,51
T7,AR,956.0,956.8,record_commit,True,51,51
T7,AR,956.8,966.8,acquire,True,52,52
T7,AR,966.8,967.6,record_commit,True,52,52
T7,AR,967.6,977.6,acquire,True,53,53
T7,AR,977.6,978.4,record_commit,True,53,53
T7,AR,978.4,988.4,acquire,True,54,54
T7,AR,988.4,989.2,record_commit,True,54,54
T7,AR,989.2,999.2,acquire,True,55,55
T7,AR,999.2,1000.0,record_commit,True,55,55
T7,AR,1000.0,1010.0,acquire,True,56,56
T7,AR,1010.0,1010.8,record_commit,True,56,56
T7,AR,1010.8,1020.8,acquire,True,57,57
T7,AR,1020.8,1021.6,record_commit,True,57,57
T7,AR,1021.6,1031.6,acquire,True,58,58
T7,AR,1031.6,1032.4,record_commit,True,58,58
T7,AR,1032.4,1042.4,acquire,True,59,59
T7,AR,1042.4,1043.2,record_commit,True,59,59
T7,AR,1043.2,1053.2,acquire,True,60,60
T7,AR,1053.2,1054.0,record_commit,True,60,60
T7,AR,1054.0,1064.0,acquire,True,61,61
T7,AR,1064.0,1064.8,record_commit,True,61,61
T7,AR,1064.8,1074.8,acquire,True,62,62
T7,AR,1074.8,1075.6,record_commit,True,62,62
T7,AR,1075.6,1085.6,acquire,True,63,63
T7,AR,1085.6,1086.4,record_commit,True,63,63
T7,AR,1086.4,1116.4,anchor,True,64,64
T7,AR,1116.4,1126.4,acquire,True,64,64
T7,AR,1126.4,1127.2,record_commit,True,64,64
T7,AR,1127.2,1137.2,acquire,True,65,65
T7,AR,1137.2,1138.0,record_commit,True,65,65
T7,AR,1138.0,1148.0,acquire,True,66,66
T7,AR,1148.0,1148.8,record_commit,True,66,66
T7,AR,1148.8,1158.8,acquire,True,67,67
T7,AR,1158.8,1159.6,record_commit,True,67,67
T7,AR,1159.6,1169.6,acquire,True,68,68
T7,AR,1169.6,1170.4,record_commit,True,68,68
T7,AR,1170.4,1180.4,acquire,True,69,69
T7,AR,1180.4,1181.2,record_commit,True,69,69
T7,AR,1181.2,1191.2,acquire,True,70,70
T7,AR,1191.2,1192.0,record_commit,True,70,70
T7,AR,1192.0,1200.0,acquire,False,71,71
T7,AR,1200.0,1320.0,home,True,,71
T7,AR,1320.0,1324.0,lookup,True,,71
T7,AR,1324.0,1354.0,anchor,True,71,71
T7,AR,1354.0,1364.0,acquire,True,71,71
T7,AR,1364.0,1364.8,record_commit,True,71,71
T7,AR,1364.8,1374.8,acquire,True,72,72
T7,AR,1374.8,1375.6,record_commit,True,72,72
T7,AR,1375.6,1385.6,acquire,True,73,73
T7,AR,1385.6,1386.4,record_commit,True,73,73
T7,AR,1386.4,1396.4,acquire,True,74,74
T7,AR,1396.4,1397.2,record_commit,True,74,74
T7,AR,1397.2,1407.2,acquire,True,75,75
T7,AR,1407.2,1408.0,record_commit,True,75,75
T7,AR,1408.0,1418.0,acquire,True,76,76
T7,AR,1418.0,1418.8,record_commit,True,76,76
T7,AR,1418.8,1428.8,acquire,True,77,77
T7,AR,1428.8,1429.6,record_commit,True,77,77
T7,AR,1429.6,1439.6,acquire,True,78,78
T7,AR,1439.6,1440.4,record_commit,True,78,78
T7,AR,1440.4,1450.4,acquire,True,79,79
T7,AR,1450.4,1451.2,record_commit,True,79,79
T7,AR,1451.2,1481.2,anchor,True,80,80
T7,AR,1481.2,1491.2,acquire,True,80,80
T7,AR,1491.2,1492.0,record_commit,True,80,80
T7,AR,1492.0,1502.0,acquire,True,81,81
T7,AR,1502.0,1502.8,record_commit,True,81,81
T7,AR,1502.8,1512.8,acquire,True,82,82
T7,AR,1512.8,1513.6,record_commit,True,82,82
T7,AR,1513.6,1523.6,acquire,True,83,83
T7,AR,1523.6,1524.4,record_commit,True,83,83
T7,AR,1524.4,1534.4,acquire,True,84,84
T7,AR,1534.4,1535.2,record_commit,True,84,84
T7,AR,1535.2,1545.2,acquire,True,85,85
T7,AR,1545.2,1546.0,record_commit,True,85,85
T7,AR,1546.0,1556.0,acquire,True,86,86
T7,AR,1556.0,1556.8,record_commit,True,86,86
T7,AR,1556.8,1566.8,acquire,True,87,87
T7,AR,1566.8,1567.6,record_commit,True,87,87
T7,AR,1567.6,1577.6,acquire,True,88,88
T7,AR,1577.6,1578.4,record_commit,True,88,88
T7,AR,1578.4,1588.4,acquire,True,89,89
T7,AR,1588.4,1589.2,record_commit,True,89,89
T7,AR,1589.2,1599.2,acquire,True,90,90
T7,AR,1599.2,1600.0,record_commit,True,90,90
T7,AR,1600.0,1610.0,acquire,True,91,91
T7,AR,1610.0,1610.8,record_commit,True,91,91
T7,AR,1610.8,1620.8,acquire,True,92,92
T7,AR,1620.8,1621.6,record_commit,True,92,92
T7,AR,1621.6,1631.6,acquire,True,93,93
T7,AR,1631.6,1632.4,record_commit,True,93,93
T7,AR,1632.4,1642.4,acquire,True,94,94
T7,AR,1642.4,1643.2,record_commit,True,94,94
T7,AR,1643.2,1653.2,acquire,True,95,95
T7,AR,1653.2,1654.0,record_commit,True,95,95
T7,AR,1654.0,1684.0,anchor,True,96,96
T7,AR,1684.0,1694.0,acquire,True,96,96
T7,AR,1694.0,1694.8,record_commit,True,96,96
T7,AR,1694.8,1704.8,acquire,True,97,97
T7,AR,1704.8,1705.6,record_commit,True,97,97
T7,AR,1705.6,1715.6,acquire,True,98,98
T7,AR,1715.6,1716.4,record_commit,True,98,98
T7,AR,1716.4,1726.4,acquire,True,99,99
T7,AR,1726.4,1727.2,record_commit,True,99,99
T7,AR,1727.2,1737.2,acquire,True,100,100
T7,AR,1737.2,1738.0,record_commit,True,100,100
T7,AR,1738.0,1748.0,acquire,True,101,101
T7,AR,1748.0,1748.8,record_commit,True,101,101
T7,AR,1748.8,1758.8,acquire,True,102,102
T7,AR,1758.8,1759.6,record_commit,True,102,102
T7,AR,1759.6,1769.6,acquire,True,103,103
T7,AR,1769.6,1770.4,record_commit,True,103,103
T7,AR,1770.4,1780.4,acquire,True,104,104
T7,AR,1780.4,1781.2,record_commit,True,104,104
T7,AR,1781.2,1791.2,acquire,True,105,105
T7,AR,1791.2,1792.0,record_commit,True,105,105
T7,AR,1792.0,1802.0,acquire,True,106,106
T7,AR,1802.0,1802.8,record_commit,True,106,106
T7,AR,1802.8,1812.8,acquire,True,107,107
T7,AR,1812.8,1813.6,record_commit,True,107,107
T7,AR,1813.6,1823.6,acquire,True,108,108
T7,AR,1823.6,1824.4,record_commit,True,108,108
T7,AR,1824.4,1834.4,acquire,True,109,109
T7,AR,1834.4,1835.2,record_commit,True,109,109
T7,AR,1835.2,1845.2,acquire,True,110,110
T7,AR,1845.2,1846.0,record_commit,True,110,110
T7,AR,1846.0,1856.0,acquire,True,111,111
T7,AR,1856.0,1856.8,record_commit,True,111,111
T7,AR,1856.8,1886.8,anchor,True,112,112
T7,AR,1886.8,1896.8,acquire,True,112,112
T7,AR,1896.8,1897.6,record_commit,True,112,112
T7,AR,1897.6,1907.6,acquire,True,113,113
T7,AR,1907.6,1908.4,record_commit,True,113,113
T7,AR,1908.4,1918.4,acquire,True,114,114
T7,AR,1918.4,1919.2,record_commit,True,114,114
T7,AR,1919.2,1929.2,acquire,True,115,115
T7,AR,1929.2,1930.0,record_commit,True,115,115
T7,AR,1930.0,1940.0,acquire,True,116,116
T7,AR,1940.0,1940.8,record_commit,True,116,116
T7,AR,1940.8,1950.8,acquire,True,117,117
T7,AR,1950.8,1951.6,record_commit,True,117,117
T7,AR,1951.6,1961.6,acquire,True,118,118
T7,AR,1961.6,1962.4,record_commit,True,118,118
T7,AR,1962.4,1972.4,acquire,True,119,119
T7,AR,1972.4,1973.2,record_commit,True,119,119
T7,AR,1973.2,1983.2,acquire,True,120,120
T7,AR,1983.2,1984.0,record_commit,True,120,120
T7,AR,1984.0,1994.0,acquire,True,121,121
T7,AR,1994.0,1994.8,record_commit,True,121,121
T7,AR,1994.8,2004.8,acquire,True,122,122
T7,AR,2004.8,2005.6,record_commit,True,122,122
T7,AR,2005.6,2015.6,acquire,True,123,123
T7,AR,2015.6,2016.4,record_commit,True,123,123
T7,AR,2016.4,2026.4,acquire,True,124,124
T7,AR,2026.4,2027.2,record_commit,True,124,124
T7,AR,2027.2,2037.2,acquire,True,125,125
T7,AR,2037.2,2038.0,record_commit,True,125,125
T7,AR,2038.0,2048.0,acquire,True,126,126
T7,AR,2048.0,2048.8,record_commit,True,126,126
T7,AR,2048.8,2058.8,acquire,True,127,127
T7,AR,2058.8,2059.6,record_commit,True,127,127
T7,AR,2059.6,2089.6,anchor,True,128,128
T7,AR,2089.6,2099.6,acquire,True,128,128
T7,AR,2099.6,2100.4,record_commit,True,128,128
T7,AR,2100.4,2110.4,acquire,True,129,129
T7,AR,2110.4,2111.2,record_commit,True,129,129
T7,AR,2111.2,2121.2,acquire,True,130,130
T7,AR,2121.2,2122.0,record_commit,True,130,130
T7,AR,2122.0,2132.0,acquire,True,131,131
T7,AR,2132.0,2132.8,record_commit,True,131,131
T7,AR,2132.8,2142.8,acquire,True,132,132
T7,AR,2142.8,2143.6,record_commit,True,132,132
T7,AR,2143.6,2153.6,acquire,True,133,133
T7,AR,2153.6,2154.4,record_commit,True,133,133
T7,AR,2154.4,2164.4,acquire,True,134,134
T7,AR,2164.4,2165.2,record_commit,True,134,134
T7,AR,2165.2,2175.2,acquire,True,135,135
T7,AR,2175.2,2176.0,record_commit,True,135,135
T7,AR,2176.0,2186.0,acquire,True,136,136
T7,AR,2186.0,2186.8,record_commit,True,136,136
T7,AR,2186.8,2196.8,acquire,True,137,137
T7,AR,2196.8,2197.6,record_commit,True,137,137
T7,AR,2197.6,2207.6,acquire,True,138,138
T7,AR,2207.6,2208.4,record_commit,True,138,138
T7,AR,2208.4,2218.4,acquire,True,139,139
T7,AR,2218.4,2219.2,record_commit,True,139,139
T7,AR,2219.2,2229.2,acquire,True,140,140
T7,AR,2229.2,2230.0,record_commit,True,140,140
T7,AR,2230.0,2240.0,acquire,True,141,141
T7,AR,2240.0,2240.8,record_commit,True,141,141
T7,AR,2240.8,2250.8,acquire,True,142,142
T7,AR,2250.8,2251.6,record_commit,True,142,142
T7,AR,2251.6,2261.6,acquire,True,143,143
T7,AR,2261.6,2262.4,record_commit,True,143,143
T7,AR,2262.4,2292.4,anchor,True,144,144
T7,AR,2292.4,2302.4,acquire,True,144,144
T7,AR,2302.4,2303.2,record_commit,True,144,144
T7,AR,2303.2,2313.2,acquire,True,145,145
T7,AR,2313.2,2314.0,record_commit,True,145,145
T7,AR,2314.0,2324.0,acquire,True,146,146
T7,AR,2324.0,2324.8,record_commit,True,146,146
T7,AR,2324.8,2334.8,acquire,True,147,147
T7,AR,2334.8,2335.6,record_commit,True,147,147
T7,AR,2335.6,2345.6,acquire,True,148,148
T7,AR,2345.6,2346.4,record_commit,True,148,148
T7,AR,2346.4,2356.4,acquire,True,149,149
T7,AR,2356.4,2357.2,record_commit,True,149,149
T7,AR,2357.2,2367.2,acquire,True,150,150
T7,AR,2367.2,2368.0,record_commit,True,150,150
T7,AR,2368.0,2378.0,acquire,True,151,151
T7,AR,2378.0,2378.8,record_commit,True,151,151
T7,AR,2378.8,2388.8,acquire,True,152,152
T7,AR,2388.8,2389.6,record_commit,True,152,152
T7,AR,2389.6,2399.6,acquire,True,153,153
T7,AR,2399.6,2400.4,record_commit,True,153,153
T7,AR,2400.4,2410.4,acquire,True,154,154
T7,AR,2410.4,2411.2,record_commit,True,154,154
T7,AR,2411.2,2421.2,acquire,True,155,155
T7,AR,2421.2,2422.0,record_commit,True,155,155
T7,AR,2422.0,2432.0,acquire,True,156,156
T7,AR,2432.0,2432.8,record_commit,True,156,156
T7,AR,2432.8,2442.8,acquire,True,157,157
T7,AR,2442.8,2443.6,record_commit,True,157,157
T7,AR,2443.6,2453.6,acquire,True,158,158
T7,AR,2453.6,2454.4,record_commit,True,158,158
T7,AR,2454.4,2464.4,acquire,True,159,159
T7,AR,2464.4,2465.2,record_commit,True,159,159
T7,AR,2465.2,2495.2,anchor,True,160,160
T7,AR,2495.2,2505.2,acquire,True,160,160
T7,AR,2505.2,2506.0,record_commit,True,160,160
T7,AR,2506.0,2516.0,acquire,True,161,161
T7,AR,2516.0,2516.8,record_commit,True,161,161
T7,AR,2516.8,2526.8,acquire,True,162,162
T7,AR,2526.8,2527.6,record_commit,True,162,162
T7,AR,2527.6,2537.6,acquire,True,163,163
T7,AR,2537.6,2538.4,record_commit,True,163,163
T7,AR,2538.4,2548.4,acquire,True,164,164
T7,AR,2548.4,2549.2,record_commit,True,164,164
T7,AR,2549.2,2559.2,acquire,True,165,165
T7,AR,2559.2,2560.0,record_commit,True,165,165
T7,AR,2560.0,2570.0,acquire,True,166,166
T7,AR,2570.0,2570.8,record_commit,True,166,166
T7,AR,2570.8,2580.8,acquire,True,167,167
T7,AR,2580.8,2581.6,record_commit,True,167,167
T7,AR,2581.6,2591.6,acquire,True,168,168
T7,AR,2591.6,2592.4,record_commit,True,168,168
T7,AR,2592.4,2602.4,acquire,True,169,169
T7,AR,2602.4,2603.2,record_commit,True,169,169
T7,AR,2603.2,2613.2,acquire,True,170,170
T7,AR,2613.2,2614.0,record_commit,True,170,170
T7,AR,2614.0,2624.0,acquire,True,171,171
T7,AR,2624.0,2624.8,record_commit,True,171,171
T7,AR,2624.8,2634.8,acquire,True,172,172
T7,AR,2634.8,2635.6,record_commit,True,172,172
T7,AR,2635.6,2645.6,acquire,True,173,173
T7,AR,2645.6,2646.4,record_commit,True,173,173
T7,AR,2646.4,2656.4,acquire,True,174,174
T7,AR,2656.4,2657.2,record_commit,True,174,174
T7,AR,2657.2,2667.2,acquire,True,175,175
T7,AR,2667.2,2668.0,record_commit,True,175,175
T7,AR,2668.0,2698.0,anchor,True,176,176
T7,AR,2698.0,2708.0,acquire,True,176,176
T7,AR,2708.0,2708.8,record_commit,True,176,176
T7,AR,2708.8,2718.8,acquire,True,177,177
T7,AR,2718.8,2719.6,record_commit,True,177,177
T7,AR,2719.6,2729.6,acquire,True,178,178
T7,AR,2729.6,2730.4,record_commit,True,178,178
T7,AR,2730.4,2740.4,acquire,True,179,179
T7,AR,2740.4,2741.2,record_commit,True,179,179
T7,AR,2741.2,2751.2,acquire,True,180,180
T7,AR,2751.2,2752.0,record_commit,True,180,180
T7,AR,2752.0,2762.0,acquire,True,181,181
T7,AR,2762.0,2762.8,record_commit,True,181,181
T7,AR,2762.8,2772.8,acquire,True,182,182
T7,AR,2772.8,2773.6,record_commit,True,182,182
T7,AR,2773.6,2783.6,acquire,True,183,183
T7,AR,2783.6,2784.4,record_commit,True,183,183
T7,AR,2784.4,2794.4,acquire,True,184,184
T7,AR,2794.4,2795.2,record_commit,True,184,184
T7,AR,2795.2,2805.2,acquire,True,185,185
T7,AR,2805.2,2806.0,record_commit,True,185,185
T7,AR,2806.0,2816.0,acquire,True,186,186
T7,AR,2816.0,2816.8,record_commit,True,186,186
T7,AR,2816.8,2826.8,acquire,True,187,187
T7,AR,2826.8,2827.6,record_commit,True,187,187
T7,AR,2827.6,2837.6,acquire,True,188,188
T7,AR,2837.6,2838.4,record_commit,True,188,188
T7,AR,2838.4,2848.4,acquire,True,189,189
T7,AR,2848.4,2849.2,record_commit,True,189,189
T7,AR,2849.2,2859.2,acquire,True,190,190
T7,AR,2859.2,2860.0,record_commit,True,190,190
T7,AR,2860.0,2870.0,acquire,True,191,191
T7,AR,2870.0,2870.8,record_commit,True,191,191
T7,BS,0.0,120.0,home,True,,0
T7,BS,120.0,150.0,anchor,True,0,0
T7,BS,150.0,160.0,acquire,True,0,0
T7,BS,160.0,170.0,acquire,True,1,0
T7,BS,170.0,180.0,acquire,True,2,0
T7,BS,180.0,190.0,acquire,True,3,0
T7,BS,190.0,192.0,block_seal,True,0,0
T7,BS,192.0,202.0,acquire,True,4,4
T7,BS,202.0,212.0,acquire,True,5,4
T7,BS,212.0,222.0,acquire,True,6,4
T7,BS,222.0,232.0,acquire,True,7,4
T7,BS,232.0,234.0,block_seal,True,4,4
T7,BS,234.0,244.0,acquire,True,8,8
T7,BS,244.0,254.0,acquire,True,9,8
T7,BS,254.0,264.0,acquire,True,10,8
T7,BS,264.0,274.0,acquire,True,11,8
T7,BS,274.0,276.0,block_seal,True,8,8
T7,BS,276.0,286.0,acquire,True,12,12
T7,BS,286.0,296.0,acquire,True,13,12
T7,BS,296.0,306.0,acquire,True,14,12
T7,BS,306.0,316.0,acquire,True,15,12
T7,BS,316.0,318.0,block_seal,True,12,12
T7,BS,318.0,319.0,row_checkpoint,True,,16
T7,BS,319.0,349.0,anchor,True,16,16
T7,BS,349.0,359.0,acquire,True,16,16
T7,BS,359.0,369.0,acquire,True,17,16
T7,BS,369.0,379.0,acquire,True,18,16
T7,BS,379.0,389.0,acquire,True,19,16
T7,BS,389.0,391.0,block_seal,True,16,16
T7,BS,391.0,401.0,acquire,True,20,20
T7,BS,401.0,411.0,acquire,True,21,20
T7,BS,411.0,421.0,acquire,True,22,20
T7,BS,421.0,431.0,acquire,True,23,20
T7,BS,431.0,433.0,block_seal,True,20,20
T7,BS,433.0,443.0,acquire,True,24,24
T7,BS,443.0,453.0,acquire,True,25,24
T7,BS,453.0,463.0,acquire,True,26,24
T7,BS,463.0,473.0,acquire,True,27,24
T7,BS,473.0,475.0,block_seal,True,24,24
T7,BS,475.0,485.0,acquire,True,28,28
T7,BS,485.0,495.0,acquire,True,29,28
T7,BS,495.0,505.0,acquire,True,30,28
T7,BS,505.0,515.0,acquire,True,31,28
T7,BS,515.0,517.0,block_seal,True,28,28
T7,BS,517.0,518.0,row_checkpoint,True,,32
T7,BS,518.0,548.0,anchor,True,32,32
T7,BS,548.0,558.0,acquire,True,32,32
T7,BS,558.0,568.0,acquire,True,33,32
T7,BS,568.0,578.0,acquire,True,34,32
T7,BS,578.0,588.0,acquire,True,35,32
T7,BS,588.0,590.0,block_seal,True,32,32
T7,BS,590.0,600.0,acquire,False,36,36
T7,BS,600.0,720.0,home,True,,36
T7,BS,720.0,726.0,lookup,True,,36
T7,BS,726.0,756.0,anchor,True,36,36
T7,BS,756.0,766.0,acquire,True,36,36
T7,BS,766.0,776.0,acquire,True,37,36
T7,BS,776.0,786.0,acquire,True,38,36
T7,BS,786.0,796.0,acquire,True,39,36
T7,BS,796.0,798.0,block_seal,True,36,36
T7,BS,798.0,808.0,acquire,True,40,40
T7,BS,808.0,818.0,acquire,True,41,40
T7,BS,818.0,828.0,acquire,True,42,40
T7,BS,828.0,838.0,acquire,True,43,40
T7,BS,838.0,840.0,block_seal,True,40,40
T7,BS,840.0,850.0,acquire,True,44,44
T7,BS,850.0,860.0,acquire,True,45,44
T7,BS,860.0,870.0,acquire,True,46,44
T7,BS,870.0,880.0,acquire,True,47,44
T7,BS,880.0,882.0,block_seal,True,44,44
T7,BS,882.0,883.0,row_checkpoint,True,,48
T7,BS,883.0,913.0,anchor,True,48,48
T7,BS,913.0,923.0,acquire,True,48,48
T7,BS,923.0,933.0,acquire,True,49,48
T7,BS,933.0,943.0,acquire,True,50,48
T7,BS,943.0,953.0,acquire,True,51,48
T7,BS,953.0,955.0,block_seal,True,48,48
T7,BS,955.0,965.0,acquire,True,52,52
T7,BS,965.0,975.0,acquire,True,53,52
T7,BS,975.0,985.0,acquire,True,54,52
T7,BS,985.0,995.0,acquire,True,55,52
T7,BS,995.0,997.0,block_seal,True,52,52
T7,BS,997.0,1007.0,acquire,True,56,56
T7,BS,1007.0,1017.0,acquire,True,57,56
T7,BS,1017.0,1027.0,acquire,True,58,56
T7,BS,1027.0,1037.0,acquire,True,59,56
T7,BS,1037.0,1039.0,block_seal,True,56,56
T7,BS,1039.0,1049.0,acquire,True,60,60
T7,BS,1049.0,1059.0,acquire,True,61,60
T7,BS,1059.0,1069.0,acquire,True,62,60
T7,BS,1069.0,1079.0,acquire,True,63,60
T7,BS,1079.0,1081.0,block_seal,True,60,60
T7,BS,1081.0,1082.0,row_checkpoint,True,,64
T7,BS,1082.0,1112.0,anchor,True,64,64
T7,BS,1112.0,1122.0,acquire,True,64,64
T7,BS,1122.0,1132.0,acquire,True,65,64
T7,BS,1132.0,1142.0,acquire,True,66,64
T7,BS,1142.0,1152.0,acquire,True,67,64
T7,BS,1152.0,1154.0,block_seal,True,64,64
T7,BS,1154.0,1164.0,acquire,True,68,68
T7,BS,1164.0,1174.0,acquire,True,69,68
T7,BS,1174.0,1184.0,acquire,True,70,68
T7,BS,1184.0,1194.0,acquire,True,71,68
T7,BS,1194.0,1196.0,block_seal,True,68,68
T7,BS,1196.0,1200.0,acquire,False,72,72
T7,BS,1200.0,1320.0,home,True,,72
T7,BS,1320.0,1326.0,lookup,True,,72
T7,BS,1326.0,1356.0,anchor,True,72,72
T7,BS,1356.0,1366.0,acquire,True,72,72
T7,BS,1366.0,1376.0,acquire,True,73,72
T7,BS,1376.0,1386.0,acquire,True,74,72
T7,BS,1386.0,1396.0,acquire,True,75,72
T7,BS,1396.0,1398.0,block_seal,True,72,72
T7,BS,1398.0,1408.0,acquire,True,76,76
T7,BS,1408.0,1418.0,acquire,True,77,76
T7,BS,1418.0,1428.0,acquire,True,78,76
T7,BS,1428.0,1438.0,acquire,True,79,76
T7,BS,1438.0,1440.0,block_seal,True,76,76
T7,BS,1440.0,1441.0,row_checkpoint,True,,80
T7,BS,1441.0,1471.0,anchor,True,80,80
T7,BS,1471.0,1481.0,acquire,True,80,80
T7,BS,1481.0,1491.0,acquire,True,81,80
T7,BS,1491.0,1501.0,acquire,True,82,80
T7,BS,1501.0,1511.0,acquire,True,83,80
T7,BS,1511.0,1513.0,block_seal,True,80,80
T7,BS,1513.0,1523.0,acquire,True,84,84
T7,BS,1523.0,1533.0,acquire,True,85,84
T7,BS,1533.0,1543.0,acquire,True,86,84
T7,BS,1543.0,1553.0,acquire,True,87,84
T7,BS,1553.0,1555.0,block_seal,True,84,84
T7,BS,1555.0,1565.0,acquire,True,88,88
T7,BS,1565.0,1575.0,acquire,True,89,88
T7,BS,1575.0,1585.0,acquire,True,90,88
T7,BS,1585.0,1595.0,acquire,True,91,88
T7,BS,1595.0,1597.0,block_seal,True,88,88
T7,BS,1597.0,1607.0,acquire,True,92,92
T7,BS,1607.0,1617.0,acquire,True,93,92
T7,BS,1617.0,1627.0,acquire,True,94,92
T7,BS,1627.0,1637.0,acquire,True,95,92
T7,BS,1637.0,1639.0,block_seal,True,92,92
T7,BS,1639.0,1640.0,row_checkpoint,True,,96
T7,BS,1640.0,1670.0,anchor,True,96,96
T7,BS,1670.0,1680.0,acquire,True,96,96
T7,BS,1680.0,1690.0,acquire,True,97,96
T7,BS,1690.0,1700.0,acquire,True,98,96
T7,BS,1700.0,1710.0,acquire,True,99,96
T7,BS,1710.0,1712.0,block_seal,True,96,96
T7,BS,1712.0,1722.0,acquire,True,100,100
T7,BS,1722.0,1732.0,acquire,True,101,100
T7,BS,1732.0,1742.0,acquire,True,102,100
T7,BS,1742.0,1752.0,acquire,True,103,100
T7,BS,1752.0,1754.0,block_seal,True,100,100
T7,BS,1754.0,1764.0,acquire,True,104,104
T7,BS,1764.0,1774.0,acquire,True,105,104
T7,BS,1774.0,1784.0,acquire,True,106,104
T7,BS,1784.0,1794.0,acquire,True,107,104
T7,BS,1794.0,1796.0,block_seal,True,104,104
T7,BS,1796.0,1806.0,acquire,True,108,108
T7,BS,1806.0,1816.0,acquire,True,109,108
T7,BS,1816.0,1826.0,acquire,True,110,108
T7,BS,1826.0,1836.0,acquire,True,111,108
T7,BS,1836.0,1838.0,block_seal,True,108,108
T7,BS,1838.0,1839.0,row_checkpoint,True,,112
T7,BS,1839.0,1869.0,anchor,True,112,112
T7,BS,1869.0,1879.0,acquire,True,112,112
T7,BS,1879.0,1889.0,acquire,True,113,112
T7,BS,1889.0,1899.0,acquire,True,114,112
T7,BS,1899.0,1909.0,acquire,True,115,112
T7,BS,1909.0,1911.0,block_seal,True,112,112
T7,BS,1911.0,1921.0,acquire,True,116,116
T7,BS,1921.0,1931.0,acquire,True,117,116
T7,BS,1931.0,1941.0,acquire,True,118,116
T7,BS,1941.0,1951.0,acquire,True,119,116
T7,BS,1951.0,1953.0,block_seal,True,116,116
T7,BS,1953.0,1963.0,acquire,True,120,120
T7,BS,1963.0,1973.0,acquire,True,121,120
T7,BS,1973.0,1983.0,acquire,True,122,120
T7,BS,1983.0,1993.0,acquire,True,123,120
T7,BS,1993.0,1995.0,block_seal,True,120,120
T7,BS,1995.0,2005.0,acquire,True,124,124
T7,BS,2005.0,2015.0,acquire,True,125,124
T7,BS,2015.0,2025.0,acquire,True,126,124
T7,BS,2025.0,2035.0,acquire,True,127,124
T7,BS,2035.0,2037.0,block_seal,True,124,124
T7,BS,2037.0,2038.0,row_checkpoint,True,,128
T7,BS,2038.0,2068.0,anchor,True,128,128
T7,BS,2068.0,2078.0,acquire,True,128,128
T7,BS,2078.0,2088.0,acquire,True,129,128
T7,BS,2088.0,2098.0,acquire,True,130,128
T7,BS,2098.0,2108.0,acquire,True,131,128
T7,BS,2108.0,2110.0,block_seal,True,128,128
T7,BS,2110.0,2120.0,acquire,True,132,132
T7,BS,2120.0,2130.0,acquire,True,133,132
T7,BS,2130.0,2140.0,acquire,True,134,132
T7,BS,2140.0,2150.0,acquire,True,135,132
T7,BS,2150.0,2152.0,block_seal,True,132,132
T7,BS,2152.0,2162.0,acquire,True,136,136
T7,BS,2162.0,2172.0,acquire,True,137,136
T7,BS,2172.0,2182.0,acquire,True,138,136
T7,BS,2182.0,2192.0,acquire,True,139,136
T7,BS,2192.0,2194.0,block_seal,True,136,136
T7,BS,2194.0,2204.0,acquire,True,140,140
T7,BS,2204.0,2214.0,acquire,True,141,140
T7,BS,2214.0,2224.0,acquire,True,142,140
T7,BS,2224.0,2234.0,acquire,True,143,140
T7,BS,2234.0,2236.0,block_seal,True,140,140
T7,BS,2236.0,2237.0,row_checkpoint,True,,144
T7,BS,2237.0,2267.0,anchor,True,144,144
T7,BS,2267.0,2277.0,acquire,True,144,144
T7,BS,2277.0,2287.0,acquire,True,145,144
T7,BS,2287.0,2297.0,acquire,True,146,144
T7,BS,2297.0,2307.0,acquire,True,147,144
T7,BS,2307.0,2309.0,block_seal,True,144,144
T7,BS,2309.0,2319.0,acquire,True,148,148
T7,BS,2319.0,2329.0,acquire,True,149,148
T7,BS,2329.0,2339.0,acquire,True,150,148
T7,BS,2339.0,2349.0,acquire,True,151,148
T7,BS,2349.0,2351.0,block_seal,True,148,148
T7,BS,2351.0,2361.0,acquire,True,152,152
T7,BS,2361.0,2371.0,acquire,True,153,152
T7,BS,2371.0,2381.0,acquire,True,154,152
T7,BS,2381.0,2391.0,acquire,True,155,152
T7,BS,2391.0,2393.0,block_seal,True,152,152
T7,BS,2393.0,2403.0,acquire,True,156,156
T7,BS,2403.0,2413.0,acquire,True,157,156
T7,BS,2413.0,2423.0,acquire,True,158,156
T7,BS,2423.0,2433.0,acquire,True,159,156
T7,BS,2433.0,2435.0,block_seal,True,156,156
T7,BS,2435.0,2436.0,row_checkpoint,True,,160
T7,BS,2436.0,2466.0,anchor,True,160,160
T7,BS,2466.0,2476.0,acquire,True,160,160
T7,BS,2476.0,2486.0,acquire,True,161,160
T7,BS,2486.0,2496.0,acquire,True,162,160
T7,BS,2496.0,2506.0,acquire,True,163,160
T7,BS,2506.0,2508.0,block_seal,True,160,160
T7,BS,2508.0,2518.0,acquire,True,164,164
T7,BS,2518.0,2528.0,acquire,True,165,164
T7,BS,2528.0,2538.0,acquire,True,166,164
T7,BS,2538.0,2548.0,acquire,True,167,164
T7,BS,2548.0,2550.0,block_seal,True,164,164
T7,BS,2550.0,2560.0,acquire,True,168,168
T7,BS,2560.0,2570.0,acquire,True,169,168
T7,BS,2570.0,2580.0,acquire,True,170,168
T7,BS,2580.0,2590.0,acquire,True,171,168
T7,BS,2590.0,2592.0,block_seal,True,168,168
T7,BS,2592.0,2602.0,acquire,True,172,172
T7,BS,2602.0,2612.0,acquire,True,173,172
T7,BS,2612.0,2622.0,acquire,True,174,172
T7,BS,2622.0,2632.0,acquire,True,175,172
T7,BS,2632.0,2634.0,block_seal,True,172,172
T7,BS,2634.0,2635.0,row_checkpoint,True,,176
T7,BS,2635.0,2665.0,anchor,True,176,176
T7,BS,2665.0,2675.0,acquire,True,176,176
T7,BS,2675.0,2685.0,acquire,True,177,176
T7,BS,2685.0,2695.0,acquire,True,178,176
T7,BS,2695.0,2705.0,acquire,True,179,176
T7,BS,2705.0,2707.0,block_seal,True,176,176
T7,BS,2707.0,2717.0,acquire,True,180,180
T7,BS,2717.0,2727.0,acquire,True,181,180
T7,BS,2727.0,2737.0,acquire,True,182,180
T7,BS,2737.0,2747.0,acquire,True,183,180
T7,BS,2747.0,2749.0,block_seal,True,180,180
T7,BS,2749.0,2759.0,acquire,True,184,184
T7,BS,2759.0,2769.0,acquire,True,185,184
T7,BS,2769.0,2779.0,acquire,True,186,184
T7,BS,2779.0,2789.0,acquire,True,187,184
T7,BS,2789.0,2791.0,block_seal,True,184,184
T7,BS,2791.0,2801.0,acquire,True,188,188
T7,BS,2801.0,2811.0,acquire,True,189,188
T7,BS,2811.0,2821.0,acquire,True,190,188
T7,BS,2821.0,2831.0,acquire,True,191,188
T7,BS,2831.0,2833.0,block_seal,True,188,188
T7,BS,2833.0,2834.0,row_checkpoint,True,,192
T8,RC,0.0,120.0,home,True,,0
T8,RC,120.0,150.0,anchor,True,0,0
T8,RC,150.0,160.0,acquire,True,0,0
T8,RC,160.0,170.0,acquire,True,1,0
T8,RC,170.0,180.0,acquire,True,2,0
T8,RC,180.0,190.0,acquire,True,3,0
T8,RC,190.0,200.0,acquire,True,4,0
T8,RC,200.0,210.0,acquire,True,5,0
T8,RC,210.0,220.0,acquire,True,6,0
T8,RC,220.0,230.0,acquire,True,7,0
T8,RC,230.0,240.0,acquire,True,8,0
T8,RC,240.0,250.0,acquire,True,9,0
T8,RC,250.0,260.0,acquire,True,10,0
T8,RC,260.0,270.0,acquire,True,11,0
T8,RC,270.0,280.0,acquire,True,12,0
T8,RC,280.0,290.0,acquire,True,13,0
T8,RC,290.0,300.0,acquire,True,14,0
T8,RC,300.0,310.0,acquire,True,15,0
T8,RC,310.0,314.0,row_commit,True,0,0
T8,RC,314.0,344.0,anchor,True,16,16
T8,RC,344.0,354.0,acquire,True,16,16
T8,RC,354.0,364.0,acquire,True,17,16
T8,RC,364.0,374.0,acquire,True,18,16
T8,RC,374.0,384.0,acquire,True,19,16
T8,RC,384.0,394.0,acquire,True,20,16
T8,RC,394.0,404.0,acquire,True,21,16
T8,RC,404.0,414.0,acquire,True,22,16
T8,RC,414.0,424.0,acquire,True,23,16
T8,RC,424.0,434.0,acquire,True,24,16
T8,RC,434.0,444.0,acquire,True,25,16
T8,RC,444.0,454.0,acquire,True,26,16
T8,RC,454.0,464.0,acquire,True,27,16
T8,RC,464.0,474.0,acquire,True,28,16
T8,RC,474.0,484.0,acquire,True,29,16
T8,RC,484.0,494.0,acquire,True,30,16
T8,RC,494.0,504.0,acquire,True,31,16
T8,RC,504.0,508.0,row_commit,True,16,16
T8,RC,508.0,538.0,anchor,True,32,32
T8,RC,538.0,548.0,acquire,True,32,32
T8,RC,548.0,558.0,acquire,True,33,32
T8,RC,558.0,568.0,acquire,True,34,32
T8,RC,568.0,578.0,acquire,True,35,32
T8,RC,578.0,588.0,acquire,True,36,32
T8,RC,588.0,598.0,acquire,True,37,32
T8,RC,598.0,608.0,acquire,True,38,32
T8,RC,608.0,618.0,acquire,True,39,32
T8,RC,618.0,628.0,acquire,True,40,32
T8,RC,628.0,638.0,acquire,True,41,32
T8,RC,638.0,648.0,acquire,True,42,32
T8,RC,648.0,658.0,acquire,True,43,32
T8,RC,658.0,668.0,acquire,True,44,32
T8,RC,668.0,678.0,acquire,True,45,32
T8,RC,678.0,688.0,acquire,True,46,32
T8,RC,688.0,698.0,acquire,True,47,32
T8,RC,698.0,700.0,row_commit,False,32,32
T8,RC,700.0,820.0,home,True,,32
T8,RC,820.0,821.0,lookup,True,,32
T8,RC,821.0,851.0,anchor,True,32,32
T8,RC,851.0,861.0,acquire,True,32,32
T8,RC,861.0,871.0,acquire,True,33,32
T8,RC,871.0,881.0,acquire,True,34,32
T8,RC,881.0,891.0,acquire,True,35,32
T8,RC,891.0,901.0,acquire,True,36,32
T8,RC,901.0,911.0,acquire,True,37,32
T8,RC,911.0,921.0,acquire,True,38,32
T8,RC,921.0,931.0,acquire,True,39,32
T8,RC,931.0,941.0,acquire,True,40,32
T8,RC,941.0,951.0,acquire,True,41,32
T8,RC,951.0,961.0,acquire,True,42,32
T8,RC,961.0,971.0,acquire,True,43,32
T8,RC,971.0,981.0,acquire,True,44,32
T8,RC,981.0,991.0,acquire,True,45,32
T8,RC,991.0,1001.0,acquire,True,46,32
T8,RC,1001.0,1011.0,acquire,True,47,32
T8,RC,1011.0,1015.0,row_commit,True,32,32
T8,RC,1015.0,1045.0,anchor,True,48,48
T8,RC,1045.0,1055.0,acquire,True,48,48
T8,RC,1055.0,1065.0,acquire,True,49,48
T8,RC,1065.0,1075.0,acquire,True,50,48
T8,RC,1075.0,1085.0,acquire,True,51,48
T8,RC,1085.0,1095.0,acquire,True,52,48
T8,RC,1095.0,1105.0,acquire,True,53,48
T8,RC,1105.0,1115.0,acquire,True,54,48
T8,RC,1115.0,1125.0,acquire,True,55,48
T8,RC,1125.0,1135.0,acquire,True,56,48
T8,RC,1135.0,1145.0,acquire,True,57,48
T8,RC,1145.0,1155.0,acquire,True,58,48
T8,RC,1155.0,1165.0,acquire,True,59,48
T8,RC,1165.0,1175.0,acquire,True,60,48
T8,RC,1175.0,1185.0,acquire,True,61,48
T8,RC,1185.0,1195.0,acquire,True,62,48
T8,RC,1195.0,1205.0,acquire,True,63,48
T8,RC,1205.0,1209.0,row_commit,True,48,48
T8,RC,1209.0,1239.0,anchor,True,64,64
T8,RC,1239.0,1249.0,acquire,True,64,64
T8,RC,1249.0,1259.0,acquire,True,65,64
T8,RC,1259.0,1269.0,acquire,True,66,64
T8,RC,1269.0,1279.0,acquire,True,67,64
T8,RC,1279.0,1289.0,acquire,True,68,64
T8,RC,1289.0,1299.0,acquire,True,69,64
T8,RC,1299.0,1309.0,acquire,True,70,64
T8,RC,1309.0,1319.0,acquire,True,71,64
T8,RC,1319.0,1329.0,acquire,True,72,64
T8,RC,1329.0,1339.0,acquire,True,73,64
T8,RC,1339.0,1349.0,acquire,True,74,64
T8,RC,1349.0,1359.0,acquire,True,75,64
T8,RC,1359.0,1369.0,acquire,True,76,64
T8,RC,1369.0,1379.0,acquire,True,77,64
T8,RC,1379.0,1389.0,acquire,True,78,64
T8,RC,1389.0,1399.0,acquire,True,79,64
T8,RC,1399.0,1400.0,row_commit,False,64,64
T8,RC,1400.0,1520.0,home,True,,64
T8,RC,1520.0,1521.0,lookup,True,,64
T8,RC,1521.0,1551.0,anchor,True,64,64
T8,RC,1551.0,1561.0,acquire,True,64,64
T8,RC,1561.0,1571.0,acquire,True,65,64
T8,RC,1571.0,1581.0,acquire,True,66,64
T8,RC,1581.0,1591.0,acquire,True,67,64
T8,RC,1591.0,1601.0,acquire,True,68,64
T8,RC,1601.0,1611.0,acquire,True,69,64
T8,RC,1611.0,1621.0,acquire,True,70,64
T8,RC,1621.0,1631.0,acquire,True,71,64
T8,RC,1631.0,1641.0,acquire,True,72,64
T8,RC,1641.0,1651.0,acquire,True,73,64
T8,RC,1651.0,1661.0,acquire,True,74,64
T8,RC,1661.0,1671.0,acquire,True,75,64
T8,RC,1671.0,1681.0,acquire,True,76,64
T8,RC,1681.0,1691.0,acquire,True,77,64
T8,RC,1691.0,1701.0,acquire,True,78,64
T8,RC,1701.0,1711.0,acquire,True,79,64
T8,RC,1711.0,1715.0,row_commit,True,64,64
T8,RC,1715.0,1745.0,anchor,True,80,80
T8,RC,1745.0,1755.0,acquire,True,80,80
T8,RC,1755.0,1765.0,acquire,True,81,80
T8,RC,1765.0,1775.0,acquire,True,82,80
T8,RC,1775.0,1785.0,acquire,True,83,80
T8,RC,1785.0,1795.0,acquire,True,84,80
T8,RC,1795.0,1805.0,acquire,True,85,80
T8,RC,1805.0,1815.0,acquire,True,86,80
T8,RC,1815.0,1825.0,acquire,True,87,80
T8,RC,1825.0,1835.0,acquire,True,88,80
T8,RC,1835.0,1845.0,acquire,True,89,80
T8,RC,1845.0,1855.0,acquire,True,90,80
T8,RC,1855.0,1865.0,acquire,True,91,80
T8,RC,1865.0,1875.0,acquire,True,92,80
T8,RC,1875.0,1885.0,acquire,True,93,80
T8,RC,1885.0,1895.0,acquire,True,94,80
T8,RC,1895.0,1905.0,acquire,True,95,80
T8,RC,1905.0,1909.0,row_commit,True,80,80
T8,RC,1909.0,1939.0,anchor,True,96,96
T8,RC,1939.0,1949.0,acquire,True,96,96
T8,RC,1949.0,1959.0,acquire,True,97,96
T8,RC,1959.0,1969.0,acquire,True,98,96
T8,RC,1969.0,1979.0,acquire,True,99,96
T8,RC,1979.0,1989.0,acquire,True,100,96
T8,RC,1989.0,1999.0,acquire,True,101,96
T8,RC,1999.0,2009.0,acquire,True,102,96
T8,RC,2009.0,2019.0,acquire,True,103,96
T8,RC,2019.0,2029.0,acquire,True,104,96
T8,RC,2029.0,2039.0,acquire,True,105,96
T8,RC,2039.0,2049.0,acquire,True,106,96
T8,RC,2049.0,2059.0,acquire,True,107,96
T8,RC,2059.0,2069.0,acquire,True,108,96
T8,RC,2069.0,2079.0,acquire,True,109,96
T8,RC,2079.0,2089.0,acquire,True,110,96
T8,RC,2089.0,2099.0,acquire,True,111,96
T8,RC,2099.0,2103.0,row_commit,True,96,96
T8,RC,2103.0,2133.0,anchor,True,112,112
T8,RC,2133.0,2143.0,acquire,True,112,112
T8,RC,2143.0,2153.0,acquire,True,113,112
T8,RC,2153.0,2163.0,acquire,True,114,112
T8,RC,2163.0,2173.0,acquire,True,115,112
T8,RC,2173.0,2183.0,acquire,True,116,112
T8,RC,2183.0,2193.0,acquire,True,117,112
T8,RC,2193.0,2203.0,acquire,True,118,112
T8,RC,2203.0,2213.0,acquire,True,119,112
T8,RC,2213.0,2223.0,acquire,True,120,112
T8,RC,2223.0,2233.0,acquire,True,121,112
T8,RC,2233.0,2243.0,acquire,True,122,112
T8,RC,2243.0,2253.0,acquire,True,123,112
T8,RC,2253.0,2263.0,acquire,True,124,112
T8,RC,2263.0,2273.0,acquire,True,125,112
T8,RC,2273.0,2283.0,acquire,True,126,112
T8,RC,2283.0,2293.0,acquire,True,127,112
T8,RC,2293.0,2297.0,row_commit,True,112,112
T8,RC,2297.0,2327.0,anchor,True,128,128
T8,RC,2327.0,2337.0,acquire,True,128,128
T8,RC,2337.0,2347.0,acquire,True,129,128
T8,RC,2347.0,2357.0,acquire,True,130,128
T8,RC,2357.0,2367.0,acquire,True,131,128
T8,RC,2367.0,2377.0,acquire,True,132,128
T8,RC,2377.0,2387.0,acquire,True,133,128
T8,RC,2387.0,2397.0,acquire,True,134,128
T8,RC,2397.0,2407.0,acquire,True,135,128
T8,RC,2407.0,2417.0,acquire,True,136,128
T8,RC,2417.0,2427.0,acquire,True,137,128
T8,RC,2427.0,2437.0,acquire,True,138,128
T8,RC,2437.0,2447.0,acquire,True,139,128
T8,RC,2447.0,2457.0,acquire,True,140,128
T8,RC,2457.0,2467.0,acquire,True,141,128
T8,RC,2467.0,2477.0,acquire,True,142,128
T8,RC,2477.0,2487.0,acquire,True,143,128
T8,RC,2487.0,2491.0,row_commit,True,128,128
T8,RC,2491.0,2521.0,anchor,True,144,144
T8,RC,2521.0,2531.0,acquire,True,144,144
T8,RC,2531.0,2541.0,acquire,True,145,144
T8,RC,2541.0,2551.0,acquire,True,146,144
T8,RC,2551.0,2561.0,acquire,True,147,144
T8,RC,2561.0,2571.0,acquire,True,148,144
T8,RC,2571.0,2581.0,acquire,True,149,144
T8,RC,2581.0,2591.0,acquire,True,150,144
T8,RC,2591.0,2601.0,acquire,True,151,144
T8,RC,2601.0,2611.0,acquire,True,152,144
T8,RC,2611.0,2621.0,acquire,True,153,144
T8,RC,2621.0,2631.0,acquire,True,154,144
T8,RC,2631.0,2641.0,acquire,True,155,144
T8,RC,2641.0,2651.0,acquire,True,156,144
T8,RC,2651.0,2661.0,acquire,True,157,144
T8,RC,2661.0,2671.0,acquire,True,158,144
T8,RC,2671.0,2681.0,acquire,True,159,144
T8,RC,2681.0,2685.0,row_commit,True,144,144
T8,RC,2685.0,2715.0,anchor,True,160,160
T8,RC,2715.0,2725.0,acquire,True,160,160
T8,RC,2725.0,2735.0,acquire,True,161,160
T8,RC,2735.0,2745.0,acquire,True,162,160
T8,RC,2745.0,2755.0,acquire,True,163,160
T8,RC,2755.0,2765.0,acquire,True,164,160
T8,RC,2765.0,2775.0,acquire,True,165,160
T8,RC,2775.0,2785.0,acquire,True,166,160
T8,RC,2785.0,2795.0,acquire,True,167,160
T8,RC,2795.0,2805.0,acquire,True,168,160
T8,RC,2805.0,2815.0,acquire,True,169,160
T8,RC,2815.0,2825.0,acquire,True,170,160
T8,RC,2825.0,2835.0,acquire,True,171,160
T8,RC,2835.0,2845.0,acquire,True,172,160
T8,RC,2845.0,2855.0,acquire,True,173,160
T8,RC,2855.0,2865.0,acquire,True,174,160
T8,RC,2865.0,2875.0,acquire,True,175,160
T8,RC,2875.0,2879.0,row_commit,True,160,160
T8,RC,2879.0,2909.0,anchor,True,176,176
T8,RC,2909.0,2919.0,acquire,True,176,176
T8,RC,2919.0,2929.0,acquire,True,177,176
T8,RC,2929.0,2939.0,acquire,True,178,176
T8,RC,2939.0,2949.0,acquire,True,179,176
T8,RC,2949.0,2959.0,acquire,True,180,176
T8,RC,2959.0,2969.0,acquire,True,181,176
T8,RC,2969.0,2979.0,acquire,True,182,176
T8,RC,2979.0,2989.0,acquire,True,183,176
T8,RC,2989.0,2999.0,acquire,True,184,176
T8,RC,2999.0,3009.0,acquire,True,185,176
T8,RC,3009.0,3019.0,acquire,True,186,176
T8,RC,3019.0,3029.0,acquire,True,187,176
T8,RC,3029.0,3039.0,acquire,True,188,176
T8,RC,3039.0,3049.0,acquire,True,189,176
T8,RC,3049.0,3059.0,acquire,True,190,176
T8,RC,3059.0,3069.0,acquire,True,191,176
T8,RC,3069.0,3073.0,row_commit,True,176,176
T8,AR,0.0,120.0,home,True,,0
T8,AR,120.0,150.0,anchor,True,0,0
T8,AR,150.0,160.0,acquire,True,0,0
T8,AR,160.0,160.8,record_commit,True,0,0
T8,AR,160.8,170.8,acquire,True,1,1
T8,AR,170.8,171.6,record_commit,True,1,1
T8,AR,171.6,181.6,acquire,True,2,2
T8,AR,181.6,182.4,record_commit,True,2,2
T8,AR,182.4,192.4,acquire,True,3,3
T8,AR,192.4,193.2,record_commit,True,3,3
T8,AR,193.2,203.2,acquire,True,4,4
T8,AR,203.2,204.0,record_commit,True,4,4
T8,AR,204.0,214.0,acquire,True,5,5
T8,AR,214.0,214.8,record_commit,True,5,5
T8,AR,214.8,224.8,acquire,True,6,6
T8,AR,224.8,225.6,record_commit,True,6,6
T8,AR,225.6,235.6,acquire,True,7,7
T8,AR,235.6,236.4,record_commit,True,7,7
T8,AR,236.4,246.4,acquire,True,8,8
T8,AR,246.4,247.2,record_commit,True,8,8
T8,AR,247.2,257.2,acquire,True,9,9
T8,AR,257.2,258.0,record_commit,True,9,9
T8,AR,258.0,268.0,acquire,True,10,10
T8,AR,268.0,268.8,record_commit,True,10,10
T8,AR,268.8,278.8,acquire,True,11,11
T8,AR,278.8,279.6,record_commit,True,11,11
T8,AR,279.6,289.6,acquire,True,12,12
T8,AR,289.6,290.4,record_commit,True,12,12
T8,AR,290.4,300.4,acquire,True,13,13
T8,AR,300.4,301.2,record_commit,True,13,13
T8,AR,301.2,311.2,acquire,True,14,14
T8,AR,311.2,312.0,record_commit,True,14,14
T8,AR,312.0,322.0,acquire,True,15,15
T8,AR,322.0,322.8,record_commit,True,15,15
T8,AR,322.8,352.8,anchor,True,16,16
T8,AR,352.8,362.8,acquire,True,16,16
T8,AR,362.8,363.6,record_commit,True,16,16
T8,AR,363.6,373.6,acquire,True,17,17
T8,AR,373.6,374.4,record_commit,True,17,17
T8,AR,374.4,384.4,acquire,True,18,18
T8,AR,384.4,385.2,record_commit,True,18,18
T8,AR,385.2,395.2,acquire,True,19,19
T8,AR,395.2,396.0,record_commit,True,19,19
T8,AR,396.0,406.0,acquire,True,20,20
T8,AR,406.0,406.8,record_commit,True,20,20
T8,AR,406.8,416.8,acquire,True,21,21
T8,AR,416.8,417.6,record_commit,True,21,21
T8,AR,417.6,427.6,acquire,True,22,22
T8,AR,427.6,428.4,record_commit,True,22,22
T8,AR,428.4,438.4,acquire,True,23,23
T8,AR,438.4,439.2,record_commit,True,23,23
T8,AR,439.2,449.2,acquire,True,24,24
T8,AR,449.2,450.0,record_commit,True,24,24
T8,AR,450.0,460.0,acquire,True,25,25
T8,AR,460.0,460.8,record_commit,True,25,25
T8,AR,460.8,470.8,acquire,True,26,26
T8,AR,470.8,471.6,record_commit,True,26,26
T8,AR,471.6,481.6,acquire,True,27,27
T8,AR,481.6,482.4,record_commit,True,27,27
T8,AR,482.4,492.4,acquire,True,28,28
T8,AR,492.4,493.2,record_commit,True,28,28
T8,AR,493.2,503.2,acquire,True,29,29
T8,AR,503.2,504.0,record_commit,True,29,29
T8,AR,504.0,514.0,acquire,True,30,30
T8,AR,514.0,514.8,record_commit,True,30,30
T8,AR,514.8,524.8,acquire,True,31,31
T8,AR,524.8,525.6,record_commit,True,31,31
T8,AR,525.6,555.6,anchor,True,32,32
T8,AR,555.6,565.6,acquire,True,32,32
T8,AR,565.6,566.4,record_commit,True,32,32
T8,AR,566.4,576.4,acquire,True,33,33
T8,AR,576.4,577.2,record_commit,True,33,33
T8,AR,577.2,587.2,acquire,True,34,34
T8,AR,587.2,588.0,record_commit,True,34,34
T8,AR,588.0,598.0,acquire,True,35,35
T8,AR,598.0,598.8,record_commit,True,35,35
T8,AR,598.8,608.8,acquire,True,36,36
T8,AR,608.8,609.6,record_commit,True,36,36
T8,AR,609.6,619.6,acquire,True,37,37
T8,AR,619.6,620.4,record_commit,True,37,37
T8,AR,620.4,630.4,acquire,True,38,38
T8,AR,630.4,631.2,record_commit,True,38,38
T8,AR,631.2,641.2,acquire,True,39,39
T8,AR,641.2,642.0,record_commit,True,39,39
T8,AR,642.0,652.0,acquire,True,40,40
T8,AR,652.0,652.8,record_commit,True,40,40
T8,AR,652.8,662.8,acquire,True,41,41
T8,AR,662.8,663.6,record_commit,True,41,41
T8,AR,663.6,673.6,acquire,True,42,42
T8,AR,673.6,674.4,record_commit,True,42,42
T8,AR,674.4,684.4,acquire,True,43,43
T8,AR,684.4,685.2,record_commit,True,43,43
T8,AR,685.2,695.2,acquire,True,44,44
T8,AR,695.2,696.0,record_commit,True,44,44
T8,AR,696.0,700.0,acquire,False,45,45
T8,AR,700.0,820.0,home,True,,45
T8,AR,820.0,824.0,lookup,True,,45
T8,AR,824.0,854.0,anchor,True,45,45
T8,AR,854.0,864.0,acquire,True,45,45
T8,AR,864.0,864.8,record_commit,True,45,45
T8,AR,864.8,874.8,acquire,True,46,46
T8,AR,874.8,875.6,record_commit,True,46,46
T8,AR,875.6,885.6,acquire,True,47,47
T8,AR,885.6,886.4,record_commit,True,47,47
T8,AR,886.4,916.4,anchor,True,48,48
T8,AR,916.4,926.4,acquire,True,48,48
T8,AR,926.4,927.2,record_commit,True,48,48
T8,AR,927.2,937.2,acquire,True,49,49
T8,AR,937.2,938.0,record_commit,True,49,49
T8,AR,938.0,948.0,acquire,True,50,50
T8,AR,948.0,948.8,record_commit,True,50,50
T8,AR,948.8,958.8,acquire,True,51,51
T8,AR,958.8,959.6,record_commit,True,51,51
T8,AR,959.6,969.6,acquire,True,52,52
T8,AR,969.6,970.4,record_commit,True,52,52
T8,AR,970.4,980.4,acquire,True,53,53
T8,AR,980.4,981.2,record_commit,True,53,53
T8,AR,981.2,991.2,acquire,True,54,54
T8,AR,991.2,992.0,record_commit,True,54,54
T8,AR,992.0,1002.0,acquire,True,55,55
T8,AR,1002.0,1002.8,record_commit,True,55,55
T8,AR,1002.8,1012.8,acquire,True,56,56
T8,AR,1012.8,1013.6,record_commit,True,56,56
T8,AR,1013.6,1023.6,acquire,True,57,57
T8,AR,1023.6,1024.4,record_commit,True,57,57
T8,AR,1024.4,1034.4,acquire,True,58,58
T8,AR,1034.4,1035.2,record_commit,True,58,58
T8,AR,1035.2,1045.2,acquire,True,59,59
T8,AR,1045.2,1046.0,record_commit,True,59,59
T8,AR,1046.0,1056.0,acquire,True,60,60
T8,AR,1056.0,1056.8,record_commit,True,60,60
T8,AR,1056.8,1066.8,acquire,True,61,61
T8,AR,1066.8,1067.6,record_commit,True,61,61
T8,AR,1067.6,1077.6,acquire,True,62,62
T8,AR,1077.6,1078.4,record_commit,True,62,62
T8,AR,1078.4,1088.4,acquire,True,63,63
T8,AR,1088.4,1089.2,record_commit,True,63,63
T8,AR,1089.2,1119.2,anchor,True,64,64
T8,AR,1119.2,1129.2,acquire,True,64,64
T8,AR,1129.2,1130.0,record_commit,True,64,64
T8,AR,1130.0,1140.0,acquire,True,65,65
T8,AR,1140.0,1140.8,record_commit,True,65,65
T8,AR,1140.8,1150.8,acquire,True,66,66
T8,AR,1150.8,1151.6,record_commit,True,66,66
T8,AR,1151.6,1161.6,acquire,True,67,67
T8,AR,1161.6,1162.4,record_commit,True,67,67
T8,AR,1162.4,1172.4,acquire,True,68,68
T8,AR,1172.4,1173.2,record_commit,True,68,68
T8,AR,1173.2,1183.2,acquire,True,69,69
T8,AR,1183.2,1184.0,record_commit,True,69,69
T8,AR,1184.0,1194.0,acquire,True,70,70
T8,AR,1194.0,1194.8,record_commit,True,70,70
T8,AR,1194.8,1204.8,acquire,True,71,71
T8,AR,1204.8,1205.6,record_commit,True,71,71
T8,AR,1205.6,1215.6,acquire,True,72,72
T8,AR,1215.6,1216.4,record_commit,True,72,72
T8,AR,1216.4,1226.4,acquire,True,73,73
T8,AR,1226.4,1227.2,record_commit,True,73,73
T8,AR,1227.2,1237.2,acquire,True,74,74
T8,AR,1237.2,1238.0,record_commit,True,74,74
T8,AR,1238.0,1248.0,acquire,True,75,75
T8,AR,1248.0,1248.8,record_commit,True,75,75
T8,AR,1248.8,1258.8,acquire,True,76,76
T8,AR,1258.8,1259.6,record_commit,True,76,76
T8,AR,1259.6,1269.6,acquire,True,77,77
T8,AR,1269.6,1270.4,record_commit,True,77,77
T8,AR,1270.4,1280.4,acquire,True,78,78
T8,AR,1280.4,1281.2,record_commit,True,78,78
T8,AR,1281.2,1291.2,acquire,True,79,79
T8,AR,1291.2,1292.0,record_commit,True,79,79
T8,AR,1292.0,1322.0,anchor,True,80,80
T8,AR,1322.0,1332.0,acquire,True,80,80
T8,AR,1332.0,1332.8,record_commit,True,80,80
T8,AR,1332.8,1342.8,acquire,True,81,81
T8,AR,1342.8,1343.6,record_commit,True,81,81
T8,AR,1343.6,1353.6,acquire,True,82,82
T8,AR,1353.6,1354.4,record_commit,True,82,82
T8,AR,1354.4,1364.4,acquire,True,83,83
T8,AR,1364.4,1365.2,record_commit,True,83,83
T8,AR,1365.2,1375.2,acquire,True,84,84
T8,AR,1375.2,1376.0,record_commit,True,84,84
T8,AR,1376.0,1386.0,acquire,True,85,85
T8,AR,1386.0,1386.8,record_commit,True,85,85
T8,AR,1386.8,1396.8,acquire,True,86,86
T8,AR,1396.8,1397.6,record_commit,True,86,86
T8,AR,1397.6,1400.0,acquire,False,87,87
T8,AR,1400.0,1520.0,home,True,,87
T8,AR,1520.0,1524.0,lookup,True,,87
T8,AR,1524.0,1554.0,anchor,True,87,87
T8,AR,1554.0,1564.0,acquire,True,87,87
T8,AR,1564.0,1564.8,record_commit,True,87,87
T8,AR,1564.8,1574.8,acquire,True,88,88
T8,AR,1574.8,1575.6,record_commit,True,88,88
T8,AR,1575.6,1585.6,acquire,True,89,89
T8,AR,1585.6,1586.4,record_commit,True,89,89
T8,AR,1586.4,1596.4,acquire,True,90,90
T8,AR,1596.4,1597.2,record_commit,True,90,90
T8,AR,1597.2,1607.2,acquire,True,91,91
T8,AR,1607.2,1608.0,record_commit,True,91,91
T8,AR,1608.0,1618.0,acquire,True,92,92
T8,AR,1618.0,1618.8,record_commit,True,92,92
T8,AR,1618.8,1628.8,acquire,True,93,93
T8,AR,1628.8,1629.6,record_commit,True,93,93
T8,AR,1629.6,1639.6,acquire,True,94,94
T8,AR,1639.6,1640.4,record_commit,True,94,94
T8,AR,1640.4,1650.4,acquire,True,95,95
T8,AR,1650.4,1651.2,record_commit,True,95,95
T8,AR,1651.2,1681.2,anchor,True,96,96
T8,AR,1681.2,1691.2,acquire,True,96,96
T8,AR,1691.2,1692.0,record_commit,True,96,96
T8,AR,1692.0,1702.0,acquire,True,97,97
T8,AR,1702.0,1702.8,record_commit,True,97,97
T8,AR,1702.8,1712.8,acquire,True,98,98
T8,AR,1712.8,1713.6,record_commit,True,98,98
T8,AR,1713.6,1723.6,acquire,True,99,99
T8,AR,1723.6,1724.4,record_commit,True,99,99
T8,AR,1724.4,1734.4,acquire,True,100,100
T8,AR,1734.4,1735.2,record_commit,True,100,100
T8,AR,1735.2,1745.2,acquire,True,101,101
T8,AR,1745.2,1746.0,record_commit,True,101,101
T8,AR,1746.0,1756.0,acquire,True,102,102
T8,AR,1756.0,1756.8,record_commit,True,102,102
T8,AR,1756.8,1766.8,acquire,True,103,103
T8,AR,1766.8,1767.6,record_commit,True,103,103
T8,AR,1767.6,1777.6,acquire,True,104,104
T8,AR,1777.6,1778.4,record_commit,True,104,104
T8,AR,1778.4,1788.4,acquire,True,105,105
T8,AR,1788.4,1789.2,record_commit,True,105,105
T8,AR,1789.2,1799.2,acquire,True,106,106
T8,AR,1799.2,1800.0,record_commit,True,106,106
T8,AR,1800.0,1810.0,acquire,True,107,107
T8,AR,1810.0,1810.8,record_commit,True,107,107
T8,AR,1810.8,1820.8,acquire,True,108,108
T8,AR,1820.8,1821.6,record_commit,True,108,108
T8,AR,1821.6,1831.6,acquire,True,109,109
T8,AR,1831.6,1832.4,record_commit,True,109,109
T8,AR,1832.4,1842.4,acquire,True,110,110
T8,AR,1842.4,1843.2,record_commit,True,110,110
T8,AR,1843.2,1853.2,acquire,True,111,111
T8,AR,1853.2,1854.0,record_commit,True,111,111
T8,AR,1854.0,1884.0,anchor,True,112,112
T8,AR,1884.0,1894.0,acquire,True,112,112
T8,AR,1894.0,1894.8,record_commit,True,112,112
T8,AR,1894.8,1904.8,acquire,True,113,113
T8,AR,1904.8,1905.6,record_commit,True,113,113
T8,AR,1905.6,1915.6,acquire,True,114,114
T8,AR,1915.6,1916.4,record_commit,True,114,114
T8,AR,1916.4,1926.4,acquire,True,115,115
T8,AR,1926.4,1927.2,record_commit,True,115,115
T8,AR,1927.2,1937.2,acquire,True,116,116
T8,AR,1937.2,1938.0,record_commit,True,116,116
T8,AR,1938.0,1948.0,acquire,True,117,117
T8,AR,1948.0,1948.8,record_commit,True,117,117
T8,AR,1948.8,1958.8,acquire,True,118,118
T8,AR,1958.8,1959.6,record_commit,True,118,118
T8,AR,1959.6,1969.6,acquire,True,119,119
T8,AR,1969.6,1970.4,record_commit,True,119,119
T8,AR,1970.4,1980.4,acquire,True,120,120
T8,AR,1980.4,1981.2,record_commit,True,120,120
T8,AR,1981.2,1991.2,acquire,True,121,121
T8,AR,1991.2,1992.0,record_commit,True,121,121
T8,AR,1992.0,2002.0,acquire,True,122,122
T8,AR,2002.0,2002.8,record_commit,True,122,122
T8,AR,2002.8,2012.8,acquire,True,123,123
T8,AR,2012.8,2013.6,record_commit,True,123,123
T8,AR,2013.6,2023.6,acquire,True,124,124
T8,AR,2023.6,2024.4,record_commit,True,124,124
T8,AR,2024.4,2034.4,acquire,True,125,125
T8,AR,2034.4,2035.2,record_commit,True,125,125
T8,AR,2035.2,2045.2,acquire,True,126,126
T8,AR,2045.2,2046.0,record_commit,True,126,126
T8,AR,2046.0,2056.0,acquire,True,127,127
T8,AR,2056.0,2056.8,record_commit,True,127,127
T8,AR,2056.8,2086.8,anchor,True,128,128
T8,AR,2086.8,2096.8,acquire,True,128,128
T8,AR,2096.8,2097.6,record_commit,True,128,128
T8,AR,2097.6,2107.6,acquire,True,129,129
T8,AR,2107.6,2108.4,record_commit,True,129,129
T8,AR,2108.4,2118.4,acquire,True,130,130
T8,AR,2118.4,2119.2,record_commit,True,130,130
T8,AR,2119.2,2129.2,acquire,True,131,131
T8,AR,2129.2,2130.0,record_commit,True,131,131
T8,AR,2130.0,2140.0,acquire,True,132,132
T8,AR,2140.0,2140.8,record_commit,True,132,132
T8,AR,2140.8,2150.8,acquire,True,133,133
T8,AR,2150.8,2151.6,record_commit,True,133,133
T8,AR,2151.6,2161.6,acquire,True,134,134
T8,AR,2161.6,2162.4,record_commit,True,134,134
T8,AR,2162.4,2172.4,acquire,True,135,135
T8,AR,2172.4,2173.2,record_commit,True,135,135
T8,AR,2173.2,2183.2,acquire,True,136,136
T8,AR,2183.2,2184.0,record_commit,True,136,136
T8,AR,2184.0,2194.0,acquire,True,137,137
T8,AR,2194.0,2194.8,record_commit,True,137,137
T8,AR,2194.8,2204.8,acquire,True,138,138
T8,AR,2204.8,2205.6,record_commit,True,138,138
T8,AR,2205.6,2215.6,acquire,True,139,139
T8,AR,2215.6,2216.4,record_commit,True,139,139
T8,AR,2216.4,2226.4,acquire,True,140,140
T8,AR,2226.4,2227.2,record_commit,True,140,140
T8,AR,2227.2,2237.2,acquire,True,141,141
T8,AR,2237.2,2238.0,record_commit,True,141,141
T8,AR,2238.0,2248.0,acquire,True,142,142
T8,AR,2248.0,2248.8,record_commit,True,142,142
T8,AR,2248.8,2258.8,acquire,True,143,143
T8,AR,2258.8,2259.6,record_commit,True,143,143
T8,AR,2259.6,2289.6,anchor,True,144,144
T8,AR,2289.6,2299.6,acquire,True,144,144
T8,AR,2299.6,2300.4,record_commit,True,144,144
T8,AR,2300.4,2310.4,acquire,True,145,145
T8,AR,2310.4,2311.2,record_commit,True,145,145
T8,AR,2311.2,2321.2,acquire,True,146,146
T8,AR,2321.2,2322.0,record_commit,True,146,146
T8,AR,2322.0,2332.0,acquire,True,147,147
T8,AR,2332.0,2332.8,record_commit,True,147,147
T8,AR,2332.8,2342.8,acquire,True,148,148
T8,AR,2342.8,2343.6,record_commit,True,148,148
T8,AR,2343.6,2353.6,acquire,True,149,149
T8,AR,2353.6,2354.4,record_commit,True,149,149
T8,AR,2354.4,2364.4,acquire,True,150,150
T8,AR,2364.4,2365.2,record_commit,True,150,150
T8,AR,2365.2,2375.2,acquire,True,151,151
T8,AR,2375.2,2376.0,record_commit,True,151,151
T8,AR,2376.0,2386.0,acquire,True,152,152
T8,AR,2386.0,2386.8,record_commit,True,152,152
T8,AR,2386.8,2396.8,acquire,True,153,153
T8,AR,2396.8,2397.6,record_commit,True,153,153
T8,AR,2397.6,2407.6,acquire,True,154,154
T8,AR,2407.6,2408.4,record_commit,True,154,154
T8,AR,2408.4,2418.4,acquire,True,155,155
T8,AR,2418.4,2419.2,record_commit,True,155,155
T8,AR,2419.2,2429.2,acquire,True,156,156
T8,AR,2429.2,2430.0,record_commit,True,156,156
T8,AR,2430.0,2440.0,acquire,True,157,157
T8,AR,2440.0,2440.8,record_commit,True,157,157
T8,AR,2440.8,2450.8,acquire,True,158,158
T8,AR,2450.8,2451.6,record_commit,True,158,158
T8,AR,2451.6,2461.6,acquire,True,159,159
T8,AR,2461.6,2462.4,record_commit,True,159,159
T8,AR,2462.4,2492.4,anchor,True,160,160
T8,AR,2492.4,2502.4,acquire,True,160,160
T8,AR,2502.4,2503.2,record_commit,True,160,160
T8,AR,2503.2,2513.2,acquire,True,161,161
T8,AR,2513.2,2514.0,record_commit,True,161,161
T8,AR,2514.0,2524.0,acquire,True,162,162
T8,AR,2524.0,2524.8,record_commit,True,162,162
T8,AR,2524.8,2534.8,acquire,True,163,163
T8,AR,2534.8,2535.6,record_commit,True,163,163
T8,AR,2535.6,2545.6,acquire,True,164,164
T8,AR,2545.6,2546.4,record_commit,True,164,164
T8,AR,2546.4,2556.4,acquire,True,165,165
T8,AR,2556.4,2557.2,record_commit,True,165,165
T8,AR,2557.2,2567.2,acquire,True,166,166
T8,AR,2567.2,2568.0,record_commit,True,166,166
T8,AR,2568.0,2578.0,acquire,True,167,167
T8,AR,2578.0,2578.8,record_commit,True,167,167
T8,AR,2578.8,2588.8,acquire,True,168,168
T8,AR,2588.8,2589.6,record_commit,True,168,168
T8,AR,2589.6,2599.6,acquire,True,169,169
T8,AR,2599.6,2600.4,record_commit,True,169,169
T8,AR,2600.4,2610.4,acquire,True,170,170
T8,AR,2610.4,2611.2,record_commit,True,170,170
T8,AR,2611.2,2621.2,acquire,True,171,171
T8,AR,2621.2,2622.0,record_commit,True,171,171
T8,AR,2622.0,2632.0,acquire,True,172,172
T8,AR,2632.0,2632.8,record_commit,True,172,172
T8,AR,2632.8,2642.8,acquire,True,173,173
T8,AR,2642.8,2643.6,record_commit,True,173,173
T8,AR,2643.6,2653.6,acquire,True,174,174
T8,AR,2653.6,2654.4,record_commit,True,174,174
T8,AR,2654.4,2664.4,acquire,True,175,175
T8,AR,2664.4,2665.2,record_commit,True,175,175
T8,AR,2665.2,2695.2,anchor,True,176,176
T8,AR,2695.2,2705.2,acquire,True,176,176
T8,AR,2705.2,2706.0,record_commit,True,176,176
T8,AR,2706.0,2716.0,acquire,True,177,177
T8,AR,2716.0,2716.8,record_commit,True,177,177
T8,AR,2716.8,2726.8,acquire,True,178,178
T8,AR,2726.8,2727.6,record_commit,True,178,178
T8,AR,2727.6,2737.6,acquire,True,179,179
T8,AR,2737.6,2738.4,record_commit,True,179,179
T8,AR,2738.4,2748.4,acquire,True,180,180
T8,AR,2748.4,2749.2,record_commit,True,180,180
T8,AR,2749.2,2759.2,acquire,True,181,181
T8,AR,2759.2,2760.0,record_commit,True,181,181
T8,AR,2760.0,2770.0,acquire,True,182,182
T8,AR,2770.0,2770.8,record_commit,True,182,182
T8,AR,2770.8,2780.8,acquire,True,183,183
T8,AR,2780.8,2781.6,record_commit,True,183,183
T8,AR,2781.6,2791.6,acquire,True,184,184
T8,AR,2791.6,2792.4,record_commit,True,184,184
T8,AR,2792.4,2802.4,acquire,True,185,185
T8,AR,2802.4,2803.2,record_commit,True,185,185
T8,AR,2803.2,2813.2,acquire,True,186,186
T8,AR,2813.2,2814.0,record_commit,True,186,186
T8,AR,2814.0,2824.0,acquire,True,187,187
T8,AR,2824.0,2824.8,record_commit,True,187,187
T8,AR,2824.8,2834.8,acquire,True,188,188
T8,AR,2834.8,2835.6,record_commit,True,188,188
T8,AR,2835.6,2845.6,acquire,True,189,189
T8,AR,2845.6,2846.4,record_commit,True,189,189
T8,AR,2846.4,2856.4,acquire,True,190,190
T8,AR,2856.4,2857.2,record_commit,True,190,190
T8,AR,2857.2,2867.2,acquire,True,191,191
T8,AR,2867.2,2868.0,record_commit,True,191,191
T8,BS,0.0,120.0,home,True,,0
T8,BS,120.0,150.0,anchor,True,0,0
T8,BS,150.0,160.0,acquire,True,0,0
T8,BS,160.0,170.0,acquire,True,1,0
T8,BS,170.0,180.0,acquire,True,2,0
T8,BS,180.0,190.0,acquire,True,3,0
T8,BS,190.0,192.0,block_seal,True,0,0
T8,BS,192.0,202.0,acquire,True,4,4
T8,BS,202.0,212.0,acquire,True,5,4
T8,BS,212.0,222.0,acquire,True,6,4
T8,BS,222.0,232.0,acquire,True,7,4
T8,BS,232.0,234.0,block_seal,True,4,4
T8,BS,234.0,244.0,acquire,True,8,8
T8,BS,244.0,254.0,acquire,True,9,8
T8,BS,254.0,264.0,acquire,True,10,8
T8,BS,264.0,274.0,acquire,True,11,8
T8,BS,274.0,276.0,block_seal,True,8,8
T8,BS,276.0,286.0,acquire,True,12,12
T8,BS,286.0,296.0,acquire,True,13,12
T8,BS,296.0,306.0,acquire,True,14,12
T8,BS,306.0,316.0,acquire,True,15,12
T8,BS,316.0,318.0,block_seal,True,12,12
T8,BS,318.0,319.0,row_checkpoint,True,,16
T8,BS,319.0,349.0,anchor,True,16,16
T8,BS,349.0,359.0,acquire,True,16,16
T8,BS,359.0,369.0,acquire,True,17,16
T8,BS,369.0,379.0,acquire,True,18,16
T8,BS,379.0,389.0,acquire,True,19,16
T8,BS,389.0,391.0,block_seal,True,16,16
T8,BS,391.0,401.0,acquire,True,20,20
T8,BS,401.0,411.0,acquire,True,21,20
T8,BS,411.0,421.0,acquire,True,22,20
T8,BS,421.0,431.0,acquire,True,23,20
T8,BS,431.0,433.0,block_seal,True,20,20
T8,BS,433.0,443.0,acquire,True,24,24
T8,BS,443.0,453.0,acquire,True,25,24
T8,BS,453.0,463.0,acquire,True,26,24
T8,BS,463.0,473.0,acquire,True,27,24
T8,BS,473.0,475.0,block_seal,True,24,24
T8,BS,475.0,485.0,acquire,True,28,28
T8,BS,485.0,495.0,acquire,True,29,28
T8,BS,495.0,505.0,acquire,True,30,28
T8,BS,505.0,515.0,acquire,True,31,28
T8,BS,515.0,517.0,block_seal,True,28,28
T8,BS,517.0,518.0,row_checkpoint,True,,32
T8,BS,518.0,548.0,anchor,True,32,32
T8,BS,548.0,558.0,acquire,True,32,32
T8,BS,558.0,568.0,acquire,True,33,32
T8,BS,568.0,578.0,acquire,True,34,32
T8,BS,578.0,588.0,acquire,True,35,32
T8,BS,588.0,590.0,block_seal,True,32,32
T8,BS,590.0,600.0,acquire,True,36,36
T8,BS,600.0,610.0,acquire,True,37,36
T8,BS,610.0,620.0,acquire,True,38,36
T8,BS,620.0,630.0,acquire,True,39,36
T8,BS,630.0,632.0,block_seal,True,36,36
T8,BS,632.0,642.0,acquire,True,40,40
T8,BS,642.0,652.0,acquire,True,41,40
T8,BS,652.0,662.0,acquire,True,42,40
T8,BS,662.0,672.0,acquire,True,43,40
T8,BS,672.0,674.0,block_seal,True,40,40
T8,BS,674.0,684.0,acquire,True,44,44
T8,BS,684.0,694.0,acquire,True,45,44
T8,BS,694.0,700.0,acquire,False,46,44
T8,BS,700.0,820.0,home,True,,44
T8,BS,820.0,826.0,lookup,True,,44
T8,BS,826.0,856.0,anchor,True,44,44
T8,BS,856.0,866.0,acquire,True,44,44
T8,BS,866.0,876.0,acquire,True,45,44
T8,BS,876.0,886.0,acquire,True,46,44
T8,BS,886.0,896.0,acquire,True,47,44
T8,BS,896.0,898.0,block_seal,True,44,44
T8,BS,898.0,899.0,row_checkpoint,True,,48
T8,BS,899.0,929.0,anchor,True,48,48
T8,BS,929.0,939.0,acquire,True,48,48
T8,BS,939.0,949.0,acquire,True,49,48
T8,BS,949.0,959.0,acquire,True,50,48
T8,BS,959.0,969.0,acquire,True,51,48
T8,BS,969.0,971.0,block_seal,True,48,48
T8,BS,971.0,981.0,acquire,True,52,52
T8,BS,981.0,991.0,acquire,True,53,52
T8,BS,991.0,1001.0,acquire,True,54,52
T8,BS,1001.0,1011.0,acquire,True,55,52
T8,BS,1011.0,1013.0,block_seal,True,52,52
T8,BS,1013.0,1023.0,acquire,True,56,56
T8,BS,1023.0,1033.0,acquire,True,57,56
T8,BS,1033.0,1043.0,acquire,True,58,56
T8,BS,1043.0,1053.0,acquire,True,59,56
T8,BS,1053.0,1055.0,block_seal,True,56,56
T8,BS,1055.0,1065.0,acquire,True,60,60
T8,BS,1065.0,1075.0,acquire,True,61,60
T8,BS,1075.0,1085.0,acquire,True,62,60
T8,BS,1085.0,1095.0,acquire,True,63,60
T8,BS,1095.0,1097.0,block_seal,True,60,60
T8,BS,1097.0,1098.0,row_checkpoint,True,,64
T8,BS,1098.0,1128.0,anchor,True,64,64
T8,BS,1128.0,1138.0,acquire,True,64,64
T8,BS,1138.0,1148.0,acquire,True,65,64
T8,BS,1148.0,1158.0,acquire,True,66,64
T8,BS,1158.0,1168.0,acquire,True,67,64
T8,BS,1168.0,1170.0,block_seal,True,64,64
T8,BS,1170.0,1180.0,acquire,True,68,68
T8,BS,1180.0,1190.0,acquire,True,69,68
T8,BS,1190.0,1200.0,acquire,True,70,68
T8,BS,1200.0,1210.0,acquire,True,71,68
T8,BS,1210.0,1212.0,block_seal,True,68,68
T8,BS,1212.0,1222.0,acquire,True,72,72
T8,BS,1222.0,1232.0,acquire,True,73,72
T8,BS,1232.0,1242.0,acquire,True,74,72
T8,BS,1242.0,1252.0,acquire,True,75,72
T8,BS,1252.0,1254.0,block_seal,True,72,72
T8,BS,1254.0,1264.0,acquire,True,76,76
T8,BS,1264.0,1274.0,acquire,True,77,76
T8,BS,1274.0,1284.0,acquire,True,78,76
T8,BS,1284.0,1294.0,acquire,True,79,76
T8,BS,1294.0,1296.0,block_seal,True,76,76
T8,BS,1296.0,1297.0,row_checkpoint,True,,80
T8,BS,1297.0,1327.0,anchor,True,80,80
T8,BS,1327.0,1337.0,acquire,True,80,80
T8,BS,1337.0,1347.0,acquire,True,81,80
T8,BS,1347.0,1357.0,acquire,True,82,80
T8,BS,1357.0,1367.0,acquire,True,83,80
T8,BS,1367.0,1369.0,block_seal,True,80,80
T8,BS,1369.0,1379.0,acquire,True,84,84
T8,BS,1379.0,1389.0,acquire,True,85,84
T8,BS,1389.0,1399.0,acquire,True,86,84
T8,BS,1399.0,1400.0,acquire,False,87,84
T8,BS,1400.0,1520.0,home,True,,84
T8,BS,1520.0,1526.0,lookup,True,,84
T8,BS,1526.0,1556.0,anchor,True,84,84
T8,BS,1556.0,1566.0,acquire,True,84,84
T8,BS,1566.0,1576.0,acquire,True,85,84
T8,BS,1576.0,1586.0,acquire,True,86,84
T8,BS,1586.0,1596.0,acquire,True,87,84
T8,BS,1596.0,1598.0,block_seal,True,84,84
T8,BS,1598.0,1608.0,acquire,True,88,88
T8,BS,1608.0,1618.0,acquire,True,89,88
T8,BS,1618.0,1628.0,acquire,True,90,88
T8,BS,1628.0,1638.0,acquire,True,91,88
T8,BS,1638.0,1640.0,block_seal,True,88,88
T8,BS,1640.0,1650.0,acquire,True,92,92
T8,BS,1650.0,1660.0,acquire,True,93,92
T8,BS,1660.0,1670.0,acquire,True,94,92
T8,BS,1670.0,1680.0,acquire,True,95,92
T8,BS,1680.0,1682.0,block_seal,True,92,92
T8,BS,1682.0,1683.0,row_checkpoint,True,,96
T8,BS,1683.0,1713.0,anchor,True,96,96
T8,BS,1713.0,1723.0,acquire,True,96,96
T8,BS,1723.0,1733.0,acquire,True,97,96
T8,BS,1733.0,1743.0,acquire,True,98,96
T8,BS,1743.0,1753.0,acquire,True,99,96
T8,BS,1753.0,1755.0,block_seal,True,96,96
T8,BS,1755.0,1765.0,acquire,True,100,100
T8,BS,1765.0,1775.0,acquire,True,101,100
T8,BS,1775.0,1785.0,acquire,True,102,100
T8,BS,1785.0,1795.0,acquire,True,103,100
T8,BS,1795.0,1797.0,block_seal,True,100,100
T8,BS,1797.0,1807.0,acquire,True,104,104
T8,BS,1807.0,1817.0,acquire,True,105,104
T8,BS,1817.0,1827.0,acquire,True,106,104
T8,BS,1827.0,1837.0,acquire,True,107,104
T8,BS,1837.0,1839.0,block_seal,True,104,104
T8,BS,1839.0,1849.0,acquire,True,108,108
T8,BS,1849.0,1859.0,acquire,True,109,108
T8,BS,1859.0,1869.0,acquire,True,110,108
T8,BS,1869.0,1879.0,acquire,True,111,108
T8,BS,1879.0,1881.0,block_seal,True,108,108
T8,BS,1881.0,1882.0,row_checkpoint,True,,112
T8,BS,1882.0,1912.0,anchor,True,112,112
T8,BS,1912.0,1922.0,acquire,True,112,112
T8,BS,1922.0,1932.0,acquire,True,113,112
T8,BS,1932.0,1942.0,acquire,True,114,112
T8,BS,1942.0,1952.0,acquire,True,115,112
T8,BS,1952.0,1954.0,block_seal,True,112,112
T8,BS,1954.0,1964.0,acquire,True,116,116
T8,BS,1964.0,1974.0,acquire,True,117,116
T8,BS,1974.0,1984.0,acquire,True,118,116
T8,BS,1984.0,1994.0,acquire,True,119,116
T8,BS,1994.0,1996.0,block_seal,True,116,116
T8,BS,1996.0,2006.0,acquire,True,120,120
T8,BS,2006.0,2016.0,acquire,True,121,120
T8,BS,2016.0,2026.0,acquire,True,122,120
T8,BS,2026.0,2036.0,acquire,True,123,120
T8,BS,2036.0,2038.0,block_seal,True,120,120
T8,BS,2038.0,2048.0,acquire,True,124,124
T8,BS,2048.0,2058.0,acquire,True,125,124
T8,BS,2058.0,2068.0,acquire,True,126,124
T8,BS,2068.0,2078.0,acquire,True,127,124
T8,BS,2078.0,2080.0,block_seal,True,124,124
T8,BS,2080.0,2081.0,row_checkpoint,True,,128
T8,BS,2081.0,2111.0,anchor,True,128,128
T8,BS,2111.0,2121.0,acquire,True,128,128
T8,BS,2121.0,2131.0,acquire,True,129,128
T8,BS,2131.0,2141.0,acquire,True,130,128
T8,BS,2141.0,2151.0,acquire,True,131,128
T8,BS,2151.0,2153.0,block_seal,True,128,128
T8,BS,2153.0,2163.0,acquire,True,132,132
T8,BS,2163.0,2173.0,acquire,True,133,132
T8,BS,2173.0,2183.0,acquire,True,134,132
T8,BS,2183.0,2193.0,acquire,True,135,132
T8,BS,2193.0,2195.0,block_seal,True,132,132
T8,BS,2195.0,2205.0,acquire,True,136,136
T8,BS,2205.0,2215.0,acquire,True,137,136
T8,BS,2215.0,2225.0,acquire,True,138,136
T8,BS,2225.0,2235.0,acquire,True,139,136
T8,BS,2235.0,2237.0,block_seal,True,136,136
T8,BS,2237.0,2247.0,acquire,True,140,140
T8,BS,2247.0,2257.0,acquire,True,141,140
T8,BS,2257.0,2267.0,acquire,True,142,140
T8,BS,2267.0,2277.0,acquire,True,143,140
T8,BS,2277.0,2279.0,block_seal,True,140,140
T8,BS,2279.0,2280.0,row_checkpoint,True,,144
T8,BS,2280.0,2310.0,anchor,True,144,144
T8,BS,2310.0,2320.0,acquire,True,144,144
T8,BS,2320.0,2330.0,acquire,True,145,144
T8,BS,2330.0,2340.0,acquire,True,146,144
T8,BS,2340.0,2350.0,acquire,True,147,144
T8,BS,2350.0,2352.0,block_seal,True,144,144
T8,BS,2352.0,2362.0,acquire,True,148,148
T8,BS,2362.0,2372.0,acquire,True,149,148
T8,BS,2372.0,2382.0,acquire,True,150,148
T8,BS,2382.0,2392.0,acquire,True,151,148
T8,BS,2392.0,2394.0,block_seal,True,148,148
T8,BS,2394.0,2404.0,acquire,True,152,152
T8,BS,2404.0,2414.0,acquire,True,153,152
T8,BS,2414.0,2424.0,acquire,True,154,152
T8,BS,2424.0,2434.0,acquire,True,155,152
T8,BS,2434.0,2436.0,block_seal,True,152,152
T8,BS,2436.0,2446.0,acquire,True,156,156
T8,BS,2446.0,2456.0,acquire,True,157,156
T8,BS,2456.0,2466.0,acquire,True,158,156
T8,BS,2466.0,2476.0,acquire,True,159,156
T8,BS,2476.0,2478.0,block_seal,True,156,156
T8,BS,2478.0,2479.0,row_checkpoint,True,,160
T8,BS,2479.0,2509.0,anchor,True,160,160
T8,BS,2509.0,2519.0,acquire,True,160,160
T8,BS,2519.0,2529.0,acquire,True,161,160
T8,BS,2529.0,2539.0,acquire,True,162,160
T8,BS,2539.0,2549.0,acquire,True,163,160
T8,BS,2549.0,2551.0,block_seal,True,160,160
T8,BS,2551.0,2561.0,acquire,True,164,164
T8,BS,2561.0,2571.0,acquire,True,165,164
T8,BS,2571.0,2581.0,acquire,True,166,164
T8,BS,2581.0,2591.0,acquire,True,167,164
T8,BS,2591.0,2593.0,block_seal,True,164,164
T8,BS,2593.0,2603.0,acquire,True,168,168
T8,BS,2603.0,2613.0,acquire,True,169,168
T8,BS,2613.0,2623.0,acquire,True,170,168
T8,BS,2623.0,2633.0,acquire,True,171,168
T8,BS,2633.0,2635.0,block_seal,True,168,168
T8,BS,2635.0,2645.0,acquire,True,172,172
T8,BS,2645.0,2655.0,acquire,True,173,172
T8,BS,2655.0,2665.0,acquire,True,174,172
T8,BS,2665.0,2675.0,acquire,True,175,172
T8,BS,2675.0,2677.0,block_seal,True,172,172
T8,BS,2677.0,2678.0,row_checkpoint,True,,176
T8,BS,2678.0,2708.0,anchor,True,176,176
T8,BS,2708.0,2718.0,acquire,True,176,176
T8,BS,2718.0,2728.0,acquire,True,177,176
T8,BS,2728.0,2738.0,acquire,True,178,176
T8,BS,2738.0,2748.0,acquire,True,179,176
T8,BS,2748.0,2750.0,block_seal,True,176,176
T8,BS,2750.0,2760.0,acquire,True,180,180
T8,BS,2760.0,2770.0,acquire,True,181,180
T8,BS,2770.0,2780.0,acquire,True,182,180
T8,BS,2780.0,2790.0,acquire,True,183,180
T8,BS,2790.0,2792.0,block_seal,True,180,180
T8,BS,2792.0,2802.0,acquire,True,184,184
T8,BS,2802.0,2812.0,acquire,True,185,184
T8,BS,2812.0,2822.0,acquire,True,186,184
T8,BS,2822.0,2832.0,acquire,True,187,184
T8,BS,2832.0,2834.0,block_seal,True,184,184
T8,BS,2834.0,2844.0,acquire,True,188,188
T8,BS,2844.0,2854.0,acquire,True,189,188
T8,BS,2854.0,2864.0,acquire,True,190,188
T8,BS,2864.0,2874.0,acquire,True,191,188
T8,BS,2874.0,2876.0,block_seal,True,188,188
T8,BS,2876.0,2877.0,row_checkpoint,True,,192
T9,RC,0.0,120.0,home,True,,0
T9,RC,120.0,150.0,anchor,True,0,0
T9,RC,150.0,160.0,acquire,True,0,0
T9,RC,160.0,170.0,acquire,True,1,0
T9,RC,170.0,180.0,acquire,True,2,0
T9,RC,180.0,190.0,acquire,True,3,0
T9,RC,190.0,200.0,acquire,True,4,0
T9,RC,200.0,210.0,acquire,True,5,0
T9,RC,210.0,220.0,acquire,True,6,0
T9,RC,220.0,230.0,acquire,True,7,0
T9,RC,230.0,240.0,acquire,True,8,0
T9,RC,240.0,250.0,acquire,True,9,0
T9,RC,250.0,260.0,acquire,True,10,0
T9,RC,260.0,270.0,acquire,True,11,0
T9,RC,270.0,280.0,acquire,True,12,0
T9,RC,280.0,290.0,acquire,True,13,0
T9,RC,290.0,300.0,acquire,True,14,0
T9,RC,300.0,310.0,acquire,True,15,0
T9,RC,310.0,314.0,row_commit,True,0,0
T9,RC,314.0,344.0,anchor,True,16,16
T9,RC,344.0,354.0,acquire,True,16,16
T9,RC,354.0,364.0,acquire,True,17,16
T9,RC,364.0,374.0,acquire,True,18,16
T9,RC,374.0,384.0,acquire,True,19,16
T9,RC,384.0,394.0,acquire,True,20,16
T9,RC,394.0,404.0,acquire,True,21,16
T9,RC,404.0,414.0,acquire,True,22,16
T9,RC,414.0,424.0,acquire,True,23,16
T9,RC,424.0,434.0,acquire,True,24,16
T9,RC,434.0,444.0,acquire,True,25,16
T9,RC,444.0,454.0,acquire,True,26,16
T9,RC,454.0,464.0,acquire,True,27,16
T9,RC,464.0,474.0,acquire,True,28,16
T9,RC,474.0,484.0,acquire,True,29,16
T9,RC,484.0,494.0,acquire,True,30,16
T9,RC,494.0,504.0,acquire,True,31,16
T9,RC,504.0,508.0,row_commit,True,16,16
T9,RC,508.0,538.0,anchor,True,32,32
T9,RC,538.0,548.0,acquire,True,32,32
T9,RC,548.0,558.0,acquire,True,33,32
T9,RC,558.0,568.0,acquire,True,34,32
T9,RC,568.0,578.0,acquire,True,35,32
T9,RC,578.0,588.0,acquire,True,36,32
T9,RC,588.0,598.0,acquire,True,37,32
T9,RC,598.0,608.0,acquire,True,38,32
T9,RC,608.0,618.0,acquire,True,39,32
T9,RC,618.0,628.0,acquire,True,40,32
T9,RC,628.0,638.0,acquire,True,41,32
T9,RC,638.0,648.0,acquire,True,42,32
T9,RC,648.0,658.0,acquire,True,43,32
T9,RC,658.0,668.0,acquire,True,44,32
T9,RC,668.0,678.0,acquire,True,45,32
T9,RC,678.0,688.0,acquire,True,46,32
T9,RC,688.0,698.0,acquire,True,47,32
T9,RC,698.0,702.0,row_commit,True,32,32
T9,RC,702.0,732.0,anchor,True,48,48
T9,RC,732.0,742.0,acquire,True,48,48
T9,RC,742.0,752.0,acquire,True,49,48
T9,RC,752.0,762.0,acquire,True,50,48
T9,RC,762.0,772.0,acquire,True,51,48
T9,RC,772.0,782.0,acquire,True,52,48
T9,RC,782.0,792.0,acquire,True,53,48
T9,RC,792.0,800.0,acquire,False,54,48
T9,RC,800.0,920.0,home,True,,48
T9,RC,920.0,921.0,lookup,True,,48
T9,RC,921.0,951.0,anchor,True,48,48
T9,RC,951.0,961.0,acquire,True,48,48
T9,RC,961.0,971.0,acquire,True,49,48
T9,RC,971.0,981.0,acquire,True,50,48
T9,RC,981.0,991.0,acquire,True,51,48
T9,RC,991.0,1001.0,acquire,True,52,48
T9,RC,1001.0,1011.0,acquire,True,53,48
T9,RC,1011.0,1021.0,acquire,True,54,48
T9,RC,1021.0,1031.0,acquire,True,55,48
T9,RC,1031.0,1041.0,acquire,True,56,48
T9,RC,1041.0,1051.0,acquire,True,57,48
T9,RC,1051.0,1061.0,acquire,True,58,48
T9,RC,1061.0,1071.0,acquire,True,59,48
T9,RC,1071.0,1081.0,acquire,True,60,48
T9,RC,1081.0,1091.0,acquire,True,61,48
T9,RC,1091.0,1101.0,acquire,True,62,48
T9,RC,1101.0,1111.0,acquire,True,63,48
T9,RC,1111.0,1115.0,row_commit,True,48,48
T9,RC,1115.0,1145.0,anchor,True,64,64
T9,RC,1145.0,1155.0,acquire,True,64,64
T9,RC,1155.0,1165.0,acquire,True,65,64
T9,RC,1165.0,1175.0,acquire,True,66,64
T9,RC,1175.0,1185.0,acquire,True,67,64
T9,RC,1185.0,1195.0,acquire,True,68,64
T9,RC,1195.0,1205.0,acquire,True,69,64
T9,RC,1205.0,1215.0,acquire,True,70,64
T9,RC,1215.0,1225.0,acquire,True,71,64
T9,RC,1225.0,1235.0,acquire,True,72,64
T9,RC,1235.0,1245.0,acquire,True,73,64
T9,RC,1245.0,1255.0,acquire,True,74,64
T9,RC,1255.0,1265.0,acquire,True,75,64
T9,RC,1265.0,1275.0,acquire,True,76,64
T9,RC,1275.0,1285.0,acquire,True,77,64
T9,RC,1285.0,1295.0,acquire,True,78,64
T9,RC,1295.0,1305.0,acquire,True,79,64
T9,RC,1305.0,1309.0,row_commit,True,64,64
T9,RC,1309.0,1339.0,anchor,True,80,80
T9,RC,1339.0,1349.0,acquire,True,80,80
T9,RC,1349.0,1359.0,acquire,True,81,80
T9,RC,1359.0,1369.0,acquire,True,82,80
T9,RC,1369.0,1379.0,acquire,True,83,80
T9,RC,1379.0,1389.0,acquire,True,84,80
T9,RC,1389.0,1399.0,acquire,True,85,80
T9,RC,1399.0,1409.0,acquire,True,86,80
T9,RC,1409.0,1419.0,acquire,True,87,80
T9,RC,1419.0,1429.0,acquire,True,88,80
T9,RC,1429.0,1439.0,acquire,True,89,80
T9,RC,1439.0,1449.0,acquire,True,90,80
T9,RC,1449.0,1459.0,acquire,True,91,80
T9,RC,1459.0,1469.0,acquire,True,92,80
T9,RC,1469.0,1479.0,acquire,True,93,80
T9,RC,1479.0,1489.0,acquire,True,94,80
T9,RC,1489.0,1499.0,acquire,True,95,80
T9,RC,1499.0,1503.0,row_commit,True,80,80
T9,RC,1503.0,1533.0,anchor,True,96,96
T9,RC,1533.0,1543.0,acquire,True,96,96
T9,RC,1543.0,1553.0,acquire,True,97,96
T9,RC,1553.0,1563.0,acquire,True,98,96
T9,RC,1563.0,1573.0,acquire,True,99,96
T9,RC,1573.0,1583.0,acquire,True,100,96
T9,RC,1583.0,1593.0,acquire,True,101,96
T9,RC,1593.0,1600.0,acquire,False,102,96
T9,RC,1600.0,1720.0,home,True,,96
T9,RC,1720.0,1721.0,lookup,True,,96
T9,RC,1721.0,1751.0,anchor,True,96,96
T9,RC,1751.0,1761.0,acquire,True,96,96
T9,RC,1761.0,1771.0,acquire,True,97,96
T9,RC,1771.0,1781.0,acquire,True,98,96
T9,RC,1781.0,1791.0,acquire,True,99,96
T9,RC,1791.0,1801.0,acquire,True,100,96
T9,RC,1801.0,1811.0,acquire,True,101,96
T9,RC,1811.0,1821.0,acquire,True,102,96
T9,RC,1821.0,1831.0,acquire,True,103,96
T9,RC,1831.0,1841.0,acquire,True,104,96
T9,RC,1841.0,1851.0,acquire,True,105,96
T9,RC,1851.0,1861.0,acquire,True,106,96
T9,RC,1861.0,1871.0,acquire,True,107,96
T9,RC,1871.0,1881.0,acquire,True,108,96
T9,RC,1881.0,1891.0,acquire,True,109,96
T9,RC,1891.0,1901.0,acquire,True,110,96
T9,RC,1901.0,1911.0,acquire,True,111,96
T9,RC,1911.0,1915.0,row_commit,True,96,96
T9,RC,1915.0,1945.0,anchor,True,112,112
T9,RC,1945.0,1955.0,acquire,True,112,112
T9,RC,1955.0,1965.0,acquire,True,113,112
T9,RC,1965.0,1975.0,acquire,True,114,112
T9,RC,1975.0,1985.0,acquire,True,115,112
T9,RC,1985.0,1995.0,acquire,True,116,112
T9,RC,1995.0,2005.0,acquire,True,117,112
T9,RC,2005.0,2015.0,acquire,True,118,112
T9,RC,2015.0,2025.0,acquire,True,119,112
T9,RC,2025.0,2035.0,acquire,True,120,112
T9,RC,2035.0,2045.0,acquire,True,121,112
T9,RC,2045.0,2055.0,acquire,True,122,112
T9,RC,2055.0,2065.0,acquire,True,123,112
T9,RC,2065.0,2075.0,acquire,True,124,112
T9,RC,2075.0,2085.0,acquire,True,125,112
T9,RC,2085.0,2095.0,acquire,True,126,112
T9,RC,2095.0,2105.0,acquire,True,127,112
T9,RC,2105.0,2109.0,row_commit,True,112,112
T9,RC,2109.0,2139.0,anchor,True,128,128
T9,RC,2139.0,2149.0,acquire,True,128,128
T9,RC,2149.0,2159.0,acquire,True,129,128
T9,RC,2159.0,2169.0,acquire,True,130,128
T9,RC,2169.0,2179.0,acquire,True,131,128
T9,RC,2179.0,2189.0,acquire,True,132,128
T9,RC,2189.0,2199.0,acquire,True,133,128
T9,RC,2199.0,2209.0,acquire,True,134,128
T9,RC,2209.0,2219.0,acquire,True,135,128
T9,RC,2219.0,2229.0,acquire,True,136,128
T9,RC,2229.0,2239.0,acquire,True,137,128
T9,RC,2239.0,2249.0,acquire,True,138,128
T9,RC,2249.0,2259.0,acquire,True,139,128
T9,RC,2259.0,2269.0,acquire,True,140,128
T9,RC,2269.0,2279.0,acquire,True,141,128
T9,RC,2279.0,2289.0,acquire,True,142,128
T9,RC,2289.0,2299.0,acquire,True,143,128
T9,RC,2299.0,2303.0,row_commit,True,128,128
T9,RC,2303.0,2333.0,anchor,True,144,144
T9,RC,2333.0,2343.0,acquire,True,144,144
T9,RC,2343.0,2353.0,acquire,True,145,144
T9,RC,2353.0,2363.0,acquire,True,146,144
T9,RC,2363.0,2373.0,acquire,True,147,144
T9,RC,2373.0,2383.0,acquire,True,148,144
T9,RC,2383.0,2393.0,acquire,True,149,144
T9,RC,2393.0,2403.0,acquire,True,150,144
T9,RC,2403.0,2413.0,acquire,True,151,144
T9,RC,2413.0,2423.0,acquire,True,152,144
T9,RC,2423.0,2433.0,acquire,True,153,144
T9,RC,2433.0,2443.0,acquire,True,154,144
T9,RC,2443.0,2453.0,acquire,True,155,144
T9,RC,2453.0,2463.0,acquire,True,156,144
T9,RC,2463.0,2473.0,acquire,True,157,144
T9,RC,2473.0,2483.0,acquire,True,158,144
T9,RC,2483.0,2493.0,acquire,True,159,144
T9,RC,2493.0,2497.0,row_commit,True,144,144
T9,RC,2497.0,2527.0,anchor,True,160,160
T9,RC,2527.0,2537.0,acquire,True,160,160
T9,RC,2537.0,2547.0,acquire,True,161,160
T9,RC,2547.0,2557.0,acquire,True,162,160
T9,RC,2557.0,2567.0,acquire,True,163,160
T9,RC,2567.0,2577.0,acquire,True,164,160
T9,RC,2577.0,2587.0,acquire,True,165,160
T9,RC,2587.0,2597.0,acquire,True,166,160
T9,RC,2597.0,2607.0,acquire,True,167,160
T9,RC,2607.0,2617.0,acquire,True,168,160
T9,RC,2617.0,2627.0,acquire,True,169,160
T9,RC,2627.0,2637.0,acquire,True,170,160
T9,RC,2637.0,2647.0,acquire,True,171,160
T9,RC,2647.0,2657.0,acquire,True,172,160
T9,RC,2657.0,2667.0,acquire,True,173,160
T9,RC,2667.0,2677.0,acquire,True,174,160
T9,RC,2677.0,2687.0,acquire,True,175,160
T9,RC,2687.0,2691.0,row_commit,True,160,160
T9,RC,2691.0,2721.0,anchor,True,176,176
T9,RC,2721.0,2731.0,acquire,True,176,176
T9,RC,2731.0,2741.0,acquire,True,177,176
T9,RC,2741.0,2751.0,acquire,True,178,176
T9,RC,2751.0,2761.0,acquire,True,179,176
T9,RC,2761.0,2771.0,acquire,True,180,176
T9,RC,2771.0,2781.0,acquire,True,181,176
T9,RC,2781.0,2791.0,acquire,True,182,176
T9,RC,2791.0,2801.0,acquire,True,183,176
T9,RC,2801.0,2811.0,acquire,True,184,176
T9,RC,2811.0,2821.0,acquire,True,185,176
T9,RC,2821.0,2831.0,acquire,True,186,176
T9,RC,2831.0,2841.0,acquire,True,187,176
T9,RC,2841.0,2851.0,acquire,True,188,176
T9,RC,2851.0,2861.0,acquire,True,189,176
T9,RC,2861.0,2871.0,acquire,True,190,176
T9,RC,2871.0,2881.0,acquire,True,191,176
T9,RC,2881.0,2885.0,row_commit,True,176,176
T9,AR,0.0,120.0,home,True,,0
T9,AR,120.0,150.0,anchor,True,0,0
T9,AR,150.0,160.0,acquire,True,0,0
T9,AR,160.0,160.8,record_commit,True,0,0
T9,AR,160.8,170.8,acquire,True,1,1
T9,AR,170.8,171.6,record_commit,True,1,1
T9,AR,171.6,181.6,acquire,True,2,2
T9,AR,181.6,182.4,record_commit,True,2,2
T9,AR,182.4,192.4,acquire,True,3,3
T9,AR,192.4,193.2,record_commit,True,3,3
T9,AR,193.2,203.2,acquire,True,4,4
T9,AR,203.2,204.0,record_commit,True,4,4
T9,AR,204.0,214.0,acquire,True,5,5
T9,AR,214.0,214.8,record_commit,True,5,5
T9,AR,214.8,224.8,acquire,True,6,6
T9,AR,224.8,225.6,record_commit,True,6,6
T9,AR,225.6,235.6,acquire,True,7,7
T9,AR,235.6,236.4,record_commit,True,7,7
T9,AR,236.4,246.4,acquire,True,8,8
T9,AR,246.4,247.2,record_commit,True,8,8
T9,AR,247.2,257.2,acquire,True,9,9
T9,AR,257.2,258.0,record_commit,True,9,9
T9,AR,258.0,268.0,acquire,True,10,10
T9,AR,268.0,268.8,record_commit,True,10,10
T9,AR,268.8,278.8,acquire,True,11,11
T9,AR,278.8,279.6,record_commit,True,11,11
T9,AR,279.6,289.6,acquire,True,12,12
T9,AR,289.6,290.4,record_commit,True,12,12
T9,AR,290.4,300.4,acquire,True,13,13
T9,AR,300.4,301.2,record_commit,True,13,13
T9,AR,301.2,311.2,acquire,True,14,14
T9,AR,311.2,312.0,record_commit,True,14,14
T9,AR,312.0,322.0,acquire,True,15,15
T9,AR,322.0,322.8,record_commit,True,15,15
T9,AR,322.8,352.8,anchor,True,16,16
T9,AR,352.8,362.8,acquire,True,16,16
T9,AR,362.8,363.6,record_commit,True,16,16
T9,AR,363.6,373.6,acquire,True,17,17
T9,AR,373.6,374.4,record_commit,True,17,17
T9,AR,374.4,384.4,acquire,True,18,18
T9,AR,384.4,385.2,record_commit,True,18,18
T9,AR,385.2,395.2,acquire,True,19,19
T9,AR,395.2,396.0,record_commit,True,19,19
T9,AR,396.0,406.0,acquire,True,20,20
T9,AR,406.0,406.8,record_commit,True,20,20
T9,AR,406.8,416.8,acquire,True,21,21
T9,AR,416.8,417.6,record_commit,True,21,21
T9,AR,417.6,427.6,acquire,True,22,22
T9,AR,427.6,428.4,record_commit,True,22,22
T9,AR,428.4,438.4,acquire,True,23,23
T9,AR,438.4,439.2,record_commit,True,23,23
T9,AR,439.2,449.2,acquire,True,24,24
T9,AR,449.2,450.0,record_commit,True,24,24
T9,AR,450.0,460.0,acquire,True,25,25
T9,AR,460.0,460.8,record_commit,True,25,25
T9,AR,460.8,470.8,acquire,True,26,26
T9,AR,470.8,471.6,record_commit,True,26,26
T9,AR,471.6,481.6,acquire,True,27,27
T9,AR,481.6,482.4,record_commit,True,27,27
T9,AR,482.4,492.4,acquire,True,28,28
T9,AR,492.4,493.2,record_commit,True,28,28
T9,AR,493.2,503.2,acquire,True,29,29
T9,AR,503.2,504.0,record_commit,True,29,29
T9,AR,504.0,514.0,acquire,True,30,30
T9,AR,514.0,514.8,record_commit,True,30,30
T9,AR,514.8,524.8,acquire,True,31,31
T9,AR,524.8,525.6,record_commit,True,31,31
T9,AR,525.6,555.6,anchor,True,32,32
T9,AR,555.6,565.6,acquire,True,32,32
T9,AR,565.6,566.4,record_commit,True,32,32
T9,AR,566.4,576.4,acquire,True,33,33
T9,AR,576.4,577.2,record_commit,True,33,33
T9,AR,577.2,587.2,acquire,True,34,34
T9,AR,587.2,588.0,record_commit,True,34,34
T9,AR,588.0,598.0,acquire,True,35,35
T9,AR,598.0,598.8,record_commit,True,35,35
T9,AR,598.8,608.8,acquire,True,36,36
T9,AR,608.8,609.6,record_commit,True,36,36
T9,AR,609.6,619.6,acquire,True,37,37
T9,AR,619.6,620.4,record_commit,True,37,37
T9,AR,620.4,630.4,acquire,True,38,38
T9,AR,630.4,631.2,record_commit,True,38,38
T9,AR,631.2,641.2,acquire,True,39,39
T9,AR,641.2,642.0,record_commit,True,39,39
T9,AR,642.0,652.0,acquire,True,40,40
T9,AR,652.0,652.8,record_commit,True,40,40
T9,AR,652.8,662.8,acquire,True,41,41
T9,AR,662.8,663.6,record_commit,True,41,41
T9,AR,663.6,673.6,acquire,True,42,42
T9,AR,673.6,674.4,record_commit,True,42,42
T9,AR,674.4,684.4,acquire,True,43,43
T9,AR,684.4,685.2,record_commit,True,43,43
T9,AR,685.2,695.2,acquire,True,44,44
T9,AR,695.2,696.0,record_commit,True,44,44
T9,AR,696.0,706.0,acquire,True,45,45
T9,AR,706.0,706.8,record_commit,True,45,45
T9,AR,706.8,716.8,acquire,True,46,46
T9,AR,716.8,717.6,record_commit,True,46,46
T9,AR,717.6,727.6,acquire,True,47,47
T9,AR,727.6,728.4,record_commit,True,47,47
T9,AR,728.4,758.4,anchor,True,48,48
T9,AR,758.4,768.4,acquire,True,48,48
T9,AR,768.4,769.2,record_commit,True,48,48
T9,AR,769.2,779.2,acquire,True,49,49
T9,AR,779.2,780.0,record_commit,True,49,49
T9,AR,780.0,790.0,acquire,True,50,50
T9,AR,790.0,790.8,record_commit,True,50,50
T9,AR,790.8,800.0,acquire,False,51,51
T9,AR,800.0,920.0,home,True,,51
T9,AR,920.0,924.0,lookup,True,,51
T9,AR,924.0,954.0,anchor,True,51,51
T9,AR,954.0,964.0,acquire,True,51,51
T9,AR,964.0,964.8,record_commit,True,51,51
T9,AR,964.8,974.8,acquire,True,52,52
T9,AR,974.8,975.6,record_commit,True,52,52
T9,AR,975.6,985.6,acquire,True,53,53
T9,AR,985.6,986.4,record_commit,True,53,53
T9,AR,986.4,996.4,acquire,True,54,54
T9,AR,996.4,997.2,record_commit,True,54,54
T9,AR,997.2,1007.2,acquire,True,55,55
T9,AR,1007.2,1008.0,record_commit,True,55,55
T9,AR,1008.0,1018.0,acquire,True,56,56
T9,AR,1018.0,1018.8,record_commit,True,56,56
T9,AR,1018.8,1028.8,acquire,True,57,57
T9,AR,1028.8,1029.6,record_commit,True,57,57
T9,AR,1029.6,1039.6,acquire,True,58,58
T9,AR,1039.6,1040.4,record_commit,True,58,58
T9,AR,1040.4,1050.4,acquire,True,59,59
T9,AR,1050.4,1051.2,record_commit,True,59,59
T9,AR,1051.2,1061.2,acquire,True,60,60
T9,AR,1061.2,1062.0,record_commit,True,60,60
T9,AR,1062.0,1072.0,acquire,True,61,61
T9,AR,1072.0,1072.8,record_commit,True,61,61
T9,AR,1072.8,1082.8,acquire,True,62,62
T9,AR,1082.8,1083.6,record_commit,True,62,62
T9,AR,1083.6,1093.6,acquire,True,63,63
T9,AR,1093.6,1094.4,record_commit,True,63,63
T9,AR,1094.4,1124.4,anchor,True,64,64
T9,AR,1124.4,1134.4,acquire,True,64,64
T9,AR,1134.4,1135.2,record_commit,True,64,64
T9,AR,1135.2,1145.2,acquire,True,65,65
T9,AR,1145.2,1146.0,record_commit,True,65,65
T9,AR,1146.0,1156.0,acquire,True,66,66
T9,AR,1156.0,1156.8,record_commit,True,66,66
T9,AR,1156.8,1166.8,acquire,True,67,67
T9,AR,1166.8,1167.6,record_commit,True,67,67
T9,AR,1167.6,1177.6,acquire,True,68,68
T9,AR,1177.6,1178.4,record_commit,True,68,68
T9,AR,1178.4,1188.4,acquire,True,69,69
T9,AR,1188.4,1189.2,record_commit,True,69,69
T9,AR,1189.2,1199.2,acquire,True,70,70
T9,AR,1199.2,1200.0,record_commit,True,70,70
T9,AR,1200.0,1210.0,acquire,True,71,71
T9,AR,1210.0,1210.8,record_commit,True,71,71
T9,AR,1210.8,1220.8,acquire,True,72,72
T9,AR,1220.8,1221.6,record_commit,True,72,72
T9,AR,1221.6,1231.6,acquire,True,73,73
T9,AR,1231.6,1232.4,record_commit,True,73,73
T9,AR,1232.4,1242.4,acquire,True,74,74
T9,AR,1242.4,1243.2,record_commit,True,74,74
T9,AR,1243.2,1253.2,acquire,True,75,75
T9,AR,1253.2,1254.0,record_commit,True,75,75
T9,AR,1254.0,1264.0,acquire,True,76,76
T9,AR,1264.0,1264.8,record_commit,True,76,76
T9,AR,1264.8,1274.8,acquire,True,77,77
T9,AR,1274.8,1275.6,record_commit,True,77,77
T9,AR,1275.6,1285.6,acquire,True,78,78
T9,AR,1285.6,1286.4,record_commit,True,78,78
T9,AR,1286.4,1296.4,acquire,True,79,79
T9,AR,1296.4,1297.2,record_commit,True,79,79
T9,AR,1297.2,1327.2,anchor,True,80,80
T9,AR,1327.2,1337.2,acquire,True,80,80
T9,AR,1337.2,1338.0,record_commit,True,80,80
T9,AR,1338.0,1348.0,acquire,True,81,81
T9,AR,1348.0,1348.8,record_commit,True,81,81
T9,AR,1348.8,1358.8,acquire,True,82,82
T9,AR,1358.8,1359.6,record_commit,True,82,82
T9,AR,1359.6,1369.6,acquire,True,83,83
T9,AR,1369.6,1370.4,record_commit,True,83,83
T9,AR,1370.4,1380.4,acquire,True,84,84
T9,AR,1380.4,1381.2,record_commit,True,84,84
T9,AR,1381.2,1391.2,acquire,True,85,85
T9,AR,1391.2,1392.0,record_commit,True,85,85
T9,AR,1392.0,1402.0,acquire,True,86,86
T9,AR,1402.0,1402.8,record_commit,True,86,86
T9,AR,1402.8,1412.8,acquire,True,87,87
T9,AR,1412.8,1413.6,record_commit,True,87,87
T9,AR,1413.6,1423.6,acquire,True,88,88
T9,AR,1423.6,1424.4,record_commit,True,88,88
T9,AR,1424.4,1434.4,acquire,True,89,89
T9,AR,1434.4,1435.2,record_commit,True,89,89
T9,AR,1435.2,1445.2,acquire,True,90,90
T9,AR,1445.2,1446.0,record_commit,True,90,90
T9,AR,1446.0,1456.0,acquire,True,91,91
T9,AR,1456.0,1456.8,record_commit,True,91,91
T9,AR,1456.8,1466.8,acquire,True,92,92
T9,AR,1466.8,1467.6,record_commit,True,92,92
T9,AR,1467.6,1477.6,acquire,True,93,93
T9,AR,1477.6,1478.4,record_commit,True,93,93
T9,AR,1478.4,1488.4,acquire,True,94,94
T9,AR,1488.4,1489.2,record_commit,True,94,94
T9,AR,1489.2,1499.2,acquire,True,95,95
T9,AR,1499.2,1500.0,record_commit,True,95,95
T9,AR,1500.0,1530.0,anchor,True,96,96
T9,AR,1530.0,1540.0,acquire,True,96,96
T9,AR,1540.0,1540.8,record_commit,True,96,96
T9,AR,1540.8,1550.8,acquire,True,97,97
T9,AR,1550.8,1551.6,record_commit,True,97,97
T9,AR,1551.6,1561.6,acquire,True,98,98
T9,AR,1561.6,1562.4,record_commit,True,98,98
T9,AR,1562.4,1572.4,acquire,True,99,99
T9,AR,1572.4,1573.2,record_commit,True,99,99
T9,AR,1573.2,1583.2,acquire,True,100,100
T9,AR,1583.2,1584.0,record_commit,True,100,100
T9,AR,1584.0,1594.0,acquire,True,101,101
T9,AR,1594.0,1594.8,record_commit,True,101,101
T9,AR,1594.8,1600.0,acquire,False,102,102
T9,AR,1600.0,1720.0,home,True,,102
T9,AR,1720.0,1724.0,lookup,True,,102
T9,AR,1724.0,1754.0,anchor,True,102,102
T9,AR,1754.0,1764.0,acquire,True,102,102
T9,AR,1764.0,1764.8,record_commit,True,102,102
T9,AR,1764.8,1774.8,acquire,True,103,103
T9,AR,1774.8,1775.6,record_commit,True,103,103
T9,AR,1775.6,1785.6,acquire,True,104,104
T9,AR,1785.6,1786.4,record_commit,True,104,104
T9,AR,1786.4,1796.4,acquire,True,105,105
T9,AR,1796.4,1797.2,record_commit,True,105,105
T9,AR,1797.2,1807.2,acquire,True,106,106
T9,AR,1807.2,1808.0,record_commit,True,106,106
T9,AR,1808.0,1818.0,acquire,True,107,107
T9,AR,1818.0,1818.8,record_commit,True,107,107
T9,AR,1818.8,1828.8,acquire,True,108,108
T9,AR,1828.8,1829.6,record_commit,True,108,108
T9,AR,1829.6,1839.6,acquire,True,109,109
T9,AR,1839.6,1840.4,record_commit,True,109,109
T9,AR,1840.4,1850.4,acquire,True,110,110
T9,AR,1850.4,1851.2,record_commit,True,110,110
T9,AR,1851.2,1861.2,acquire,True,111,111
T9,AR,1861.2,1862.0,record_commit,True,111,111
T9,AR,1862.0,1892.0,anchor,True,112,112
T9,AR,1892.0,1902.0,acquire,True,112,112
T9,AR,1902.0,1902.8,record_commit,True,112,112
T9,AR,1902.8,1912.8,acquire,True,113,113
T9,AR,1912.8,1913.6,record_commit,True,113,113
T9,AR,1913.6,1923.6,acquire,True,114,114
T9,AR,1923.6,1924.4,record_commit,True,114,114
T9,AR,1924.4,1934.4,acquire,True,115,115
T9,AR,1934.4,1935.2,record_commit,True,115,115
T9,AR,1935.2,1945.2,acquire,True,116,116
T9,AR,1945.2,1946.0,record_commit,True,116,116
T9,AR,1946.0,1956.0,acquire,True,117,117
T9,AR,1956.0,1956.8,record_commit,True,117,117
T9,AR,1956.8,1966.8,acquire,True,118,118
T9,AR,1966.8,1967.6,record_commit,True,118,118
T9,AR,1967.6,1977.6,acquire,True,119,119
T9,AR,1977.6,1978.4,record_commit,True,119,119
T9,AR,1978.4,1988.4,acquire,True,120,120
T9,AR,1988.4,1989.2,record_commit,True,120,120
T9,AR,1989.2,1999.2,acquire,True,121,121
T9,AR,1999.2,2000.0,record_commit,True,121,121
T9,AR,2000.0,2010.0,acquire,True,122,122
T9,AR,2010.0,2010.8,record_commit,True,122,122
T9,AR,2010.8,2020.8,acquire,True,123,123
T9,AR,2020.8,2021.6,record_commit,True,123,123
T9,AR,2021.6,2031.6,acquire,True,124,124
T9,AR,2031.6,2032.4,record_commit,True,124,124
T9,AR,2032.4,2042.4,acquire,True,125,125
T9,AR,2042.4,2043.2,record_commit,True,125,125
T9,AR,2043.2,2053.2,acquire,True,126,126
T9,AR,2053.2,2054.0,record_commit,True,126,126
T9,AR,2054.0,2064.0,acquire,True,127,127
T9,AR,2064.0,2064.8,record_commit,True,127,127
T9,AR,2064.8,2094.8,anchor,True,128,128
T9,AR,2094.8,2104.8,acquire,True,128,128
T9,AR,2104.8,2105.6,record_commit,True,128,128
T9,AR,2105.6,2115.6,acquire,True,129,129
T9,AR,2115.6,2116.4,record_commit,True,129,129
T9,AR,2116.4,2126.4,acquire,True,130,130
T9,AR,2126.4,2127.2,record_commit,True,130,130
T9,AR,2127.2,2137.2,acquire,True,131,131
T9,AR,2137.2,2138.0,record_commit,True,131,131
T9,AR,2138.0,2148.0,acquire,True,132,132
T9,AR,2148.0,2148.8,record_commit,True,132,132
T9,AR,2148.8,2158.8,acquire,True,133,133
T9,AR,2158.8,2159.6,record_commit,True,133,133
T9,AR,2159.6,2169.6,acquire,True,134,134
T9,AR,2169.6,2170.4,record_commit,True,134,134
T9,AR,2170.4,2180.4,acquire,True,135,135
T9,AR,2180.4,2181.2,record_commit,True,135,135
T9,AR,2181.2,2191.2,acquire,True,136,136
T9,AR,2191.2,2192.0,record_commit,True,136,136
T9,AR,2192.0,2202.0,acquire,True,137,137
T9,AR,2202.0,2202.8,record_commit,True,137,137
T9,AR,2202.8,2212.8,acquire,True,138,138
T9,AR,2212.8,2213.6,record_commit,True,138,138
T9,AR,2213.6,2223.6,acquire,True,139,139
T9,AR,2223.6,2224.4,record_commit,True,139,139
T9,AR,2224.4,2234.4,acquire,True,140,140
T9,AR,2234.4,2235.2,record_commit,True,140,140
T9,AR,2235.2,2245.2,acquire,True,141,141
T9,AR,2245.2,2246.0,record_commit,True,141,141
T9,AR,2246.0,2256.0,acquire,True,142,142
T9,AR,2256.0,2256.8,record_commit,True,142,142
T9,AR,2256.8,2266.8,acquire,True,143,143
T9,AR,2266.8,2267.6,record_commit,True,143,143
T9,AR,2267.6,2297.6,anchor,True,144,144
T9,AR,2297.6,2307.6,acquire,True,144,144
T9,AR,2307.6,2308.4,record_commit,True,144,144
T9,AR,2308.4,2318.4,acquire,True,145,145
T9,AR,2318.4,2319.2,record_commit,True,145,145
T9,AR,2319.2,2329.2,acquire,True,146,146
T9,AR,2329.2,2330.0,record_commit,True,146,146
T9,AR,2330.0,2340.0,acquire,True,147,147
T9,AR,2340.0,2340.8,record_commit,True,147,147
T9,AR,2340.8,2350.8,acquire,True,148,148
T9,AR,2350.8,2351.6,record_commit,True,148,148
T9,AR,2351.6,2361.6,acquire,True,149,149
T9,AR,2361.6,2362.4,record_commit,True,149,149
T9,AR,2362.4,2372.4,acquire,True,150,150
T9,AR,2372.4,2373.2,record_commit,True,150,150
T9,AR,2373.2,2383.2,acquire,True,151,151
T9,AR,2383.2,2384.0,record_commit,True,151,151
T9,AR,2384.0,2394.0,acquire,True,152,152
T9,AR,2394.0,2394.8,record_commit,True,152,152
T9,AR,2394.8,2404.8,acquire,True,153,153
T9,AR,2404.8,2405.6,record_commit,True,153,153
T9,AR,2405.6,2415.6,acquire,True,154,154
T9,AR,2415.6,2416.4,record_commit,True,154,154
T9,AR,2416.4,2426.4,acquire,True,155,155
T9,AR,2426.4,2427.2,record_commit,True,155,155
T9,AR,2427.2,2437.2,acquire,True,156,156
T9,AR,2437.2,2438.0,record_commit,True,156,156
T9,AR,2438.0,2448.0,acquire,True,157,157
T9,AR,2448.0,2448.8,record_commit,True,157,157
T9,AR,2448.8,2458.8,acquire,True,158,158
T9,AR,2458.8,2459.6,record_commit,True,158,158
T9,AR,2459.6,2469.6,acquire,True,159,159
T9,AR,2469.6,2470.4,record_commit,True,159,159
T9,AR,2470.4,2500.4,anchor,True,160,160
T9,AR,2500.4,2510.4,acquire,True,160,160
T9,AR,2510.4,2511.2,record_commit,True,160,160
T9,AR,2511.2,2521.2,acquire,True,161,161
T9,AR,2521.2,2522.0,record_commit,True,161,161
T9,AR,2522.0,2532.0,acquire,True,162,162
T9,AR,2532.0,2532.8,record_commit,True,162,162
T9,AR,2532.8,2542.8,acquire,True,163,163
T9,AR,2542.8,2543.6,record_commit,True,163,163
T9,AR,2543.6,2553.6,acquire,True,164,164
T9,AR,2553.6,2554.4,record_commit,True,164,164
T9,AR,2554.4,2564.4,acquire,True,165,165
T9,AR,2564.4,2565.2,record_commit,True,165,165
T9,AR,2565.2,2575.2,acquire,True,166,166
T9,AR,2575.2,2576.0,record_commit,True,166,166
T9,AR,2576.0,2586.0,acquire,True,167,167
T9,AR,2586.0,2586.8,record_commit,True,167,167
T9,AR,2586.8,2596.8,acquire,True,168,168
T9,AR,2596.8,2597.6,record_commit,True,168,168
T9,AR,2597.6,2607.6,acquire,True,169,169
T9,AR,2607.6,2608.4,record_commit,True,169,169
T9,AR,2608.4,2618.4,acquire,True,170,170
T9,AR,2618.4,2619.2,record_commit,True,170,170
T9,AR,2619.2,2629.2,acquire,True,171,171
T9,AR,2629.2,2630.0,record_commit,True,171,171
T9,AR,2630.0,2640.0,acquire,True,172,172
T9,AR,2640.0,2640.8,record_commit,True,172,172
T9,AR,2640.8,2650.8,acquire,True,173,173
T9,AR,2650.8,2651.6,record_commit,True,173,173
T9,AR,2651.6,2661.6,acquire,True,174,174
T9,AR,2661.6,2662.4,record_commit,True,174,174
T9,AR,2662.4,2672.4,acquire,True,175,175
T9,AR,2672.4,2673.2,record_commit,True,175,175
T9,AR,2673.2,2703.2,anchor,True,176,176
T9,AR,2703.2,2713.2,acquire,True,176,176
T9,AR,2713.2,2714.0,record_commit,True,176,176
T9,AR,2714.0,2724.0,acquire,True,177,177
T9,AR,2724.0,2724.8,record_commit,True,177,177
T9,AR,2724.8,2734.8,acquire,True,178,178
T9,AR,2734.8,2735.6,record_commit,True,178,178
T9,AR,2735.6,2745.6,acquire,True,179,179
T9,AR,2745.6,2746.4,record_commit,True,179,179
T9,AR,2746.4,2756.4,acquire,True,180,180
T9,AR,2756.4,2757.2,record_commit,True,180,180
T9,AR,2757.2,2767.2,acquire,True,181,181
T9,AR,2767.2,2768.0,record_commit,True,181,181
T9,AR,2768.0,2778.0,acquire,True,182,182
T9,AR,2778.0,2778.8,record_commit,True,182,182
T9,AR,2778.8,2788.8,acquire,True,183,183
T9,AR,2788.8,2789.6,record_commit,True,183,183
T9,AR,2789.6,2799.6,acquire,True,184,184
T9,AR,2799.6,2800.4,record_commit,True,184,184
T9,AR,2800.4,2810.4,acquire,True,185,185
T9,AR,2810.4,2811.2,record_commit,True,185,185
T9,AR,2811.2,2821.2,acquire,True,186,186
T9,AR,2821.2,2822.0,record_commit,True,186,186
T9,AR,2822.0,2832.0,acquire,True,187,187
T9,AR,2832.0,2832.8,record_commit,True,187,187
T9,AR,2832.8,2842.8,acquire,True,188,188
T9,AR,2842.8,2843.6,record_commit,True,188,188
T9,AR,2843.6,2853.6,acquire,True,189,189
T9,AR,2853.6,2854.4,record_commit,True,189,189
T9,AR,2854.4,2864.4,acquire,True,190,190
T9,AR,2864.4,2865.2,record_commit,True,190,190
T9,AR,2865.2,2875.2,acquire,True,191,191
T9,AR,2875.2,2876.0,record_commit,True,191,191
T9,BS,0.0,120.0,home,True,,0
T9,BS,120.0,150.0,anchor,True,0,0
T9,BS,150.0,160.0,acquire,True,0,0
T9,BS,160.0,170.0,acquire,True,1,0
T9,BS,170.0,180.0,acquire,True,2,0
T9,BS,180.0,190.0,acquire,True,3,0
T9,BS,190.0,192.0,block_seal,True,0,0
T9,BS,192.0,202.0,acquire,True,4,4
T9,BS,202.0,212.0,acquire,True,5,4
T9,BS,212.0,222.0,acquire,True,6,4
T9,BS,222.0,232.0,acquire,True,7,4
T9,BS,232.0,234.0,block_seal,True,4,4
T9,BS,234.0,244.0,acquire,True,8,8
T9,BS,244.0,254.0,acquire,True,9,8
T9,BS,254.0,264.0,acquire,True,10,8
T9,BS,264.0,274.0,acquire,True,11,8
T9,BS,274.0,276.0,block_seal,True,8,8
T9,BS,276.0,286.0,acquire,True,12,12
T9,BS,286.0,296.0,acquire,True,13,12
T9,BS,296.0,306.0,acquire,True,14,12
T9,BS,306.0,316.0,acquire,True,15,12
T9,BS,316.0,318.0,block_seal,True,12,12
T9,BS,318.0,319.0,row_checkpoint,True,,16
T9,BS,319.0,349.0,anchor,True,16,16
T9,BS,349.0,359.0,acquire,True,16,16
T9,BS,359.0,369.0,acquire,True,17,16
T9,BS,369.0,379.0,acquire,True,18,16
T9,BS,379.0,389.0,acquire,True,19,16
T9,BS,389.0,391.0,block_seal,True,16,16
T9,BS,391.0,401.0,acquire,True,20,20
T9,BS,401.0,411.0,acquire,True,21,20
T9,BS,411.0,421.0,acquire,True,22,20
T9,BS,421.0,431.0,acquire,True,23,20
T9,BS,431.0,433.0,block_seal,True,20,20
T9,BS,433.0,443.0,acquire,True,24,24
T9,BS,443.0,453.0,acquire,True,25,24
T9,BS,453.0,463.0,acquire,True,26,24
T9,BS,463.0,473.0,acquire,True,27,24
T9,BS,473.0,475.0,block_seal,True,24,24
T9,BS,475.0,485.0,acquire,True,28,28
T9,BS,485.0,495.0,acquire,True,29,28
T9,BS,495.0,505.0,acquire,True,30,28
T9,BS,505.0,515.0,acquire,True,31,28
T9,BS,515.0,517.0,block_seal,True,28,28
T9,BS,517.0,518.0,row_checkpoint,True,,32
T9,BS,518.0,548.0,anchor,True,32,32
T9,BS,548.0,558.0,acquire,True,32,32
T9,BS,558.0,568.0,acquire,True,33,32
T9,BS,568.0,578.0,acquire,True,34,32
T9,BS,578.0,588.0,acquire,True,35,32
T9,BS,588.0,590.0,block_seal,True,32,32
T9,BS,590.0,600.0,acquire,True,36,36
T9,BS,600.0,610.0,acquire,True,37,36
T9,BS,610.0,620.0,acquire,True,38,36
T9,BS,620.0,630.0,acquire,True,39,36
T9,BS,630.0,632.0,block_seal,True,36,36
T9,BS,632.0,642.0,acquire,True,40,40
T9,BS,642.0,652.0,acquire,True,41,40
T9,BS,652.0,662.0,acquire,True,42,40
T9,BS,662.0,672.0,acquire,True,43,40
T9,BS,672.0,674.0,block_seal,True,40,40
T9,BS,674.0,684.0,acquire,True,44,44
T9,BS,684.0,694.0,acquire,True,45,44
T9,BS,694.0,704.0,acquire,True,46,44
T9,BS,704.0,714.0,acquire,True,47,44
T9,BS,714.0,716.0,block_seal,True,44,44
T9,BS,716.0,717.0,row_checkpoint,True,,48
T9,BS,717.0,747.0,anchor,True,48,48
T9,BS,747.0,757.0,acquire,True,48,48
T9,BS,757.0,767.0,acquire,True,49,48
T9,BS,767.0,777.0,acquire,True,50,48
T9,BS,777.0,787.0,acquire,True,51,48
T9,BS,787.0,789.0,block_seal,True,48,48
T9,BS,789.0,799.0,acquire,True,52,52
T9,BS,799.0,800.0,acquire,False,53,52
T9,BS,800.0,920.0,home,True,,52
T9,BS,920.0,926.0,lookup,True,,52
T9,BS,926.0,956.0,anchor,True,52,52
T9,BS,956.0,966.0,acquire,True,52,52
T9,BS,966.0,976.0,acquire,True,53,52
T9,BS,976.0,986.0,acquire,True,54,52
T9,BS,986.0,996.0,acquire,True,55,52
T9,BS,996.0,998.0,block_seal,True,52,52
T9,BS,998.0,1008.0,acquire,True,56,56
T9,BS,1008.0,1018.0,acquire,True,57,56
T9,BS,1018.0,1028.0,acquire,True,58,56
T9,BS,1028.0,1038.0,acquire,True,59,56
T9,BS,1038.0,1040.0,block_seal,True,56,56
T9,BS,1040.0,1050.0,acquire,True,60,60
T9,BS,1050.0,1060.0,acquire,True,61,60
T9,BS,1060.0,1070.0,acquire,True,62,60
T9,BS,1070.0,1080.0,acquire,True,63,60
T9,BS,1080.0,1082.0,block_seal,True,60,60
T9,BS,1082.0,1083.0,row_checkpoint,True,,64
T9,BS,1083.0,1113.0,anchor,True,64,64
T9,BS,1113.0,1123.0,acquire,True,64,64
T9,BS,1123.0,1133.0,acquire,True,65,64
T9,BS,1133.0,1143.0,acquire,True,66,64
T9,BS,1143.0,1153.0,acquire,True,67,64
T9,BS,1153.0,1155.0,block_seal,True,64,64
T9,BS,1155.0,1165.0,acquire,True,68,68
T9,BS,1165.0,1175.0,acquire,True,69,68
T9,BS,1175.0,1185.0,acquire,True,70,68
T9,BS,1185.0,1195.0,acquire,True,71,68
T9,BS,1195.0,1197.0,block_seal,True,68,68
T9,BS,1197.0,1207.0,acquire,True,72,72
T9,BS,1207.0,1217.0,acquire,True,73,72
T9,BS,1217.0,1227.0,acquire,True,74,72
T9,BS,1227.0,1237.0,acquire,True,75,72
T9,BS,1237.0,1239.0,block_seal,True,72,72
T9,BS,1239.0,1249.0,acquire,True,76,76
T9,BS,1249.0,1259.0,acquire,True,77,76
T9,BS,1259.0,1269.0,acquire,True,78,76
T9,BS,1269.0,1279.0,acquire,True,79,76
T9,BS,1279.0,1281.0,block_seal,True,76,76
T9,BS,1281.0,1282.0,row_checkpoint,True,,80
T9,BS,1282.0,1312.0,anchor,True,80,80
T9,BS,1312.0,1322.0,acquire,True,80,80
T9,BS,1322.0,1332.0,acquire,True,81,80
T9,BS,1332.0,1342.0,acquire,True,82,80
T9,BS,1342.0,1352.0,acquire,True,83,80
T9,BS,1352.0,1354.0,block_seal,True,80,80
T9,BS,1354.0,1364.0,acquire,True,84,84
T9,BS,1364.0,1374.0,acquire,True,85,84
T9,BS,1374.0,1384.0,acquire,True,86,84
T9,BS,1384.0,1394.0,acquire,True,87,84
T9,BS,1394.0,1396.0,block_seal,True,84,84
T9,BS,1396.0,1406.0,acquire,True,88,88
T9,BS,1406.0,1416.0,acquire,True,89,88
T9,BS,1416.0,1426.0,acquire,True,90,88
T9,BS,1426.0,1436.0,acquire,True,91,88
T9,BS,1436.0,1438.0,block_seal,True,88,88
T9,BS,1438.0,1448.0,acquire,True,92,92
T9,BS,1448.0,1458.0,acquire,True,93,92
T9,BS,1458.0,1468.0,acquire,True,94,92
T9,BS,1468.0,1478.0,acquire,True,95,92
T9,BS,1478.0,1480.0,block_seal,True,92,92
T9,BS,1480.0,1481.0,row_checkpoint,True,,96
T9,BS,1481.0,1511.0,anchor,True,96,96
T9,BS,1511.0,1521.0,acquire,True,96,96
T9,BS,1521.0,1531.0,acquire,True,97,96
T9,BS,1531.0,1541.0,acquire,True,98,96
T9,BS,1541.0,1551.0,acquire,True,99,96
T9,BS,1551.0,1553.0,block_seal,True,96,96
T9,BS,1553.0,1563.0,acquire,True,100,100
T9,BS,1563.0,1573.0,acquire,True,101,100
T9,BS,1573.0,1583.0,acquire,True,102,100
T9,BS,1583.0,1593.0,acquire,True,103,100
T9,BS,1593.0,1595.0,block_seal,True,100,100
T9,BS,1595.0,1600.0,acquire,False,104,104
T9,BS,1600.0,1720.0,home,True,,104
T9,BS,1720.0,1726.0,lookup,True,,104
T9,BS,1726.0,1756.0,anchor,True,104,104
T9,BS,1756.0,1766.0,acquire,True,104,104
T9,BS,1766.0,1776.0,acquire,True,105,104
T9,BS,1776.0,1786.0,acquire,True,106,104
T9,BS,1786.0,1796.0,acquire,True,107,104
T9,BS,1796.0,1798.0,block_seal,True,104,104
T9,BS,1798.0,1808.0,acquire,True,108,108
T9,BS,1808.0,1818.0,acquire,True,109,108
T9,BS,1818.0,1828.0,acquire,True,110,108
T9,BS,1828.0,1838.0,acquire,True,111,108
T9,BS,1838.0,1840.0,block_seal,True,108,108
T9,BS,1840.0,1841.0,row_checkpoint,True,,112
T9,BS,1841.0,1871.0,anchor,True,112,112
T9,BS,1871.0,1881.0,acquire,True,112,112
T9,BS,1881.0,1891.0,acquire,True,113,112
T9,BS,1891.0,1901.0,acquire,True,114,112
T9,BS,1901.0,1911.0,acquire,True,115,112
T9,BS,1911.0,1913.0,block_seal,True,112,112
T9,BS,1913.0,1923.0,acquire,True,116,116
T9,BS,1923.0,1933.0,acquire,True,117,116
T9,BS,1933.0,1943.0,acquire,True,118,116
T9,BS,1943.0,1953.0,acquire,True,119,116
T9,BS,1953.0,1955.0,block_seal,True,116,116
T9,BS,1955.0,1965.0,acquire,True,120,120
T9,BS,1965.0,1975.0,acquire,True,121,120
T9,BS,1975.0,1985.0,acquire,True,122,120
T9,BS,1985.0,1995.0,acquire,True,123,120
T9,BS,1995.0,1997.0,block_seal,True,120,120
T9,BS,1997.0,2007.0,acquire,True,124,124
T9,BS,2007.0,2017.0,acquire,True,125,124
T9,BS,2017.0,2027.0,acquire,True,126,124
T9,BS,2027.0,2037.0,acquire,True,127,124
T9,BS,2037.0,2039.0,block_seal,True,124,124
T9,BS,2039.0,2040.0,row_checkpoint,True,,128
T9,BS,2040.0,2070.0,anchor,True,128,128
T9,BS,2070.0,2080.0,acquire,True,128,128
T9,BS,2080.0,2090.0,acquire,True,129,128
T9,BS,2090.0,2100.0,acquire,True,130,128
T9,BS,2100.0,2110.0,acquire,True,131,128
T9,BS,2110.0,2112.0,block_seal,True,128,128
T9,BS,2112.0,2122.0,acquire,True,132,132
T9,BS,2122.0,2132.0,acquire,True,133,132
T9,BS,2132.0,2142.0,acquire,True,134,132
T9,BS,2142.0,2152.0,acquire,True,135,132
T9,BS,2152.0,2154.0,block_seal,True,132,132
T9,BS,2154.0,2164.0,acquire,True,136,136
T9,BS,2164.0,2174.0,acquire,True,137,136
T9,BS,2174.0,2184.0,acquire,True,138,136
T9,BS,2184.0,2194.0,acquire,True,139,136
T9,BS,2194.0,2196.0,block_seal,True,136,136
T9,BS,2196.0,2206.0,acquire,True,140,140
T9,BS,2206.0,2216.0,acquire,True,141,140
T9,BS,2216.0,2226.0,acquire,True,142,140
T9,BS,2226.0,2236.0,acquire,True,143,140
T9,BS,2236.0,2238.0,block_seal,True,140,140
T9,BS,2238.0,2239.0,row_checkpoint,True,,144
T9,BS,2239.0,2269.0,anchor,True,144,144
T9,BS,2269.0,2279.0,acquire,True,144,144
T9,BS,2279.0,2289.0,acquire,True,145,144
T9,BS,2289.0,2299.0,acquire,True,146,144
T9,BS,2299.0,2309.0,acquire,True,147,144
T9,BS,2309.0,2311.0,block_seal,True,144,144
T9,BS,2311.0,2321.0,acquire,True,148,148
T9,BS,2321.0,2331.0,acquire,True,149,148
T9,BS,2331.0,2341.0,acquire,True,150,148
T9,BS,2341.0,2351.0,acquire,True,151,148
T9,BS,2351.0,2353.0,block_seal,True,148,148
T9,BS,2353.0,2363.0,acquire,True,152,152
T9,BS,2363.0,2373.0,acquire,True,153,152
T9,BS,2373.0,2383.0,acquire,True,154,152
T9,BS,2383.0,2393.0,acquire,True,155,152
T9,BS,2393.0,2395.0,block_seal,True,152,152
T9,BS,2395.0,2405.0,acquire,True,156,156
T9,BS,2405.0,2415.0,acquire,True,157,156
T9,BS,2415.0,2425.0,acquire,True,158,156
T9,BS,2425.0,2435.0,acquire,True,159,156
T9,BS,2435.0,2437.0,block_seal,True,156,156
T9,BS,2437.0,2438.0,row_checkpoint,True,,160
T9,BS,2438.0,2468.0,anchor,True,160,160
T9,BS,2468.0,2478.0,acquire,True,160,160
T9,BS,2478.0,2488.0,acquire,True,161,160
T9,BS,2488.0,2498.0,acquire,True,162,160
T9,BS,2498.0,2508.0,acquire,True,163,160
T9,BS,2508.0,2510.0,block_seal,True,160,160
T9,BS,2510.0,2520.0,acquire,True,164,164
T9,BS,2520.0,2530.0,acquire,True,165,164
T9,BS,2530.0,2540.0,acquire,True,166,164
T9,BS,2540.0,2550.0,acquire,True,167,164
T9,BS,2550.0,2552.0,block_seal,True,164,164
T9,BS,2552.0,2562.0,acquire,True,168,168
T9,BS,2562.0,2572.0,acquire,True,169,168
T9,BS,2572.0,2582.0,acquire,True,170,168
T9,BS,2582.0,2592.0,acquire,True,171,168
T9,BS,2592.0,2594.0,block_seal,True,168,168
T9,BS,2594.0,2604.0,acquire,True,172,172
T9,BS,2604.0,2614.0,acquire,True,173,172
T9,BS,2614.0,2624.0,acquire,True,174,172
T9,BS,2624.0,2634.0,acquire,True,175,172
T9,BS,2634.0,2636.0,block_seal,True,172,172
T9,BS,2636.0,2637.0,row_checkpoint,True,,176
T9,BS,2637.0,2667.0,anchor,True,176,176
T9,BS,2667.0,2677.0,acquire,True,176,176
T9,BS,2677.0,2687.0,acquire,True,177,176
T9,BS,2687.0,2697.0,acquire,True,178,176
T9,BS,2697.0,2707.0,acquire,True,179,176
T9,BS,2707.0,2709.0,block_seal,True,176,176
T9,BS,2709.0,2719.0,acquire,True,180,180
T9,BS,2719.0,2729.0,acquire,True,181,180
T9,BS,2729.0,2739.0,acquire,True,182,180
T9,BS,2739.0,2749.0,acquire,True,183,180
T9,BS,2749.0,2751.0,block_seal,True,180,180
T9,BS,2751.0,2761.0,acquire,True,184,184
T9,BS,2761.0,2771.0,acquire,True,185,184
T9,BS,2771.0,2781.0,acquire,True,186,184
T9,BS,2781.0,2791.0,acquire,True,187,184
T9,BS,2791.0,2793.0,block_seal,True,184,184
T9,BS,2793.0,2803.0,acquire,True,188,188
T9,BS,2803.0,2813.0,acquire,True,189,188
T9,BS,2813.0,2823.0,acquire,True,190,188
T9,BS,2823.0,2833.0,acquire,True,191,188
T9,BS,2833.0,2835.0,block_seal,True,188,188
T9,BS,2835.0,2836.0,row_checkpoint,True,,192
T10,RC,0.0,120.0,home,True,,0
T10,RC,120.0,150.0,anchor,True,0,0
T10,RC,150.0,160.0,acquire,True,0,0
T10,RC,160.0,170.0,acquire,True,1,0
T10,RC,170.0,180.0,acquire,True,2,0
T10,RC,180.0,190.0,acquire,True,3,0
T10,RC,190.0,200.0,acquire,True,4,0
T10,RC,200.0,210.0,acquire,True,5,0
T10,RC,210.0,220.0,acquire,True,6,0
T10,RC,220.0,230.0,acquire,True,7,0
T10,RC,230.0,240.0,acquire,True,8,0
T10,RC,240.0,250.0,acquire,True,9,0
T10,RC,250.0,260.0,acquire,True,10,0
T10,RC,260.0,270.0,acquire,True,11,0
T10,RC,270.0,280.0,acquire,True,12,0
T10,RC,280.0,290.0,acquire,True,13,0
T10,RC,290.0,300.0,acquire,True,14,0
T10,RC,300.0,310.0,acquire,True,15,0
T10,RC,310.0,314.0,row_commit,True,0,0
T10,RC,314.0,344.0,anchor,True,16,16
T10,RC,344.0,354.0,acquire,True,16,16
T10,RC,354.0,364.0,acquire,True,17,16
T10,RC,364.0,374.0,acquire,True,18,16
T10,RC,374.0,384.0,acquire,True,19,16
T10,RC,384.0,394.0,acquire,True,20,16
T10,RC,394.0,404.0,acquire,True,21,16
T10,RC,404.0,414.0,acquire,True,22,16
T10,RC,414.0,424.0,acquire,True,23,16
T10,RC,424.0,434.0,acquire,True,24,16
T10,RC,434.0,444.0,acquire,True,25,16
T10,RC,444.0,454.0,acquire,True,26,16
T10,RC,454.0,464.0,acquire,True,27,16
T10,RC,464.0,474.0,acquire,True,28,16
T10,RC,474.0,484.0,acquire,True,29,16
T10,RC,484.0,494.0,acquire,True,30,16
T10,RC,494.0,504.0,acquire,True,31,16
T10,RC,504.0,508.0,row_commit,True,16,16
T10,RC,508.0,538.0,anchor,True,32,32
T10,RC,538.0,548.0,acquire,True,32,32
T10,RC,548.0,558.0,acquire,True,33,32
T10,RC,558.0,568.0,acquire,True,34,32
T10,RC,568.0,578.0,acquire,True,35,32
T10,RC,578.0,588.0,acquire,True,36,32
T10,RC,588.0,598.0,acquire,True,37,32
T10,RC,598.0,608.0,acquire,True,38,32
T10,RC,608.0,618.0,acquire,True,39,32
T10,RC,618.0,628.0,acquire,True,40,32
T10,RC,628.0,638.0,acquire,True,41,32
T10,RC,638.0,648.0,acquire,True,42,32
T10,RC,648.0,658.0,acquire,True,43,32
T10,RC,658.0,668.0,acquire,True,44,32
T10,RC,668.0,678.0,acquire,True,45,32
T10,RC,678.0,688.0,acquire,True,46,32
T10,RC,688.0,698.0,acquire,True,47,32
T10,RC,698.0,702.0,row_commit,True,32,32
T10,RC,702.0,732.0,anchor,True,48,48
T10,RC,732.0,742.0,acquire,True,48,48
T10,RC,742.0,752.0,acquire,True,49,48
T10,RC,752.0,762.0,acquire,True,50,48
T10,RC,762.0,772.0,acquire,True,51,48
T10,RC,772.0,782.0,acquire,True,52,48
T10,RC,782.0,792.0,acquire,True,53,48
T10,RC,792.0,802.0,acquire,True,54,48
T10,RC,802.0,812.0,acquire,True,55,48
T10,RC,812.0,822.0,acquire,True,56,48
T10,RC,822.0,832.0,acquire,True,57,48
T10,RC,832.0,842.0,acquire,True,58,48
T10,RC,842.0,852.0,acquire,True,59,48
T10,RC,852.0,862.0,acquire,True,60,48
T10,RC,862.0,872.0,acquire,True,61,48
T10,RC,872.0,882.0,acquire,True,62,48
T10,RC,882.0,892.0,acquire,True,63,48
T10,RC,892.0,896.0,row_commit,True,48,48
T10,RC,896.0,900.0,anchor,False,64,64
T10,RC,900.0,1020.0,home,True,,64
T10,RC,1020.0,1021.0,lookup,True,,64
T10,RC,1021.0,1051.0,anchor,True,64,64
T10,RC,1051.0,1061.0,acquire,True,64,64
T10,RC,1061.0,1071.0,acquire,True,65,64
T10,RC,1071.0,1081.0,acquire,True,66,64
T10,RC,1081.0,1091.0,acquire,True,67,64
T10,RC,1091.0,1101.0,acquire,True,68,64
T10,RC,1101.0,1111.0,acquire,True,69,64
T10,RC,1111.0,1121.0,acquire,True,70,64
T10,RC,1121.0,1131.0,acquire,True,71,64
T10,RC,1131.0,1141.0,acquire,True,72,64
T10,RC,1141.0,1151.0,acquire,True,73,64
T10,RC,1151.0,1161.0,acquire,True,74,64
T10,RC,1161.0,1171.0,acquire,True,75,64
T10,RC,1171.0,1181.0,acquire,True,76,64
T10,RC,1181.0,1191.0,acquire,True,77,64
T10,RC,1191.0,1201.0,acquire,True,78,64
T10,RC,1201.0,1211.0,acquire,True,79,64
T10,RC,1211.0,1215.0,row_commit,True,64,64
T10,RC,1215.0,1245.0,anchor,True,80,80
T10,RC,1245.0,1255.0,acquire,True,80,80
T10,RC,1255.0,1265.0,acquire,True,81,80
T10,RC,1265.0,1275.0,acquire,True,82,80
T10,RC,1275.0,1285.0,acquire,True,83,80
T10,RC,1285.0,1295.0,acquire,True,84,80
T10,RC,1295.0,1305.0,acquire,True,85,80
T10,RC,1305.0,1315.0,acquire,True,86,80
T10,RC,1315.0,1325.0,acquire,True,87,80
T10,RC,1325.0,1335.0,acquire,True,88,80
T10,RC,1335.0,1345.0,acquire,True,89,80
T10,RC,1345.0,1355.0,acquire,True,90,80
T10,RC,1355.0,1365.0,acquire,True,91,80
T10,RC,1365.0,1375.0,acquire,True,92,80
T10,RC,1375.0,1385.0,acquire,True,93,80
T10,RC,1385.0,1395.0,acquire,True,94,80
T10,RC,1395.0,1405.0,acquire,True,95,80
T10,RC,1405.0,1409.0,row_commit,True,80,80
T10,RC,1409.0,1439.0,anchor,True,96,96
T10,RC,1439.0,1449.0,acquire,True,96,96
T10,RC,1449.0,1459.0,acquire,True,97,96
T10,RC,1459.0,1469.0,acquire,True,98,96
T10,RC,1469.0,1479.0,acquire,True,99,96
T10,RC,1479.0,1489.0,acquire,True,100,96
T10,RC,1489.0,1499.0,acquire,True,101,96
T10,RC,1499.0,1509.0,acquire,True,102,96
T10,RC,1509.0,1519.0,acquire,True,103,96
T10,RC,1519.0,1529.0,acquire,True,104,96
T10,RC,1529.0,1539.0,acquire,True,105,96
T10,RC,1539.0,1549.0,acquire,True,106,96
T10,RC,1549.0,1559.0,acquire,True,107,96
T10,RC,1559.0,1569.0,acquire,True,108,96
T10,RC,1569.0,1579.0,acquire,True,109,96
T10,RC,1579.0,1589.0,acquire,True,110,96
T10,RC,1589.0,1599.0,acquire,True,111,96
T10,RC,1599.0,1603.0,row_commit,True,96,96
T10,RC,1603.0,1633.0,anchor,True,112,112
T10,RC,1633.0,1643.0,acquire,True,112,112
T10,RC,1643.0,1653.0,acquire,True,113,112
T10,RC,1653.0,1663.0,acquire,True,114,112
T10,RC,1663.0,1673.0,acquire,True,115,112
T10,RC,1673.0,1683.0,acquire,True,116,112
T10,RC,1683.0,1693.0,acquire,True,117,112
T10,RC,1693.0,1703.0,acquire,True,118,112
T10,RC,1703.0,1713.0,acquire,True,119,112
T10,RC,1713.0,1723.0,acquire,True,120,112
T10,RC,1723.0,1733.0,acquire,True,121,112
T10,RC,1733.0,1743.0,acquire,True,122,112
T10,RC,1743.0,1753.0,acquire,True,123,112
T10,RC,1753.0,1763.0,acquire,True,124,112
T10,RC,1763.0,1773.0,acquire,True,125,112
T10,RC,1773.0,1783.0,acquire,True,126,112
T10,RC,1783.0,1793.0,acquire,True,127,112
T10,RC,1793.0,1797.0,row_commit,True,112,112
T10,RC,1797.0,1800.0,anchor,False,128,128
T10,RC,1800.0,1920.0,home,True,,128
T10,RC,1920.0,1921.0,lookup,True,,128
T10,RC,1921.0,1951.0,anchor,True,128,128
T10,RC,1951.0,1961.0,acquire,True,128,128
T10,RC,1961.0,1971.0,acquire,True,129,128
T10,RC,1971.0,1981.0,acquire,True,130,128
T10,RC,1981.0,1991.0,acquire,True,131,128
T10,RC,1991.0,2001.0,acquire,True,132,128
T10,RC,2001.0,2011.0,acquire,True,133,128
T10,RC,2011.0,2021.0,acquire,True,134,128
T10,RC,2021.0,2031.0,acquire,True,135,128
T10,RC,2031.0,2041.0,acquire,True,136,128
T10,RC,2041.0,2051.0,acquire,True,137,128
T10,RC,2051.0,2061.0,acquire,True,138,128
T10,RC,2061.0,2071.0,acquire,True,139,128
T10,RC,2071.0,2081.0,acquire,True,140,128
T10,RC,2081.0,2091.0,acquire,True,141,128
T10,RC,2091.0,2101.0,acquire,True,142,128
T10,RC,2101.0,2111.0,acquire,True,143,128
T10,RC,2111.0,2115.0,row_commit,True,128,128
T10,RC,2115.0,2145.0,anchor,True,144,144
T10,RC,2145.0,2155.0,acquire,True,144,144
T10,RC,2155.0,2165.0,acquire,True,145,144
T10,RC,2165.0,2175.0,acquire,True,146,144
T10,RC,2175.0,2185.0,acquire,True,147,144
T10,RC,2185.0,2195.0,acquire,True,148,144
T10,RC,2195.0,2205.0,acquire,True,149,144
T10,RC,2205.0,2215.0,acquire,True,150,144
T10,RC,2215.0,2225.0,acquire,True,151,144
T10,RC,2225.0,2235.0,acquire,True,152,144
T10,RC,2235.0,2245.0,acquire,True,153,144
T10,RC,2245.0,2255.0,acquire,True,154,144
T10,RC,2255.0,2265.0,acquire,True,155,144
T10,RC,2265.0,2275.0,acquire,True,156,144
T10,RC,2275.0,2285.0,acquire,True,157,144
T10,RC,2285.0,2295.0,acquire,True,158,144
T10,RC,2295.0,2305.0,acquire,True,159,144
T10,RC,2305.0,2309.0,row_commit,True,144,144
T10,RC,2309.0,2339.0,anchor,True,160,160
T10,RC,2339.0,2349.0,acquire,True,160,160
T10,RC,2349.0,2359.0,acquire,True,161,160
T10,RC,2359.0,2369.0,acquire,True,162,160
T10,RC,2369.0,2379.0,acquire,True,163,160
T10,RC,2379.0,2389.0,acquire,True,164,160
T10,RC,2389.0,2399.0,acquire,True,165,160
T10,RC,2399.0,2409.0,acquire,True,166,160
T10,RC,2409.0,2419.0,acquire,True,167,160
T10,RC,2419.0,2429.0,acquire,True,168,160
T10,RC,2429.0,2439.0,acquire,True,169,160
T10,RC,2439.0,2449.0,acquire,True,170,160
T10,RC,2449.0,2459.0,acquire,True,171,160
T10,RC,2459.0,2469.0,acquire,True,172,160
T10,RC,2469.0,2479.0,acquire,True,173,160
T10,RC,2479.0,2489.0,acquire,True,174,160
T10,RC,2489.0,2499.0,acquire,True,175,160
T10,RC,2499.0,2503.0,row_commit,True,160,160
T10,RC,2503.0,2533.0,anchor,True,176,176
T10,RC,2533.0,2543.0,acquire,True,176,176
T10,RC,2543.0,2553.0,acquire,True,177,176
T10,RC,2553.0,2563.0,acquire,True,178,176
T10,RC,2563.0,2573.0,acquire,True,179,176
T10,RC,2573.0,2583.0,acquire,True,180,176
T10,RC,2583.0,2593.0,acquire,True,181,176
T10,RC,2593.0,2603.0,acquire,True,182,176
T10,RC,2603.0,2613.0,acquire,True,183,176
T10,RC,2613.0,2623.0,acquire,True,184,176
T10,RC,2623.0,2633.0,acquire,True,185,176
T10,RC,2633.0,2643.0,acquire,True,186,176
T10,RC,2643.0,2653.0,acquire,True,187,176
T10,RC,2653.0,2663.0,acquire,True,188,176
T10,RC,2663.0,2673.0,acquire,True,189,176
T10,RC,2673.0,2683.0,acquire,True,190,176
T10,RC,2683.0,2693.0,acquire,True,191,176
T10,RC,2693.0,2697.0,row_commit,True,176,176
T10,AR,0.0,120.0,home,True,,0
T10,AR,120.0,150.0,anchor,True,0,0
T10,AR,150.0,160.0,acquire,True,0,0
T10,AR,160.0,160.8,record_commit,True,0,0
T10,AR,160.8,170.8,acquire,True,1,1
T10,AR,170.8,171.6,record_commit,True,1,1
T10,AR,171.6,181.6,acquire,True,2,2
T10,AR,181.6,182.4,record_commit,True,2,2
T10,AR,182.4,192.4,acquire,True,3,3
T10,AR,192.4,193.2,record_commit,True,3,3
T10,AR,193.2,203.2,acquire,True,4,4
T10,AR,203.2,204.0,record_commit,True,4,4
T10,AR,204.0,214.0,acquire,True,5,5
T10,AR,214.0,214.8,record_commit,True,5,5
T10,AR,214.8,224.8,acquire,True,6,6
T10,AR,224.8,225.6,record_commit,True,6,6
T10,AR,225.6,235.6,acquire,True,7,7
T10,AR,235.6,236.4,record_commit,True,7,7
T10,AR,236.4,246.4,acquire,True,8,8
T10,AR,246.4,247.2,record_commit,True,8,8
T10,AR,247.2,257.2,acquire,True,9,9
T10,AR,257.2,258.0,record_commit,True,9,9
T10,AR,258.0,268.0,acquire,True,10,10
T10,AR,268.0,268.8,record_commit,True,10,10
T10,AR,268.8,278.8,acquire,True,11,11
T10,AR,278.8,279.6,record_commit,True,11,11
T10,AR,279.6,289.6,acquire,True,12,12
T10,AR,289.6,290.4,record_commit,True,12,12
T10,AR,290.4,300.4,acquire,True,13,13
T10,AR,300.4,301.2,record_commit,True,13,13
T10,AR,301.2,311.2,acquire,True,14,14
T10,AR,311.2,312.0,record_commit,True,14,14
T10,AR,312.0,322.0,acquire,True,15,15
T10,AR,322.0,322.8,record_commit,True,15,15
T10,AR,322.8,352.8,anchor,True,16,16
T10,AR,352.8,362.8,acquire,True,16,16
T10,AR,362.8,363.6,record_commit,True,16,16
T10,AR,363.6,373.6,acquire,True,17,17
T10,AR,373.6,374.4,record_commit,True,17,17
T10,AR,374.4,384.4,acquire,True,18,18
T10,AR,384.4,385.2,record_commit,True,18,18
T10,AR,385.2,395.2,acquire,True,19,19
T10,AR,395.2,396.0,record_commit,True,19,19
T10,AR,396.0,406.0,acquire,True,20,20
T10,AR,406.0,406.8,record_commit,True,20,20
T10,AR,406.8,416.8,acquire,True,21,21
T10,AR,416.8,417.6,record_commit,True,21,21
T10,AR,417.6,427.6,acquire,True,22,22
T10,AR,427.6,428.4,record_commit,True,22,22
T10,AR,428.4,438.4,acquire,True,23,23
T10,AR,438.4,439.2,record_commit,True,23,23
T10,AR,439.2,449.2,acquire,True,24,24
T10,AR,449.2,450.0,record_commit,True,24,24
T10,AR,450.0,460.0,acquire,True,25,25
T10,AR,460.0,460.8,record_commit,True,25,25
T10,AR,460.8,470.8,acquire,True,26,26
T10,AR,470.8,471.6,record_commit,True,26,26
T10,AR,471.6,481.6,acquire,True,27,27
T10,AR,481.6,482.4,record_commit,True,27,27
T10,AR,482.4,492.4,acquire,True,28,28
T10,AR,492.4,493.2,record_commit,True,28,28
T10,AR,493.2,503.2,acquire,True,29,29
T10,AR,503.2,504.0,record_commit,True,29,29
T10,AR,504.0,514.0,acquire,True,30,30
T10,AR,514.0,514.8,record_commit,True,30,30
T10,AR,514.8,524.8,acquire,True,31,31
T10,AR,524.8,525.6,record_commit,True,31,31
T10,AR,525.6,555.6,anchor,True,32,32
T10,AR,555.6,565.6,acquire,True,32,32
T10,AR,565.6,566.4,record_commit,True,32,32
T10,AR,566.4,576.4,acquire,True,33,33
T10,AR,576.4,577.2,record_commit,True,33,33
T10,AR,577.2,587.2,acquire,True,34,34
T10,AR,587.2,588.0,record_commit,True,34,34
T10,AR,588.0,598.0,acquire,True,35,35
T10,AR,598.0,598.8,record_commit,True,35,35
T10,AR,598.8,608.8,acquire,True,36,36
T10,AR,608.8,609.6,record_commit,True,36,36
T10,AR,609.6,619.6,acquire,True,37,37
T10,AR,619.6,620.4,record_commit,True,37,37
T10,AR,620.4,630.4,acquire,True,38,38
T10,AR,630.4,631.2,record_commit,True,38,38
T10,AR,631.2,641.2,acquire,True,39,39
T10,AR,641.2,642.0,record_commit,True,39,39
T10,AR,642.0,652.0,acquire,True,40,40
T10,AR,652.0,652.8,record_commit,True,40,40
T10,AR,652.8,662.8,acquire,True,41,41
T10,AR,662.8,663.6,record_commit,True,41,41
T10,AR,663.6,673.6,acquire,True,42,42
T10,AR,673.6,674.4,record_commit,True,42,42
T10,AR,674.4,684.4,acquire,True,43,43
T10,AR,684.4,685.2,record_commit,True,43,43
T10,AR,685.2,695.2,acquire,True,44,44
T10,AR,695.2,696.0,record_commit,True,44,44
T10,AR,696.0,706.0,acquire,True,45,45
T10,AR,706.0,706.8,record_commit,True,45,45
T10,AR,706.8,716.8,acquire,True,46,46
T10,AR,716.8,717.6,record_commit,True,46,46
T10,AR,717.6,727.6,acquire,True,47,47
T10,AR,727.6,728.4,record_commit,True,47,47
T10,AR,728.4,758.4,anchor,True,48,48
T10,AR,758.4,768.4,acquire,True,48,48
T10,AR,768.4,769.2,record_commit,True,48,48
T10,AR,769.2,779.2,acquire,True,49,49
T10,AR,779.2,780.0,record_commit,True,49,49
T10,AR,780.0,790.0,acquire,True,50,50
T10,AR,790.0,790.8,record_commit,True,50,50
T10,AR,790.8,800.8,acquire,True,51,51
T10,AR,800.8,801.6,record_commit,True,51,51
T10,AR,801.6,811.6,acquire,True,52,52
T10,AR,811.6,812.4,record_commit,True,52,52
T10,AR,812.4,822.4,acquire,True,53,53
T10,AR,822.4,823.2,record_commit,True,53,53
T10,AR,823.2,833.2,acquire,True,54,54
T10,AR,833.2,834.0,record_commit,True,54,54
T10,AR,834.0,844.0,acquire,True,55,55
T10,AR,844.0,844.8,record_commit,True,55,55
T10,AR,844.8,854.8,acquire,True,56,56
T10,AR,854.8,855.6,record_commit,True,56,56
T10,AR,855.6,865.6,acquire,True,57,57
T10,AR,865.6,866.4,record_commit,True,57,57
T10,AR,866.4,876.4,acquire,True,58,58
T10,AR,876.4,877.2,record_commit,True,58,58
T10,AR,877.2,887.2,acquire,True,59,59
T10,AR,887.2,888.0,record_commit,True,59,59
T10,AR,888.0,898.0,acquire,True,60,60
T10,AR,898.0,898.8,record_commit,True,60,60
T10,AR,898.8,900.0,acquire,False,61,61
T10,AR,900.0,1020.0,home,True,,61
T10,AR,1020.0,1024.0,lookup,True,,61
T10,AR,1024.0,1054.0,anchor,True,61,61
T10,AR,1054.0,1064.0,acquire,True,61,61
T10,AR,1064.0,1064.8,record_commit,True,61,61
T10,AR,1064.8,1074.8,acquire,True,62,62
T10,AR,1074.8,1075.6,record_commit,True,62,62
T10,AR,1075.6,1085.6,acquire,True,63,63
T10,AR,1085.6,1086.4,record_commit,True,63,63
T10,AR,1086.4,1116.4,anchor,True,64,64
T10,AR,1116.4,1126.4,acquire,True,64,64
T10,AR,1126.4,1127.2,record_commit,True,64,64
T10,AR,1127.2,1137.2,acquire,True,65,65
T10,AR,1137.2,1138.0,record_commit,True,65,65
T10,AR,1138.0,1148.0,acquire,True,66,66
T10,AR,1148.0,1148.8,record_commit,True,66,66
T10,AR,1148.8,1158.8,acquire,True,67,67
T10,AR,1158.8,1159.6,record_commit,True,67,67
T10,AR,1159.6,1169.6,acquire,True,68,68
T10,AR,1169.6,1170.4,record_commit,True,68,68
T10,AR,1170.4,1180.4,acquire,True,69,69
T10,AR,1180.4,1181.2,record_commit,True,69,69
T10,AR,1181.2,1191.2,acquire,True,70,70
T10,AR,1191.2,1192.0,record_commit,True,70,70
T10,AR,1192.0,1202.0,acquire,True,71,71
T10,AR,1202.0,1202.8,record_commit,True,71,71
T10,AR,1202.8,1212.8,acquire,True,72,72
T10,AR,1212.8,1213.6,record_commit,True,72,72
T10,AR,1213.6,1223.6,acquire,True,73,73
T10,AR,1223.6,1224.4,record_commit,True,73,73
T10,AR,1224.4,1234.4,acquire,True,74,74
T10,AR,1234.4,1235.2,record_commit,True,74,74
T10,AR,1235.2,1245.2,acquire,True,75,75
T10,AR,1245.2,1246.0,record_commit,True,75,75
T10,AR,1246.0,1256.0,acquire,True,76,76
T10,AR,1256.0,1256.8,record_commit,True,76,76
T10,AR,1256.8,1266.8,acquire,True,77,77
T10,AR,1266.8,1267.6,record_commit,True,77,77
T10,AR,1267.6,1277.6,acquire,True,78,78
T10,AR,1277.6,1278.4,record_commit,True,78,78
T10,AR,1278.4,1288.4,acquire,True,79,79
T10,AR,1288.4,1289.2,record_commit,True,79,79
T10,AR,1289.2,1319.2,anchor,True,80,80
T10,AR,1319.2,1329.2,acquire,True,80,80
T10,AR,1329.2,1330.0,record_commit,True,80,80
T10,AR,1330.0,1340.0,acquire,True,81,81
T10,AR,1340.0,1340.8,record_commit,True,81,81
T10,AR,1340.8,1350.8,acquire,True,82,82
T10,AR,1350.8,1351.6,record_commit,True,82,82
T10,AR,1351.6,1361.6,acquire,True,83,83
T10,AR,1361.6,1362.4,record_commit,True,83,83
T10,AR,1362.4,1372.4,acquire,True,84,84
T10,AR,1372.4,1373.2,record_commit,True,84,84
T10,AR,1373.2,1383.2,acquire,True,85,85
T10,AR,1383.2,1384.0,record_commit,True,85,85
T10,AR,1384.0,1394.0,acquire,True,86,86
T10,AR,1394.0,1394.8,record_commit,True,86,86
T10,AR,1394.8,1404.8,acquire,True,87,87
T10,AR,1404.8,1405.6,record_commit,True,87,87
T10,AR,1405.6,1415.6,acquire,True,88,88
T10,AR,1415.6,1416.4,record_commit,True,88,88
T10,AR,1416.4,1426.4,acquire,True,89,89
T10,AR,1426.4,1427.2,record_commit,True,89,89
T10,AR,1427.2,1437.2,acquire,True,90,90
T10,AR,1437.2,1438.0,record_commit,True,90,90
T10,AR,1438.0,1448.0,acquire,True,91,91
T10,AR,1448.0,1448.8,record_commit,True,91,91
T10,AR,1448.8,1458.8,acquire,True,92,92
T10,AR,1458.8,1459.6,record_commit,True,92,92
T10,AR,1459.6,1469.6,acquire,True,93,93
T10,AR,1469.6,1470.4,record_commit,True,93,93
T10,AR,1470.4,1480.4,acquire,True,94,94
T10,AR,1480.4,1481.2,record_commit,True,94,94
T10,AR,1481.2,1491.2,acquire,True,95,95
T10,AR,1491.2,1492.0,record_commit,True,95,95
T10,AR,1492.0,1522.0,anchor,True,96,96
T10,AR,1522.0,1532.0,acquire,True,96,96
T10,AR,1532.0,1532.8,record_commit,True,96,96
T10,AR,1532.8,1542.8,acquire,True,97,97
T10,AR,1542.8,1543.6,record_commit,True,97,97
T10,AR,1543.6,1553.6,acquire,True,98,98
T10,AR,1553.6,1554.4,record_commit,True,98,98
T10,AR,1554.4,1564.4,acquire,True,99,99
T10,AR,1564.4,1565.2,record_commit,True,99,99
T10,AR,1565.2,1575.2,acquire,True,100,100
T10,AR,1575.2,1576.0,record_commit,True,100,100
T10,AR,1576.0,1586.0,acquire,True,101,101
T10,AR,1586.0,1586.8,record_commit,True,101,101
T10,AR,1586.8,1596.8,acquire,True,102,102
T10,AR,1596.8,1597.6,record_commit,True,102,102
T10,AR,1597.6,1607.6,acquire,True,103,103
T10,AR,1607.6,1608.4,record_commit,True,103,103
T10,AR,1608.4,1618.4,acquire,True,104,104
T10,AR,1618.4,1619.2,record_commit,True,104,104
T10,AR,1619.2,1629.2,acquire,True,105,105
T10,AR,1629.2,1630.0,record_commit,True,105,105
T10,AR,1630.0,1640.0,acquire,True,106,106
T10,AR,1640.0,1640.8,record_commit,True,106,106
T10,AR,1640.8,1650.8,acquire,True,107,107
T10,AR,1650.8,1651.6,record_commit,True,107,107
T10,AR,1651.6,1661.6,acquire,True,108,108
T10,AR,1661.6,1662.4,record_commit,True,108,108
T10,AR,1662.4,1672.4,acquire,True,109,109
T10,AR,1672.4,1673.2,record_commit,True,109,109
T10,AR,1673.2,1683.2,acquire,True,110,110
T10,AR,1683.2,1684.0,record_commit,True,110,110
T10,AR,1684.0,1694.0,acquire,True,111,111
T10,AR,1694.0,1694.8,record_commit,True,111,111
T10,AR,1694.8,1724.8,anchor,True,112,112
T10,AR,1724.8,1734.8,acquire,True,112,112
T10,AR,1734.8,1735.6,record_commit,True,112,112
T10,AR,1735.6,1745.6,acquire,True,113,113
T10,AR,1745.6,1746.4,record_commit,True,113,113
T10,AR,1746.4,1756.4,acquire,True,114,114
T10,AR,1756.4,1757.2,record_commit,True,114,114
T10,AR,1757.2,1767.2,acquire,True,115,115
T10,AR,1767.2,1768.0,record_commit,True,115,115
T10,AR,1768.0,1778.0,acquire,True,116,116
T10,AR,1778.0,1778.8,record_commit,True,116,116
T10,AR,1778.8,1788.8,acquire,True,117,117
T10,AR,1788.8,1789.6,record_commit,True,117,117
T10,AR,1789.6,1799.6,acquire,True,118,118
T10,AR,1799.6,1800.0,record_commit,False,118,118
T10,AR,1800.0,1920.0,home,True,,118
T10,AR,1920.0,1924.0,lookup,True,,118
T10,AR,1924.0,1954.0,anchor,True,118,118
T10,AR,1954.0,1964.0,acquire,True,118,118
T10,AR,1964.0,1964.8,record_commit,True,118,118
T10,AR,1964.8,1974.8,acquire,True,119,119
T10,AR,1974.8,1975.6,record_commit,True,119,119
T10,AR,1975.6,1985.6,acquire,True,120,120
T10,AR,1985.6,1986.4,record_commit,True,120,120
T10,AR,1986.4,1996.4,acquire,True,121,121
T10,AR,1996.4,1997.2,record_commit,True,121,121
T10,AR,1997.2,2007.2,acquire,True,122,122
T10,AR,2007.2,2008.0,record_commit,True,122,122
T10,AR,2008.0,2018.0,acquire,True,123,123
T10,AR,2018.0,2018.8,record_commit,True,123,123
T10,AR,2018.8,2028.8,acquire,True,124,124
T10,AR,2028.8,2029.6,record_commit,True,124,124
T10,AR,2029.6,2039.6,acquire,True,125,125
T10,AR,2039.6,2040.4,record_commit,True,125,125
T10,AR,2040.4,2050.4,acquire,True,126,126
T10,AR,2050.4,2051.2,record_commit,True,126,126
T10,AR,2051.2,2061.2,acquire,True,127,127
T10,AR,2061.2,2062.0,record_commit,True,127,127
T10,AR,2062.0,2092.0,anchor,True,128,128
T10,AR,2092.0,2102.0,acquire,True,128,128
T10,AR,2102.0,2102.8,record_commit,True,128,128
T10,AR,2102.8,2112.8,acquire,True,129,129
T10,AR,2112.8,2113.6,record_commit,True,129,129
T10,AR,2113.6,2123.6,acquire,True,130,130
T10,AR,2123.6,2124.4,record_commit,True,130,130
T10,AR,2124.4,2134.4,acquire,True,131,131
T10,AR,2134.4,2135.2,record_commit,True,131,131
T10,AR,2135.2,2145.2,acquire,True,132,132
T10,AR,2145.2,2146.0,record_commit,True,132,132
T10,AR,2146.0,2156.0,acquire,True,133,133
T10,AR,2156.0,2156.8,record_commit,True,133,133
T10,AR,2156.8,2166.8,acquire,True,134,134
T10,AR,2166.8,2167.6,record_commit,True,134,134
T10,AR,2167.6,2177.6,acquire,True,135,135
T10,AR,2177.6,2178.4,record_commit,True,135,135
T10,AR,2178.4,2188.4,acquire,True,136,136
T10,AR,2188.4,2189.2,record_commit,True,136,136
T10,AR,2189.2,2199.2,acquire,True,137,137
T10,AR,2199.2,2200.0,record_commit,True,137,137
T10,AR,2200.0,2210.0,acquire,True,138,138
T10,AR,2210.0,2210.8,record_commit,True,138,138
T10,AR,2210.8,2220.8,acquire,True,139,139
T10,AR,2220.8,2221.6,record_commit,True,139,139
T10,AR,2221.6,2231.6,acquire,True,140,140
T10,AR,2231.6,2232.4,record_commit,True,140,140
T10,AR,2232.4,2242.4,acquire,True,141,141
T10,AR,2242.4,2243.2,record_commit,True,141,141
T10,AR,2243.2,2253.2,acquire,True,142,142
T10,AR,2253.2,2254.0,record_commit,True,142,142
T10,AR,2254.0,2264.0,acquire,True,143,143
T10,AR,2264.0,2264.8,record_commit,True,143,143
T10,AR,2264.8,2294.8,anchor,True,144,144
T10,AR,2294.8,2304.8,acquire,True,144,144
T10,AR,2304.8,2305.6,record_commit,True,144,144
T10,AR,2305.6,2315.6,acquire,True,145,145
T10,AR,2315.6,2316.4,record_commit,True,145,145
T10,AR,2316.4,2326.4,acquire,True,146,146
T10,AR,2326.4,2327.2,record_commit,True,146,146
T10,AR,2327.2,2337.2,acquire,True,147,147
T10,AR,2337.2,2338.0,record_commit,True,147,147
T10,AR,2338.0,2348.0,acquire,True,148,148
T10,AR,2348.0,2348.8,record_commit,True,148,148
T10,AR,2348.8,2358.8,acquire,True,149,149
T10,AR,2358.8,2359.6,record_commit,True,149,149
T10,AR,2359.6,2369.6,acquire,True,150,150
T10,AR,2369.6,2370.4,record_commit,True,150,150
T10,AR,2370.4,2380.4,acquire,True,151,151
T10,AR,2380.4,2381.2,record_commit,True,151,151
T10,AR,2381.2,2391.2,acquire,True,152,152
T10,AR,2391.2,2392.0,record_commit,True,152,152
T10,AR,2392.0,2402.0,acquire,True,153,153
T10,AR,2402.0,2402.8,record_commit,True,153,153
T10,AR,2402.8,2412.8,acquire,True,154,154
T10,AR,2412.8,2413.6,record_commit,True,154,154
T10,AR,2413.6,2423.6,acquire,True,155,155
T10,AR,2423.6,2424.4,record_commit,True,155,155
T10,AR,2424.4,2434.4,acquire,True,156,156
T10,AR,2434.4,2435.2,record_commit,True,156,156
T10,AR,2435.2,2445.2,acquire,True,157,157
T10,AR,2445.2,2446.0,record_commit,True,157,157
T10,AR,2446.0,2456.0,acquire,True,158,158
T10,AR,2456.0,2456.8,record_commit,True,158,158
T10,AR,2456.8,2466.8,acquire,True,159,159
T10,AR,2466.8,2467.6,record_commit,True,159,159
T10,AR,2467.6,2497.6,anchor,True,160,160
T10,AR,2497.6,2507.6,acquire,True,160,160
T10,AR,2507.6,2508.4,record_commit,True,160,160
T10,AR,2508.4,2518.4,acquire,True,161,161
T10,AR,2518.4,2519.2,record_commit,True,161,161
T10,AR,2519.2,2529.2,acquire,True,162,162
T10,AR,2529.2,2530.0,record_commit,True,162,162
T10,AR,2530.0,2540.0,acquire,True,163,163
T10,AR,2540.0,2540.8,record_commit,True,163,163
T10,AR,2540.8,2550.8,acquire,True,164,164
T10,AR,2550.8,2551.6,record_commit,True,164,164
T10,AR,2551.6,2561.6,acquire,True,165,165
T10,AR,2561.6,2562.4,record_commit,True,165,165
T10,AR,2562.4,2572.4,acquire,True,166,166
T10,AR,2572.4,2573.2,record_commit,True,166,166
T10,AR,2573.2,2583.2,acquire,True,167,167
T10,AR,2583.2,2584.0,record_commit,True,167,167
T10,AR,2584.0,2594.0,acquire,True,168,168
T10,AR,2594.0,2594.8,record_commit,True,168,168
T10,AR,2594.8,2604.8,acquire,True,169,169
T10,AR,2604.8,2605.6,record_commit,True,169,169
T10,AR,2605.6,2615.6,acquire,True,170,170
T10,AR,2615.6,2616.4,record_commit,True,170,170
T10,AR,2616.4,2626.4,acquire,True,171,171
T10,AR,2626.4,2627.2,record_commit,True,171,171
T10,AR,2627.2,2637.2,acquire,True,172,172
T10,AR,2637.2,2638.0,record_commit,True,172,172
T10,AR,2638.0,2648.0,acquire,True,173,173
T10,AR,2648.0,2648.8,record_commit,True,173,173
T10,AR,2648.8,2658.8,acquire,True,174,174
T10,AR,2658.8,2659.6,record_commit,True,174,174
T10,AR,2659.6,2669.6,acquire,True,175,175
T10,AR,2669.6,2670.4,record_commit,True,175,175
T10,AR,2670.4,2700.4,anchor,True,176,176
T10,AR,2700.4,2710.4,acquire,True,176,176
T10,AR,2710.4,2711.2,record_commit,True,176,176
T10,AR,2711.2,2721.2,acquire,True,177,177
T10,AR,2721.2,2722.0,record_commit,True,177,177
T10,AR,2722.0,2732.0,acquire,True,178,178
T10,AR,2732.0,2732.8,record_commit,True,178,178
T10,AR,2732.8,2742.8,acquire,True,179,179
T10,AR,2742.8,2743.6,record_commit,True,179,179
T10,AR,2743.6,2753.6,acquire,True,180,180
T10,AR,2753.6,2754.4,record_commit,True,180,180
T10,AR,2754.4,2764.4,acquire,True,181,181
T10,AR,2764.4,2765.2,record_commit,True,181,181
T10,AR,2765.2,2775.2,acquire,True,182,182
T10,AR,2775.2,2776.0,record_commit,True,182,182
T10,AR,2776.0,2786.0,acquire,True,183,183
T10,AR,2786.0,2786.8,record_commit,True,183,183
T10,AR,2786.8,2796.8,acquire,True,184,184
T10,AR,2796.8,2797.6,record_commit,True,184,184
T10,AR,2797.6,2807.6,acquire,True,185,185
T10,AR,2807.6,2808.4,record_commit,True,185,185
T10,AR,2808.4,2818.4,acquire,True,186,186
T10,AR,2818.4,2819.2,record_commit,True,186,186
T10,AR,2819.2,2829.2,acquire,True,187,187
T10,AR,2829.2,2830.0,record_commit,True,187,187
T10,AR,2830.0,2840.0,acquire,True,188,188
T10,AR,2840.0,2840.8,record_commit,True,188,188
T10,AR,2840.8,2850.8,acquire,True,189,189
T10,AR,2850.8,2851.6,record_commit,True,189,189
T10,AR,2851.6,2861.6,acquire,True,190,190
T10,AR,2861.6,2862.4,record_commit,True,190,190
T10,AR,2862.4,2872.4,acquire,True,191,191
T10,AR,2872.4,2873.2,record_commit,True,191,191
T10,BS,0.0,120.0,home,True,,0
T10,BS,120.0,150.0,anchor,True,0,0
T10,BS,150.0,160.0,acquire,True,0,0
T10,BS,160.0,170.0,acquire,True,1,0
T10,BS,170.0,180.0,acquire,True,2,0
T10,BS,180.0,190.0,acquire,True,3,0
T10,BS,190.0,192.0,block_seal,True,0,0
T10,BS,192.0,202.0,acquire,True,4,4
T10,BS,202.0,212.0,acquire,True,5,4
T10,BS,212.0,222.0,acquire,True,6,4
T10,BS,222.0,232.0,acquire,True,7,4
T10,BS,232.0,234.0,block_seal,True,4,4
T10,BS,234.0,244.0,acquire,True,8,8
T10,BS,244.0,254.0,acquire,True,9,8
T10,BS,254.0,264.0,acquire,True,10,8
T10,BS,264.0,274.0,acquire,True,11,8
T10,BS,274.0,276.0,block_seal,True,8,8
T10,BS,276.0,286.0,acquire,True,12,12
T10,BS,286.0,296.0,acquire,True,13,12
T10,BS,296.0,306.0,acquire,True,14,12
T10,BS,306.0,316.0,acquire,True,15,12
T10,BS,316.0,318.0,block_seal,True,12,12
T10,BS,318.0,319.0,row_checkpoint,True,,16
T10,BS,319.0,349.0,anchor,True,16,16
T10,BS,349.0,359.0,acquire,True,16,16
T10,BS,359.0,369.0,acquire,True,17,16
T10,BS,369.0,379.0,acquire,True,18,16
T10,BS,379.0,389.0,acquire,True,19,16
T10,BS,389.0,391.0,block_seal,True,16,16
T10,BS,391.0,401.0,acquire,True,20,20
T10,BS,401.0,411.0,acquire,True,21,20
T10,BS,411.0,421.0,acquire,True,22,20
T10,BS,421.0,431.0,acquire,True,23,20
T10,BS,431.0,433.0,block_seal,True,20,20
T10,BS,433.0,443.0,acquire,True,24,24
T10,BS,443.0,453.0,acquire,True,25,24
T10,BS,453.0,463.0,acquire,True,26,24
T10,BS,463.0,473.0,acquire,True,27,24
T10,BS,473.0,475.0,block_seal,True,24,24
T10,BS,475.0,485.0,acquire,True,28,28
T10,BS,485.0,495.0,acquire,True,29,28
T10,BS,495.0,505.0,acquire,True,30,28
T10,BS,505.0,515.0,acquire,True,31,28
T10,BS,515.0,517.0,block_seal,True,28,28
T10,BS,517.0,518.0,row_checkpoint,True,,32
T10,BS,518.0,548.0,anchor,True,32,32
T10,BS,548.0,558.0,acquire,True,32,32
T10,BS,558.0,568.0,acquire,True,33,32
T10,BS,568.0,578.0,acquire,True,34,32
T10,BS,578.0,588.0,acquire,True,35,32
T10,BS,588.0,590.0,block_seal,True,32,32
T10,BS,590.0,600.0,acquire,True,36,36
T10,BS,600.0,610.0,acquire,True,37,36
T10,BS,610.0,620.0,acquire,True,38,36
T10,BS,620.0,630.0,acquire,True,39,36
T10,BS,630.0,632.0,block_seal,True,36,36
T10,BS,632.0,642.0,acquire,True,40,40
T10,BS,642.0,652.0,acquire,True,41,40
T10,BS,652.0,662.0,acquire,True,42,40
T10,BS,662.0,672.0,acquire,True,43,40
T10,BS,672.0,674.0,block_seal,True,40,40
T10,BS,674.0,684.0,acquire,True,44,44
T10,BS,684.0,694.0,acquire,True,45,44
T10,BS,694.0,704.0,acquire,True,46,44
T10,BS,704.0,714.0,acquire,True,47,44
T10,BS,714.0,716.0,block_seal,True,44,44
T10,BS,716.0,717.0,row_checkpoint,True,,48
T10,BS,717.0,747.0,anchor,True,48,48
T10,BS,747.0,757.0,acquire,True,48,48
T10,BS,757.0,767.0,acquire,True,49,48
T10,BS,767.0,777.0,acquire,True,50,48
T10,BS,777.0,787.0,acquire,True,51,48
T10,BS,787.0,789.0,block_seal,True,48,48
T10,BS,789.0,799.0,acquire,True,52,52
T10,BS,799.0,809.0,acquire,True,53,52
T10,BS,809.0,819.0,acquire,True,54,52
T10,BS,819.0,829.0,acquire,True,55,52
T10,BS,829.0,831.0,block_seal,True,52,52
T10,BS,831.0,841.0,acquire,True,56,56
T10,BS,841.0,851.0,acquire,True,57,56
T10,BS,851.0,861.0,acquire,True,58,56
T10,BS,861.0,871.0,acquire,True,59,56
T10,BS,871.0,873.0,block_seal,True,56,56
T10,BS,873.0,883.0,acquire,True,60,60
T10,BS,883.0,893.0,acquire,True,61,60
T10,BS,893.0,900.0,acquire,False,62,60
T10,BS,900.0,1020.0,home,True,,60
T10,BS,1020.0,1026.0,lookup,True,,60
T10,BS,1026.0,1056.0,anchor,True,60,60
T10,BS,1056.0,1066.0,acquire,True,60,60
T10,BS,1066.0,1076.0,acquire,True,61,60
T10,BS,1076.0,1086.0,acquire,True,62,60
T10,BS,1086.0,1096.0,acquire,True,63,60
T10,BS,1096.0,1098.0,block_seal,True,60,60
T10,BS,1098.0,1099.0,row_checkpoint,True,,64
T10,BS,1099.0,1129.0,anchor,True,64,64
T10,BS,1129.0,1139.0,acquire,True,64,64
T10,BS,1139.0,1149.0,acquire,True,65,64
T10,BS,1149.0,1159.0,acquire,True,66,64
T10,BS,1159.0,1169.0,acquire,True,67,64
T10,BS,1169.0,1171.0,block_seal,True,64,64
T10,BS,1171.0,1181.0,acquire,True,68,68
T10,BS,1181.0,1191.0,acquire,True,69,68
T10,BS,1191.0,1201.0,acquire,True,70,68
T10,BS,1201.0,1211.0,acquire,True,71,68
T10,BS,1211.0,1213.0,block_seal,True,68,68
T10,BS,1213.0,1223.0,acquire,True,72,72
T10,BS,1223.0,1233.0,acquire,True,73,72
T10,BS,1233.0,1243.0,acquire,True,74,72
T10,BS,1243.0,1253.0,acquire,True,75,72
T10,BS,1253.0,1255.0,block_seal,True,72,72
T10,BS,1255.0,1265.0,acquire,True,76,76
T10,BS,1265.0,1275.0,acquire,True,77,76
T10,BS,1275.0,1285.0,acquire,True,78,76
T10,BS,1285.0,1295.0,acquire,True,79,76
T10,BS,1295.0,1297.0,block_seal,True,76,76
T10,BS,1297.0,1298.0,row_checkpoint,True,,80
T10,BS,1298.0,1328.0,anchor,True,80,80
T10,BS,1328.0,1338.0,acquire,True,80,80
T10,BS,1338.0,1348.0,acquire,True,81,80
T10,BS,1348.0,1358.0,acquire,True,82,80
T10,BS,1358.0,1368.0,acquire,True,83,80
T10,BS,1368.0,1370.0,block_seal,True,80,80
T10,BS,1370.0,1380.0,acquire,True,84,84
T10,BS,1380.0,1390.0,acquire,True,85,84
T10,BS,1390.0,1400.0,acquire,True,86,84
T10,BS,1400.0,1410.0,acquire,True,87,84
T10,BS,1410.0,1412.0,block_seal,True,84,84
T10,BS,1412.0,1422.0,acquire,True,88,88
T10,BS,1422.0,1432.0,acquire,True,89,88
T10,BS,1432.0,1442.0,acquire,True,90,88
T10,BS,1442.0,1452.0,acquire,True,91,88
T10,BS,1452.0,1454.0,block_seal,True,88,88
T10,BS,1454.0,1464.0,acquire,True,92,92
T10,BS,1464.0,1474.0,acquire,True,93,92
T10,BS,1474.0,1484.0,acquire,True,94,92
T10,BS,1484.0,1494.0,acquire,True,95,92
T10,BS,1494.0,1496.0,block_seal,True,92,92
T10,BS,1496.0,1497.0,row_checkpoint,True,,96
T10,BS,1497.0,1527.0,anchor,True,96,96
T10,BS,1527.0,1537.0,acquire,True,96,96
T10,BS,1537.0,1547.0,acquire,True,97,96
T10,BS,1547.0,1557.0,acquire,True,98,96
T10,BS,1557.0,1567.0,acquire,True,99,96
T10,BS,1567.0,1569.0,block_seal,True,96,96
T10,BS,1569.0,1579.0,acquire,True,100,100
T10,BS,1579.0,1589.0,acquire,True,101,100
T10,BS,1589.0,1599.0,acquire,True,102,100
T10,BS,1599.0,1609.0,acquire,True,103,100
T10,BS,1609.0,1611.0,block_seal,True,100,100
T10,BS,1611.0,1621.0,acquire,True,104,104
T10,BS,1621.0,1631.0,acquire,True,105,104
T10,BS,1631.0,1641.0,acquire,True,106,104
T10,BS,1641.0,1651.0,acquire,True,107,104
T10,BS,1651.0,1653.0,block_seal,True,104,104
T10,BS,1653.0,1663.0,acquire,True,108,108
T10,BS,1663.0,1673.0,acquire,True,109,108
T10,BS,1673.0,1683.0,acquire,True,110,108
T10,BS,1683.0,1693.0,acquire,True,111,108
T10,BS,1693.0,1695.0,block_seal,True,108,108
T10,BS,1695.0,1696.0,row_checkpoint,True,,112
T10,BS,1696.0,1726.0,anchor,True,112,112
T10,BS,1726.0,1736.0,acquire,True,112,112
T10,BS,1736.0,1746.0,acquire,True,113,112
T10,BS,1746.0,1756.0,acquire,True,114,112
T10,BS,1756.0,1766.0,acquire,True,115,112
T10,BS,1766.0,1768.0,block_seal,True,112,112
T10,BS,1768.0,1778.0,acquire,True,116,116
T10,BS,1778.0,1788.0,acquire,True,117,116
T10,BS,1788.0,1798.0,acquire,True,118,116
T10,BS,1798.0,1800.0,acquire,False,119,116
T10,BS,1800.0,1920.0,home,True,,116
T10,BS,1920.0,1926.0,lookup,True,,116
T10,BS,1926.0,1956.0,anchor,True,116,116
T10,BS,1956.0,1966.0,acquire,True,116,116
T10,BS,1966.0,1976.0,acquire,True,117,116
T10,BS,1976.0,1986.0,acquire,True,118,116
T10,BS,1986.0,1996.0,acquire,True,119,116
T10,BS,1996.0,1998.0,block_seal,True,116,116
T10,BS,1998.0,2008.0,acquire,True,120,120
T10,BS,2008.0,2018.0,acquire,True,121,120
T10,BS,2018.0,2028.0,acquire,True,122,120
T10,BS,2028.0,2038.0,acquire,True,123,120
T10,BS,2038.0,2040.0,block_seal,True,120,120
T10,BS,2040.0,2050.0,acquire,True,124,124
T10,BS,2050.0,2060.0,acquire,True,125,124
T10,BS,2060.0,2070.0,acquire,True,126,124
T10,BS,2070.0,2080.0,acquire,True,127,124
T10,BS,2080.0,2082.0,block_seal,True,124,124
T10,BS,2082.0,2083.0,row_checkpoint,True,,128
T10,BS,2083.0,2113.0,anchor,True,128,128
T10,BS,2113.0,2123.0,acquire,True,128,128
T10,BS,2123.0,2133.0,acquire,True,129,128
T10,BS,2133.0,2143.0,acquire,True,130,128
T10,BS,2143.0,2153.0,acquire,True,131,128
T10,BS,2153.0,2155.0,block_seal,True,128,128
T10,BS,2155.0,2165.0,acquire,True,132,132
T10,BS,2165.0,2175.0,acquire,True,133,132
T10,BS,2175.0,2185.0,acquire,True,134,132
T10,BS,2185.0,2195.0,acquire,True,135,132
T10,BS,2195.0,2197.0,block_seal,True,132,132
T10,BS,2197.0,2207.0,acquire,True,136,136
T10,BS,2207.0,2217.0,acquire,True,137,136
T10,BS,2217.0,2227.0,acquire,True,138,136
T10,BS,2227.0,2237.0,acquire,True,139,136
T10,BS,2237.0,2239.0,block_seal,True,136,136
T10,BS,2239.0,2249.0,acquire,True,140,140
T10,BS,2249.0,2259.0,acquire,True,141,140
T10,BS,2259.0,2269.0,acquire,True,142,140
T10,BS,2269.0,2279.0,acquire,True,143,140
T10,BS,2279.0,2281.0,block_seal,True,140,140
T10,BS,2281.0,2282.0,row_checkpoint,True,,144
T10,BS,2282.0,2312.0,anchor,True,144,144
T10,BS,2312.0,2322.0,acquire,True,144,144
T10,BS,2322.0,2332.0,acquire,True,145,144
T10,BS,2332.0,2342.0,acquire,True,146,144
T10,BS,2342.0,2352.0,acquire,True,147,144
T10,BS,2352.0,2354.0,block_seal,True,144,144
T10,BS,2354.0,2364.0,acquire,True,148,148
T10,BS,2364.0,2374.0,acquire,True,149,148
T10,BS,2374.0,2384.0,acquire,True,150,148
T10,BS,2384.0,2394.0,acquire,True,151,148
T10,BS,2394.0,2396.0,block_seal,True,148,148
T10,BS,2396.0,2406.0,acquire,True,152,152
T10,BS,2406.0,2416.0,acquire,True,153,152
T10,BS,2416.0,2426.0,acquire,True,154,152
T10,BS,2426.0,2436.0,acquire,True,155,152
T10,BS,2436.0,2438.0,block_seal,True,152,152
T10,BS,2438.0,2448.0,acquire,True,156,156
T10,BS,2448.0,2458.0,acquire,True,157,156
T10,BS,2458.0,2468.0,acquire,True,158,156
T10,BS,2468.0,2478.0,acquire,True,159,156
T10,BS,2478.0,2480.0,block_seal,True,156,156
T10,BS,2480.0,2481.0,row_checkpoint,True,,160
T10,BS,2481.0,2511.0,anchor,True,160,160
T10,BS,2511.0,2521.0,acquire,True,160,160
T10,BS,2521.0,2531.0,acquire,True,161,160
T10,BS,2531.0,2541.0,acquire,True,162,160
T10,BS,2541.0,2551.0,acquire,True,163,160
T10,BS,2551.0,2553.0,block_seal,True,160,160
T10,BS,2553.0,2563.0,acquire,True,164,164
T10,BS,2563.0,2573.0,acquire,True,165,164
T10,BS,2573.0,2583.0,acquire,True,166,164
T10,BS,2583.0,2593.0,acquire,True,167,164
T10,BS,2593.0,2595.0,block_seal,True,164,164
T10,BS,2595.0,2605.0,acquire,True,168,168
T10,BS,2605.0,2615.0,acquire,True,169,168
T10,BS,2615.0,2625.0,acquire,True,170,168
T10,BS,2625.0,2635.0,acquire,True,171,168
T10,BS,2635.0,2637.0,block_seal,True,168,168
T10,BS,2637.0,2647.0,acquire,True,172,172
T10,BS,2647.0,2657.0,acquire,True,173,172
T10,BS,2657.0,2667.0,acquire,True,174,172
T10,BS,2667.0,2677.0,acquire,True,175,172
T10,BS,2677.0,2679.0,block_seal,True,172,172
T10,BS,2679.0,2680.0,row_checkpoint,True,,176
T10,BS,2680.0,2710.0,anchor,True,176,176
T10,BS,2710.0,2720.0,acquire,True,176,176
T10,BS,2720.0,2730.0,acquire,True,177,176
T10,BS,2730.0,2740.0,acquire,True,178,176
T10,BS,2740.0,2750.0,acquire,True,179,176
T10,BS,2750.0,2752.0,block_seal,True,176,176
T10,BS,2752.0,2762.0,acquire,True,180,180
T10,BS,2762.0,2772.0,acquire,True,181,180
T10,BS,2772.0,2782.0,acquire,True,182,180
T10,BS,2782.0,2792.0,acquire,True,183,180
T10,BS,2792.0,2794.0,block_seal,True,180,180
T10,BS,2794.0,2804.0,acquire,True,184,184
T10,BS,2804.0,2814.0,acquire,True,185,184
T10,BS,2814.0,2824.0,acquire,True,186,184
T10,BS,2824.0,2834.0,acquire,True,187,184
T10,BS,2834.0,2836.0,block_seal,True,184,184
T10,BS,2836.0,2846.0,acquire,True,188,188
T10,BS,2846.0,2856.0,acquire,True,189,188
T10,BS,2856.0,2866.0,acquire,True,190,188
T10,BS,2866.0,2876.0,acquire,True,191,188
T10,BS,2876.0,2878.0,block_seal,True,188,188
T10,BS,2878.0,2879.0,row_checkpoint,True,,192
T11,RC,0.0,120.0,home,True,,0
T11,RC,120.0,150.0,anchor,True,0,0
T11,RC,150.0,160.0,acquire,True,0,0
T11,RC,160.0,170.0,acquire,True,1,0
T11,RC,170.0,180.0,acquire,True,2,0
T11,RC,180.0,190.0,acquire,True,3,0
T11,RC,190.0,200.0,acquire,True,4,0
T11,RC,200.0,210.0,acquire,True,5,0
T11,RC,210.0,220.0,acquire,True,6,0
T11,RC,220.0,230.0,acquire,True,7,0
T11,RC,230.0,240.0,acquire,True,8,0
T11,RC,240.0,250.0,acquire,True,9,0
T11,RC,250.0,260.0,acquire,True,10,0
T11,RC,260.0,270.0,acquire,True,11,0
T11,RC,270.0,280.0,acquire,True,12,0
T11,RC,280.0,290.0,acquire,True,13,0
T11,RC,290.0,300.0,acquire,True,14,0
T11,RC,300.0,310.0,acquire,True,15,0
T11,RC,310.0,314.0,row_commit,True,0,0
T11,RC,314.0,344.0,anchor,True,16,16
T11,RC,344.0,354.0,acquire,True,16,16
T11,RC,354.0,364.0,acquire,True,17,16
T11,RC,364.0,374.0,acquire,True,18,16
T11,RC,374.0,384.0,acquire,True,19,16
T11,RC,384.0,394.0,acquire,True,20,16
T11,RC,394.0,404.0,acquire,True,21,16
T11,RC,404.0,414.0,acquire,True,22,16
T11,RC,414.0,424.0,acquire,True,23,16
T11,RC,424.0,434.0,acquire,True,24,16
T11,RC,434.0,444.0,acquire,True,25,16
T11,RC,444.0,454.0,acquire,True,26,16
T11,RC,454.0,464.0,acquire,True,27,16
T11,RC,464.0,474.0,acquire,True,28,16
T11,RC,474.0,484.0,acquire,True,29,16
T11,RC,484.0,494.0,acquire,True,30,16
T11,RC,494.0,504.0,acquire,True,31,16
T11,RC,504.0,508.0,row_commit,True,16,16
T11,RC,508.0,538.0,anchor,True,32,32
T11,RC,538.0,548.0,acquire,True,32,32
T11,RC,548.0,558.0,acquire,True,33,32
T11,RC,558.0,568.0,acquire,True,34,32
T11,RC,568.0,578.0,acquire,True,35,32
T11,RC,578.0,588.0,acquire,True,36,32
T11,RC,588.0,598.0,acquire,True,37,32
T11,RC,598.0,608.0,acquire,True,38,32
T11,RC,608.0,618.0,acquire,True,39,32
T11,RC,618.0,628.0,acquire,True,40,32
T11,RC,628.0,638.0,acquire,True,41,32
T11,RC,638.0,648.0,acquire,True,42,32
T11,RC,648.0,658.0,acquire,True,43,32
T11,RC,658.0,668.0,acquire,True,44,32
T11,RC,668.0,678.0,acquire,True,45,32
T11,RC,678.0,688.0,acquire,True,46,32
T11,RC,688.0,698.0,acquire,True,47,32
T11,RC,698.0,702.0,row_commit,True,32,32
T11,RC,702.0,732.0,anchor,True,48,48
T11,RC,732.0,742.0,acquire,True,48,48
T11,RC,742.0,752.0,acquire,True,49,48
T11,RC,752.0,762.0,acquire,True,50,48
T11,RC,762.0,772.0,acquire,True,51,48
T11,RC,772.0,782.0,acquire,True,52,48
T11,RC,782.0,792.0,acquire,True,53,48
T11,RC,792.0,802.0,acquire,True,54,48
T11,RC,802.0,812.0,acquire,True,55,48
T11,RC,812.0,822.0,acquire,True,56,48
T11,RC,822.0,832.0,acquire,True,57,48
T11,RC,832.0,842.0,acquire,True,58,48
T11,RC,842.0,852.0,acquire,True,59,48
T11,RC,852.0,862.0,acquire,True,60,48
T11,RC,862.0,872.0,acquire,True,61,48
T11,RC,872.0,882.0,acquire,True,62,48
T11,RC,882.0,892.0,acquire,True,63,48
T11,RC,892.0,896.0,row_commit,True,48,48
T11,RC,896.0,926.0,anchor,True,64,64
T11,RC,926.0,936.0,acquire,True,64,64
T11,RC,936.0,946.0,acquire,True,65,64
T11,RC,946.0,956.0,acquire,True,66,64
T11,RC,956.0,966.0,acquire,True,67,64
T11,RC,966.0,976.0,acquire,True,68,64
T11,RC,976.0,986.0,acquire,True,69,64
T11,RC,986.0,996.0,acquire,True,70,64
T11,RC,996.0,1000.0,acquire,False,71,64
T11,RC,1000.0,1120.0,home,True,,64
T11,RC,1120.0,1121.0,lookup,True,,64
T11,RC,1121.0,1151.0,anchor,True,64,64
T11,RC,1151.0,1161.0,acquire,True,64,64
T11,RC,1161.0,1171.0,acquire,True,65,64
T11,RC,1171.0,1181.0,acquire,True,66,64
T11,RC,1181.0,1191.0,acquire,True,67,64
T11,RC,1191.0,1201.0,acquire,True,68,64
T11,RC,1201.0,1211.0,acquire,True,69,64
T11,RC,1211.0,1221.0,acquire,True,70,64
T11,RC,1221.0,1231.0,acquire,True,71,64
T11,RC,1231.0,1241.0,acquire,True,72,64
T11,RC,1241.0,1251.0,acquire,True,73,64
T11,RC,1251.0,1261.0,acquire,True,74,64
T11,RC,1261.0,1271.0,acquire,True,75,64
T11,RC,1271.0,1281.0,acquire,True,76,64
T11,RC,1281.0,1291.0,acquire,True,77,64
T11,RC,1291.0,1301.0,acquire,True,78,64
T11,RC,1301.0,1311.0,acquire,True,79,64
T11,RC,1311.0,1315.0,row_commit,True,64,64
T11,RC,1315.0,1345.0,anchor,True,80,80
T11,RC,1345.0,1355.0,acquire,True,80,80
T11,RC,1355.0,1365.0,acquire,True,81,80
T11,RC,1365.0,1375.0,acquire,True,82,80
T11,RC,1375.0,1385.0,acquire,True,83,80
T11,RC,1385.0,1395.0,acquire,True,84,80
T11,RC,1395.0,1405.0,acquire,True,85,80
T11,RC,1405.0,1415.0,acquire,True,86,80
T11,RC,1415.0,1425.0,acquire,True,87,80
T11,RC,1425.0,1435.0,acquire,True,88,80
T11,RC,1435.0,1445.0,acquire,True,89,80
T11,RC,1445.0,1455.0,acquire,True,90,80
T11,RC,1455.0,1465.0,acquire,True,91,80
T11,RC,1465.0,1475.0,acquire,True,92,80
T11,RC,1475.0,1485.0,acquire,True,93,80
T11,RC,1485.0,1495.0,acquire,True,94,80
T11,RC,1495.0,1505.0,acquire,True,95,80
T11,RC,1505.0,1509.0,row_commit,True,80,80
T11,RC,1509.0,1539.0,anchor,True,96,96
T11,RC,1539.0,1549.0,acquire,True,96,96
T11,RC,1549.0,1559.0,acquire,True,97,96
T11,RC,1559.0,1569.0,acquire,True,98,96
T11,RC,1569.0,1579.0,acquire,True,99,96
T11,RC,1579.0,1589.0,acquire,True,100,96
T11,RC,1589.0,1599.0,acquire,True,101,96
T11,RC,1599.0,1609.0,acquire,True,102,96
T11,RC,1609.0,1619.0,acquire,True,103,96
T11,RC,1619.0,1629.0,acquire,True,104,96
T11,RC,1629.0,1639.0,acquire,True,105,96
T11,RC,1639.0,1649.0,acquire,True,106,96
T11,RC,1649.0,1659.0,acquire,True,107,96
T11,RC,1659.0,1669.0,acquire,True,108,96
T11,RC,1669.0,1679.0,acquire,True,109,96
T11,RC,1679.0,1689.0,acquire,True,110,96
T11,RC,1689.0,1699.0,acquire,True,111,96
T11,RC,1699.0,1703.0,row_commit,True,96,96
T11,RC,1703.0,1733.0,anchor,True,112,112
T11,RC,1733.0,1743.0,acquire,True,112,112
T11,RC,1743.0,1753.0,acquire,True,113,112
T11,RC,1753.0,1763.0,acquire,True,114,112
T11,RC,1763.0,1773.0,acquire,True,115,112
T11,RC,1773.0,1783.0,acquire,True,116,112
T11,RC,1783.0,1793.0,acquire,True,117,112
T11,RC,1793.0,1803.0,acquire,True,118,112
T11,RC,1803.0,1813.0,acquire,True,119,112
T11,RC,1813.0,1823.0,acquire,True,120,112
T11,RC,1823.0,1833.0,acquire,True,121,112
T11,RC,1833.0,1843.0,acquire,True,122,112
T11,RC,1843.0,1853.0,acquire,True,123,112
T11,RC,1853.0,1863.0,acquire,True,124,112
T11,RC,1863.0,1873.0,acquire,True,125,112
T11,RC,1873.0,1883.0,acquire,True,126,112
T11,RC,1883.0,1893.0,acquire,True,127,112
T11,RC,1893.0,1897.0,row_commit,True,112,112
T11,RC,1897.0,1927.0,anchor,True,128,128
T11,RC,1927.0,1937.0,acquire,True,128,128
T11,RC,1937.0,1947.0,acquire,True,129,128
T11,RC,1947.0,1957.0,acquire,True,130,128
T11,RC,1957.0,1967.0,acquire,True,131,128
T11,RC,1967.0,1977.0,acquire,True,132,128
T11,RC,1977.0,1987.0,acquire,True,133,128
T11,RC,1987.0,1997.0,acquire,True,134,128
T11,RC,1997.0,2000.0,acquire,False,135,128
T11,RC,2000.0,2120.0,home,True,,128
T11,RC,2120.0,2121.0,lookup,True,,128
T11,RC,2121.0,2151.0,anchor,True,128,128
T11,RC,2151.0,2161.0,acquire,True,128,128
T11,RC,2161.0,2171.0,acquire,True,129,128
T11,RC,2171.0,2181.0,acquire,True,130,128
T11,RC,2181.0,2191.0,acquire,True,131,128
T11,RC,2191.0,2201.0,acquire,True,132,128
T11,RC,2201.0,2211.0,acquire,True,133,128
T11,RC,2211.0,2221.0,acquire,True,134,128
T11,RC,2221.0,2231.0,acquire,True,135,128
T11,RC,2231.0,2241.0,acquire,True,136,128
T11,RC,2241.0,2251.0,acquire,True,137,128
T11,RC,2251.0,2261.0,acquire,True,138,128
T11,RC,2261.0,2271.0,acquire,True,139,128
T11,RC,2271.0,2281.0,acquire,True,140,128
T11,RC,2281.0,2291.0,acquire,True,141,128
T11,RC,2291.0,2301.0,acquire,True,142,128
T11,RC,2301.0,2311.0,acquire,True,143,128
T11,RC,2311.0,2315.0,row_commit,True,128,128
T11,RC,2315.0,2345.0,anchor,True,144,144
T11,RC,2345.0,2355.0,acquire,True,144,144
T11,RC,2355.0,2365.0,acquire,True,145,144
T11,RC,2365.0,2375.0,acquire,True,146,144
T11,RC,2375.0,2385.0,acquire,True,147,144
T11,RC,2385.0,2395.0,acquire,True,148,144
T11,RC,2395.0,2405.0,acquire,True,149,144
T11,RC,2405.0,2415.0,acquire,True,150,144
T11,RC,2415.0,2425.0,acquire,True,151,144
T11,RC,2425.0,2435.0,acquire,True,152,144
T11,RC,2435.0,2445.0,acquire,True,153,144
T11,RC,2445.0,2455.0,acquire,True,154,144
T11,RC,2455.0,2465.0,acquire,True,155,144
T11,RC,2465.0,2475.0,acquire,True,156,144
T11,RC,2475.0,2485.0,acquire,True,157,144
T11,RC,2485.0,2495.0,acquire,True,158,144
T11,RC,2495.0,2505.0,acquire,True,159,144
T11,RC,2505.0,2509.0,row_commit,True,144,144
T11,RC,2509.0,2539.0,anchor,True,160,160
T11,RC,2539.0,2549.0,acquire,True,160,160
T11,RC,2549.0,2559.0,acquire,True,161,160
T11,RC,2559.0,2569.0,acquire,True,162,160
T11,RC,2569.0,2579.0,acquire,True,163,160
T11,RC,2579.0,2589.0,acquire,True,164,160
T11,RC,2589.0,2599.0,acquire,True,165,160
T11,RC,2599.0,2609.0,acquire,True,166,160
T11,RC,2609.0,2619.0,acquire,True,167,160
T11,RC,2619.0,2629.0,acquire,True,168,160
T11,RC,2629.0,2639.0,acquire,True,169,160
T11,RC,2639.0,2649.0,acquire,True,170,160
T11,RC,2649.0,2659.0,acquire,True,171,160
T11,RC,2659.0,2669.0,acquire,True,172,160
T11,RC,2669.0,2679.0,acquire,True,173,160
T11,RC,2679.0,2689.0,acquire,True,174,160
T11,RC,2689.0,2699.0,acquire,True,175,160
T11,RC,2699.0,2703.0,row_commit,True,160,160
T11,RC,2703.0,2733.0,anchor,True,176,176
T11,RC,2733.0,2743.0,acquire,True,176,176
T11,RC,2743.0,2753.0,acquire,True,177,176
T11,RC,2753.0,2763.0,acquire,True,178,176
T11,RC,2763.0,2773.0,acquire,True,179,176
T11,RC,2773.0,2783.0,acquire,True,180,176
T11,RC,2783.0,2793.0,acquire,True,181,176
T11,RC,2793.0,2803.0,acquire,True,182,176
T11,RC,2803.0,2813.0,acquire,True,183,176
T11,RC,2813.0,2823.0,acquire,True,184,176
T11,RC,2823.0,2833.0,acquire,True,185,176
T11,RC,2833.0,2843.0,acquire,True,186,176
T11,RC,2843.0,2853.0,acquire,True,187,176
T11,RC,2853.0,2863.0,acquire,True,188,176
T11,RC,2863.0,2873.0,acquire,True,189,176
T11,RC,2873.0,2883.0,acquire,True,190,176
T11,RC,2883.0,2893.0,acquire,True,191,176
T11,RC,2893.0,2897.0,row_commit,True,176,176
T11,AR,0.0,120.0,home,True,,0
T11,AR,120.0,150.0,anchor,True,0,0
T11,AR,150.0,160.0,acquire,True,0,0
T11,AR,160.0,160.8,record_commit,True,0,0
T11,AR,160.8,170.8,acquire,True,1,1
T11,AR,170.8,171.6,record_commit,True,1,1
T11,AR,171.6,181.6,acquire,True,2,2
T11,AR,181.6,182.4,record_commit,True,2,2
T11,AR,182.4,192.4,acquire,True,3,3
T11,AR,192.4,193.2,record_commit,True,3,3
T11,AR,193.2,203.2,acquire,True,4,4
T11,AR,203.2,204.0,record_commit,True,4,4
T11,AR,204.0,214.0,acquire,True,5,5
T11,AR,214.0,214.8,record_commit,True,5,5
T11,AR,214.8,224.8,acquire,True,6,6
T11,AR,224.8,225.6,record_commit,True,6,6
T11,AR,225.6,235.6,acquire,True,7,7
T11,AR,235.6,236.4,record_commit,True,7,7
T11,AR,236.4,246.4,acquire,True,8,8
T11,AR,246.4,247.2,record_commit,True,8,8
T11,AR,247.2,257.2,acquire,True,9,9
T11,AR,257.2,258.0,record_commit,True,9,9
T11,AR,258.0,268.0,acquire,True,10,10
T11,AR,268.0,268.8,record_commit,True,10,10
T11,AR,268.8,278.8,acquire,True,11,11
T11,AR,278.8,279.6,record_commit,True,11,11
T11,AR,279.6,289.6,acquire,True,12,12
T11,AR,289.6,290.4,record_commit,True,12,12
T11,AR,290.4,300.4,acquire,True,13,13
T11,AR,300.4,301.2,record_commit,True,13,13
T11,AR,301.2,311.2,acquire,True,14,14
T11,AR,311.2,312.0,record_commit,True,14,14
T11,AR,312.0,322.0,acquire,True,15,15
T11,AR,322.0,322.8,record_commit,True,15,15
T11,AR,322.8,352.8,anchor,True,16,16
T11,AR,352.8,362.8,acquire,True,16,16
T11,AR,362.8,363.6,record_commit,True,16,16
T11,AR,363.6,373.6,acquire,True,17,17
T11,AR,373.6,374.4,record_commit,True,17,17
T11,AR,374.4,384.4,acquire,True,18,18
T11,AR,384.4,385.2,record_commit,True,18,18
T11,AR,385.2,395.2,acquire,True,19,19
T11,AR,395.2,396.0,record_commit,True,19,19
T11,AR,396.0,406.0,acquire,True,20,20
T11,AR,406.0,406.8,record_commit,True,20,20
T11,AR,406.8,416.8,acquire,True,21,21
T11,AR,416.8,417.6,record_commit,True,21,21
T11,AR,417.6,427.6,acquire,True,22,22
T11,AR,427.6,428.4,record_commit,True,22,22
T11,AR,428.4,438.4,acquire,True,23,23
T11,AR,438.4,439.2,record_commit,True,23,23
T11,AR,439.2,449.2,acquire,True,24,24
T11,AR,449.2,450.0,record_commit,True,24,24
T11,AR,450.0,460.0,acquire,True,25,25
T11,AR,460.0,460.8,record_commit,True,25,25
T11,AR,460.8,470.8,acquire,True,26,26
T11,AR,470.8,471.6,record_commit,True,26,26
T11,AR,471.6,481.6,acquire,True,27,27
T11,AR,481.6,482.4,record_commit,True,27,27
T11,AR,482.4,492.4,acquire,True,28,28
T11,AR,492.4,493.2,record_commit,True,28,28
T11,AR,493.2,503.2,acquire,True,29,29
T11,AR,503.2,504.0,record_commit,True,29,29
T11,AR,504.0,514.0,acquire,True,30,30
T11,AR,514.0,514.8,record_commit,True,30,30
T11,AR,514.8,524.8,acquire,True,31,31
T11,AR,524.8,525.6,record_commit,True,31,31
T11,AR,525.6,555.6,anchor,True,32,32
T11,AR,555.6,565.6,acquire,True,32,32
T11,AR,565.6,566.4,record_commit,True,32,32
T11,AR,566.4,576.4,acquire,True,33,33
T11,AR,576.4,577.2,record_commit,True,33,33
T11,AR,577.2,587.2,acquire,True,34,34
T11,AR,587.2,588.0,record_commit,True,34,34
T11,AR,588.0,598.0,acquire,True,35,35
T11,AR,598.0,598.8,record_commit,True,35,35
T11,AR,598.8,608.8,acquire,True,36,36
T11,AR,608.8,609.6,record_commit,True,36,36
T11,AR,609.6,619.6,acquire,True,37,37
T11,AR,619.6,620.4,record_commit,True,37,37
T11,AR,620.4,630.4,acquire,True,38,38
T11,AR,630.4,631.2,record_commit,True,38,38
T11,AR,631.2,641.2,acquire,True,39,39
T11,AR,641.2,642.0,record_commit,True,39,39
T11,AR,642.0,652.0,acquire,True,40,40
T11,AR,652.0,652.8,record_commit,True,40,40
T11,AR,652.8,662.8,acquire,True,41,41
T11,AR,662.8,663.6,record_commit,True,41,41
T11,AR,663.6,673.6,acquire,True,42,42
T11,AR,673.6,674.4,record_commit,True,42,42
T11,AR,674.4,684.4,acquire,True,43,43
T11,AR,684.4,685.2,record_commit,True,43,43
T11,AR,685.2,695.2,acquire,True,44,44
T11,AR,695.2,696.0,record_commit,True,44,44
T11,AR,696.0,706.0,acquire,True,45,45
T11,AR,706.0,706.8,record_commit,True,45,45
T11,AR,706.8,716.8,acquire,True,46,46
T11,AR,716.8,717.6,record_commit,True,46,46
T11,AR,717.6,727.6,acquire,True,47,47
T11,AR,727.6,728.4,record_commit,True,47,47
T11,AR,728.4,758.4,anchor,True,48,48
T11,AR,758.4,768.4,acquire,True,48,48
T11,AR,768.4,769.2,record_commit,True,48,48
T11,AR,769.2,779.2,acquire,True,49,49
T11,AR,779.2,780.0,record_commit,True,49,49
T11,AR,780.0,790.0,acquire,True,50,50
T11,AR,790.0,790.8,record_commit,True,50,50
T11,AR,790.8,800.8,acquire,True,51,51
T11,AR,800.8,801.6,record_commit,True,51,51
T11,AR,801.6,811.6,acquire,True,52,52
T11,AR,811.6,812.4,record_commit,True,52,52
T11,AR,812.4,822.4,acquire,True,53,53
T11,AR,822.4,823.2,record_commit,True,53,53
T11,AR,823.2,833.2,acquire,True,54,54
T11,AR,833.2,834.0,record_commit,True,54,54
T11,AR,834.0,844.0,acquire,True,55,55
T11,AR,844.0,844.8,record_commit,True,55,55
T11,AR,844.8,854.8,acquire,True,56,56
T11,AR,854.8,855.6,record_commit,True,56,56
T11,AR,855.6,865.6,acquire,True,57,57
T11,AR,865.6,866.4,record_commit,True,57,57
T11,AR,866.4,876.4,acquire,True,58,58
T11,AR,876.4,877.2,record_commit,True,58,58
T11,AR,877.2,887.2,acquire,True,59,59
T11,AR,887.2,888.0,record_commit,True,59,59
T11,AR,888.0,898.0,acquire,True,60,60
T11,AR,898.0,898.8,record_commit,True,60,60
T11,AR,898.8,908.8,acquire,True,61,61
T11,AR,908.8,909.6,record_commit,True,61,61
T11,AR,909.6,919.6,acquire,True,62,62
T11,AR,919.6,920.4,record_commit,True,62,62
T11,AR,920.4,930.4,acquire,True,63,63
T11,AR,930.4,931.2,record_commit,True,63,63
T11,AR,931.2,961.2,anchor,True,64,64
T11,AR,961.2,971.2,acquire,True,64,64
T11,AR,971.2,972.0,record_commit,True,64,64
T11,AR,972.0,982.0,acquire,True,65,65
T11,AR,982.0,982.8,record_commit,True,65,65
T11,AR,982.8,992.8,acquire,True,66,66
T11,AR,992.8,993.6,record_commit,True,66,66
T11,AR,993.6,1000.0,acquire,False,67,67
T11,AR,1000.0,1120.0,home,True,,67
T11,AR,1120.0,1124.0,lookup,True,,67
T11,AR,1124.0,1154.0,anchor,True,67,67
T11,AR,1154.0,1164.0,acquire,True,67,67
T11,AR,1164.0,1164.8,record_commit,True,67,67
T11,AR,1164.8,1174.8,acquire,True,68,68
T11,AR,1174.8,1175.6,record_commit,True,68,68
T11,AR,1175.6,1185.6,acquire,True,69,69
T11,AR,1185.6,1186.4,record_commit,True,69,69
T11,AR,1186.4,1196.4,acquire,True,70,70
T11,AR,1196.4,1197.2,record_commit,True,70,70
T11,AR,1197.2,1207.2,acquire,True,71,71
T11,AR,1207.2,1208.0,record_commit,True,71,71
T11,AR,1208.0,1218.0,acquire,True,72,72
T11,AR,1218.0,1218.8,record_commit,True,72,72
T11,AR,1218.8,1228.8,acquire,True,73,73
T11,AR,1228.8,1229.6,record_commit,True,73,73
T11,AR,1229.6,1239.6,acquire,True,74,74
T11,AR,1239.6,1240.4,record_commit,True,74,74
T11,AR,1240.4,1250.4,acquire,True,75,75
T11,AR,1250.4,1251.2,record_commit,True,75,75
T11,AR,1251.2,1261.2,acquire,True,76,76
T11,AR,1261.2,1262.0,record_commit,True,76,76
T11,AR,1262.0,1272.0,acquire,True,77,77
T11,AR,1272.0,1272.8,record_commit,True,77,77
T11,AR,1272.8,1282.8,acquire,True,78,78
T11,AR,1282.8,1283.6,record_commit,True,78,78
T11,AR,1283.6,1293.6,acquire,True,79,79
T11,AR,1293.6,1294.4,record_commit,True,79,79
T11,AR,1294.4,1324.4,anchor,True,80,80
T11,AR,1324.4,1334.4,acquire,True,80,80
T11,AR,1334.4,1335.2,record_commit,True,80,80
T11,AR,1335.2,1345.2,acquire,True,81,81
T11,AR,1345.2,1346.0,record_commit,True,81,81
T11,AR,1346.0,1356.0,acquire,True,82,82
T11,AR,1356.0,1356.8,record_commit,True,82,82
T11,AR,1356.8,1366.8,acquire,True,83,83
T11,AR,1366.8,1367.6,record_commit,True,83,83
T11,AR,1367.6,1377.6,acquire,True,84,84
T11,AR,1377.6,1378.4,record_commit,True,84,84
T11,AR,1378.4,1388.4,acquire,True,85,85
T11,AR,1388.4,1389.2,record_commit,True,85,85
T11,AR,1389.2,1399.2,acquire,True,86,86
T11,AR,1399.2,1400.0,record_commit,True,86,86
T11,AR,1400.0,1410.0,acquire,True,87,87
T11,AR,1410.0,1410.8,record_commit,True,87,87
T11,AR,1410.8,1420.8,acquire,True,88,88
T11,AR,1420.8,1421.6,record_commit,True,88,88
T11,AR,1421.6,1431.6,acquire,True,89,89
T11,AR,1431.6,1432.4,record_commit,True,89,89
T11,AR,1432.4,1442.4,acquire,True,90,90
T11,AR,1442.4,1443.2,record_commit,True,90,90
T11,AR,1443.2,1453.2,acquire,True,91,91
T11,AR,1453.2,1454.0,record_commit,True,91,91
T11,AR,1454.0,1464.0,acquire,True,92,92
T11,AR,1464.0,1464.8,record_commit,True,92,92
T11,AR,1464.8,1474.8,acquire,True,93,93
T11,AR,1474.8,1475.6,record_commit,True,93,93
T11,AR,1475.6,1485.6,acquire,True,94,94
T11,AR,1485.6,1486.4,record_commit,True,94,94
T11,AR,1486.4,1496.4,acquire,True,95,95
T11,AR,1496.4,1497.2,record_commit,True,95,95
T11,AR,1497.2,1527.2,anchor,True,96,96
T11,AR,1527.2,1537.2,acquire,True,96,96
T11,AR,1537.2,1538.0,record_commit,True,96,96
T11,AR,1538.0,1548.0,acquire,True,97,97
T11,AR,1548.0,1548.8,record_commit,True,97,97
T11,AR,1548.8,1558.8,acquire,True,98,98
T11,AR,1558.8,1559.6,record_commit,True,98,98
T11,AR,1559.6,1569.6,acquire,True,99,99
T11,AR,1569.6,1570.4,record_commit,True,99,99
T11,AR,1570.4,1580.4,acquire,True,100,100
T11,AR,1580.4,1581.2,record_commit,True,100,100
T11,AR,1581.2,1591.2,acquire,True,101,101
T11,AR,1591.2,1592.0,record_commit,True,101,101
T11,AR,1592.0,1602.0,acquire,True,102,102
T11,AR,1602.0,1602.8,record_commit,True,102,102
T11,AR,1602.8,1612.8,acquire,True,103,103
T11,AR,1612.8,1613.6,record_commit,True,103,103
T11,AR,1613.6,1623.6,acquire,True,104,104
T11,AR,1623.6,1624.4,record_commit,True,104,104
T11,AR,1624.4,1634.4,acquire,True,105,105
T11,AR,1634.4,1635.2,record_commit,True,105,105
T11,AR,1635.2,1645.2,acquire,True,106,106
T11,AR,1645.2,1646.0,record_commit,True,106,106
T11,AR,1646.0,1656.0,acquire,True,107,107
T11,AR,1656.0,1656.8,record_commit,True,107,107
T11,AR,1656.8,1666.8,acquire,True,108,108
T11,AR,1666.8,1667.6,record_commit,True,108,108
T11,AR,1667.6,1677.6,acquire,True,109,109
T11,AR,1677.6,1678.4,record_commit,True,109,109
T11,AR,1678.4,1688.4,acquire,True,110,110
T11,AR,1688.4,1689.2,record_commit,True,110,110
T11,AR,1689.2,1699.2,acquire,True,111,111
T11,AR,1699.2,1700.0,record_commit,True,111,111
T11,AR,1700.0,1730.0,anchor,True,112,112
T11,AR,1730.0,1740.0,acquire,True,112,112
T11,AR,1740.0,1740.8,record_commit,True,112,112
T11,AR,1740.8,1750.8,acquire,True,113,113
T11,AR,1750.8,1751.6,record_commit,True,113,113
T11,AR,1751.6,1761.6,acquire,True,114,114
T11,AR,1761.6,1762.4,record_commit,True,114,114
T11,AR,1762.4,1772.4,acquire,True,115,115
T11,AR,1772.4,1773.2,record_commit,True,115,115
T11,AR,1773.2,1783.2,acquire,True,116,116
T11,AR,1783.2,1784.0,record_commit,True,116,116
T11,AR,1784.0,1794.0,acquire,True,117,117
T11,AR,1794.0,1794.8,record_commit,True,117,117
T11,AR,1794.8,1804.8,acquire,True,118,118
T11,AR,1804.8,1805.6,record_commit,True,118,118
T11,AR,1805.6,1815.6,acquire,True,119,119
T11,AR,1815.6,1816.4,record_commit,True,119,119
T11,AR,1816.4,1826.4,acquire,True,120,120
T11,AR,1826.4,1827.2,record_commit,True,120,120
T11,AR,1827.2,1837.2,acquire,True,121,121
T11,AR,1837.2,1838.0,record_commit,True,121,121
T11,AR,1838.0,1848.0,acquire,True,122,122
T11,AR,1848.0,1848.8,record_commit,True,122,122
T11,AR,1848.8,1858.8,acquire,True,123,123
T11,AR,1858.8,1859.6,record_commit,True,123,123
T11,AR,1859.6,1869.6,acquire,True,124,124
T11,AR,1869.6,1870.4,record_commit,True,124,124
T11,AR,1870.4,1880.4,acquire,True,125,125
T11,AR,1880.4,1881.2,record_commit,True,125,125
T11,AR,1881.2,1891.2,acquire,True,126,126
T11,AR,1891.2,1892.0,record_commit,True,126,126
T11,AR,1892.0,1902.0,acquire,True,127,127
T11,AR,1902.0,1902.8,record_commit,True,127,127
T11,AR,1902.8,1932.8,anchor,True,128,128
T11,AR,1932.8,1942.8,acquire,True,128,128
T11,AR,1942.8,1943.6,record_commit,True,128,128
T11,AR,1943.6,1953.6,acquire,True,129,129
T11,AR,1953.6,1954.4,record_commit,True,129,129
T11,AR,1954.4,1964.4,acquire,True,130,130
T11,AR,1964.4,1965.2,record_commit,True,130,130
T11,AR,1965.2,1975.2,acquire,True,131,131
T11,AR,1975.2,1976.0,record_commit,True,131,131
T11,AR,1976.0,1986.0,acquire,True,132,132
T11,AR,1986.0,1986.8,record_commit,True,132,132
T11,AR,1986.8,1996.8,acquire,True,133,133
T11,AR,1996.8,1997.6,record_commit,True,133,133
T11,AR,1997.6,2000.0,acquire,False,134,134
T11,AR,2000.0,2120.0,home,True,,134
T11,AR,2120.0,2124.0,lookup,True,,134
T11,AR,2124.0,2154.0,anchor,True,134,134
T11,AR,2154.0,2164.0,acquire,True,134,134
T11,AR,2164.0,2164.8,record_commit,True,134,134
T11,AR,2164.8,2174.8,acquire,True,135,135
T11,AR,2174.8,2175.6,record_commit,True,135,135
T11,AR,2175.6,2185.6,acquire,True,136,136
T11,AR,2185.6,2186.4,record_commit,True,136,136
T11,AR,2186.4,2196.4,acquire,True,137,137
T11,AR,2196.4,2197.2,record_commit,True,137,137
T11,AR,2197.2,2207.2,acquire,True,138,138
T11,AR,2207.2,2208.0,record_commit,True,138,138
T11,AR,2208.0,2218.0,acquire,True,139,139
T11,AR,2218.0,2218.8,record_commit,True,139,139
T11,AR,2218.8,2228.8,acquire,True,140,140
T11,AR,2228.8,2229.6,record_commit,True,140,140
T11,AR,2229.6,2239.6,acquire,True,141,141
T11,AR,2239.6,2240.4,record_commit,True,141,141
T11,AR,2240.4,2250.4,acquire,True,142,142
T11,AR,2250.4,2251.2,record_commit,True,142,142
T11,AR,2251.2,2261.2,acquire,True,143,143
T11,AR,2261.2,2262.0,record_commit,True,143,143
T11,AR,2262.0,2292.0,anchor,True,144,144
T11,AR,2292.0,2302.0,acquire,True,144,144
T11,AR,2302.0,2302.8,record_commit,True,144,144
T11,AR,2302.8,2312.8,acquire,True,145,145
T11,AR,2312.8,2313.6,record_commit,True,145,145
T11,AR,2313.6,2323.6,acquire,True,146,146
T11,AR,2323.6,2324.4,record_commit,True,146,146
T11,AR,2324.4,2334.4,acquire,True,147,147
T11,AR,2334.4,2335.2,record_commit,True,147,147
T11,AR,2335.2,2345.2,acquire,True,148,148
T11,AR,2345.2,2346.0,record_commit,True,148,148
T11,AR,2346.0,2356.0,acquire,True,149,149
T11,AR,2356.0,2356.8,record_commit,True,149,149
T11,AR,2356.8,2366.8,acquire,True,150,150
T11,AR,2366.8,2367.6,record_commit,True,150,150
T11,AR,2367.6,2377.6,acquire,True,151,151
T11,AR,2377.6,2378.4,record_commit,True,151,151
T11,AR,2378.4,2388.4,acquire,True,152,152
T11,AR,2388.4,2389.2,record_commit,True,152,152
T11,AR,2389.2,2399.2,acquire,True,153,153
T11,AR,2399.2,2400.0,record_commit,True,153,153
T11,AR,2400.0,2410.0,acquire,True,154,154
T11,AR,2410.0,2410.8,record_commit,True,154,154
T11,AR,2410.8,2420.8,acquire,True,155,155
T11,AR,2420.8,2421.6,record_commit,True,155,155
T11,AR,2421.6,2431.6,acquire,True,156,156
T11,AR,2431.6,2432.4,record_commit,True,156,156
T11,AR,2432.4,2442.4,acquire,True,157,157
T11,AR,2442.4,2443.2,record_commit,True,157,157
T11,AR,2443.2,2453.2,acquire,True,158,158
T11,AR,2453.2,2454.0,record_commit,True,158,158
T11,AR,2454.0,2464.0,acquire,True,159,159
T11,AR,2464.0,2464.8,record_commit,True,159,159
T11,AR,2464.8,2494.8,anchor,True,160,160
T11,AR,2494.8,2504.8,acquire,True,160,160
T11,AR,2504.8,2505.6,record_commit,True,160,160
T11,AR,2505.6,2515.6,acquire,True,161,161
T11,AR,2515.6,2516.4,record_commit,True,161,161
T11,AR,2516.4,2526.4,acquire,True,162,162
T11,AR,2526.4,2527.2,record_commit,True,162,162
T11,AR,2527.2,2537.2,acquire,True,163,163
T11,AR,2537.2,2538.0,record_commit,True,163,163
T11,AR,2538.0,2548.0,acquire,True,164,164
T11,AR,2548.0,2548.8,record_commit,True,164,164
T11,AR,2548.8,2558.8,acquire,True,165,165
T11,AR,2558.8,2559.6,record_commit,True,165,165
T11,AR,2559.6,2569.6,acquire,True,166,166
T11,AR,2569.6,2570.4,record_commit,True,166,166
T11,AR,2570.4,2580.4,acquire,True,167,167
T11,AR,2580.4,2581.2,record_commit,True,167,167
T11,AR,2581.2,2591.2,acquire,True,168,168
T11,AR,2591.2,2592.0,record_commit,True,168,168
T11,AR,2592.0,2602.0,acquire,True,169,169
T11,AR,2602.0,2602.8,record_commit,True,169,169
T11,AR,2602.8,2612.8,acquire,True,170,170
T11,AR,2612.8,2613.6,record_commit,True,170,170
T11,AR,2613.6,2623.6,acquire,True,171,171
T11,AR,2623.6,2624.4,record_commit,True,171,171
T11,AR,2624.4,2634.4,acquire,True,172,172
T11,AR,2634.4,2635.2,record_commit,True,172,172
T11,AR,2635.2,2645.2,acquire,True,173,173
T11,AR,2645.2,2646.0,record_commit,True,173,173
T11,AR,2646.0,2656.0,acquire,True,174,174
T11,AR,2656.0,2656.8,record_commit,True,174,174
T11,AR,2656.8,2666.8,acquire,True,175,175
T11,AR,2666.8,2667.6,record_commit,True,175,175
T11,AR,2667.6,2697.6,anchor,True,176,176
T11,AR,2697.6,2707.6,acquire,True,176,176
T11,AR,2707.6,2708.4,record_commit,True,176,176
T11,AR,2708.4,2718.4,acquire,True,177,177
T11,AR,2718.4,2719.2,record_commit,True,177,177
T11,AR,2719.2,2729.2,acquire,True,178,178
T11,AR,2729.2,2730.0,record_commit,True,178,178
T11,AR,2730.0,2740.0,acquire,True,179,179
T11,AR,2740.0,2740.8,record_commit,True,179,179
T11,AR,2740.8,2750.8,acquire,True,180,180
T11,AR,2750.8,2751.6,record_commit,True,180,180
T11,AR,2751.6,2761.6,acquire,True,181,181
T11,AR,2761.6,2762.4,record_commit,True,181,181
T11,AR,2762.4,2772.4,acquire,True,182,182
T11,AR,2772.4,2773.2,record_commit,True,182,182
T11,AR,2773.2,2783.2,acquire,True,183,183
T11,AR,2783.2,2784.0,record_commit,True,183,183
T11,AR,2784.0,2794.0,acquire,True,184,184
T11,AR,2794.0,2794.8,record_commit,True,184,184
T11,AR,2794.8,2804.8,acquire,True,185,185
T11,AR,2804.8,2805.6,record_commit,True,185,185
T11,AR,2805.6,2815.6,acquire,True,186,186
T11,AR,2815.6,2816.4,record_commit,True,186,186
T11,AR,2816.4,2826.4,acquire,True,187,187
T11,AR,2826.4,2827.2,record_commit,True,187,187
T11,AR,2827.2,2837.2,acquire,True,188,188
T11,AR,2837.2,2838.0,record_commit,True,188,188
T11,AR,2838.0,2848.0,acquire,True,189,189
T11,AR,2848.0,2848.8,record_commit,True,189,189
T11,AR,2848.8,2858.8,acquire,True,190,190
T11,AR,2858.8,2859.6,record_commit,True,190,190
T11,AR,2859.6,2869.6,acquire,True,191,191
T11,AR,2869.6,2870.4,record_commit,True,191,191
T11,BS,0.0,120.0,home,True,,0
T11,BS,120.0,150.0,anchor,True,0,0
T11,BS,150.0,160.0,acquire,True,0,0
T11,BS,160.0,170.0,acquire,True,1,0
T11,BS,170.0,180.0,acquire,True,2,0
T11,BS,180.0,190.0,acquire,True,3,0
T11,BS,190.0,192.0,block_seal,True,0,0
T11,BS,192.0,202.0,acquire,True,4,4
T11,BS,202.0,212.0,acquire,True,5,4
T11,BS,212.0,222.0,acquire,True,6,4
T11,BS,222.0,232.0,acquire,True,7,4
T11,BS,232.0,234.0,block_seal,True,4,4
T11,BS,234.0,244.0,acquire,True,8,8
T11,BS,244.0,254.0,acquire,True,9,8
T11,BS,254.0,264.0,acquire,True,10,8
T11,BS,264.0,274.0,acquire,True,11,8
T11,BS,274.0,276.0,block_seal,True,8,8
T11,BS,276.0,286.0,acquire,True,12,12
T11,BS,286.0,296.0,acquire,True,13,12
T11,BS,296.0,306.0,acquire,True,14,12
T11,BS,306.0,316.0,acquire,True,15,12
T11,BS,316.0,318.0,block_seal,True,12,12
T11,BS,318.0,319.0,row_checkpoint,True,,16
T11,BS,319.0,349.0,anchor,True,16,16
T11,BS,349.0,359.0,acquire,True,16,16
T11,BS,359.0,369.0,acquire,True,17,16
T11,BS,369.0,379.0,acquire,True,18,16
T11,BS,379.0,389.0,acquire,True,19,16
T11,BS,389.0,391.0,block_seal,True,16,16
T11,BS,391.0,401.0,acquire,True,20,20
T11,BS,401.0,411.0,acquire,True,21,20
T11,BS,411.0,421.0,acquire,True,22,20
T11,BS,421.0,431.0,acquire,True,23,20
T11,BS,431.0,433.0,block_seal,True,20,20
T11,BS,433.0,443.0,acquire,True,24,24
T11,BS,443.0,453.0,acquire,True,25,24
T11,BS,453.0,463.0,acquire,True,26,24
T11,BS,463.0,473.0,acquire,True,27,24
T11,BS,473.0,475.0,block_seal,True,24,24
T11,BS,475.0,485.0,acquire,True,28,28
T11,BS,485.0,495.0,acquire,True,29,28
T11,BS,495.0,505.0,acquire,True,30,28
T11,BS,505.0,515.0,acquire,True,31,28
T11,BS,515.0,517.0,block_seal,True,28,28
T11,BS,517.0,518.0,row_checkpoint,True,,32
T11,BS,518.0,548.0,anchor,True,32,32
T11,BS,548.0,558.0,acquire,True,32,32
T11,BS,558.0,568.0,acquire,True,33,32
T11,BS,568.0,578.0,acquire,True,34,32
T11,BS,578.0,588.0,acquire,True,35,32
T11,BS,588.0,590.0,block_seal,True,32,32
T11,BS,590.0,600.0,acquire,True,36,36
T11,BS,600.0,610.0,acquire,True,37,36
T11,BS,610.0,620.0,acquire,True,38,36
T11,BS,620.0,630.0,acquire,True,39,36
T11,BS,630.0,632.0,block_seal,True,36,36
T11,BS,632.0,642.0,acquire,True,40,40
T11,BS,642.0,652.0,acquire,True,41,40
T11,BS,652.0,662.0,acquire,True,42,40
T11,BS,662.0,672.0,acquire,True,43,40
T11,BS,672.0,674.0,block_seal,True,40,40
T11,BS,674.0,684.0,acquire,True,44,44
T11,BS,684.0,694.0,acquire,True,45,44
T11,BS,694.0,704.0,acquire,True,46,44
T11,BS,704.0,714.0,acquire,True,47,44
T11,BS,714.0,716.0,block_seal,True,44,44
T11,BS,716.0,717.0,row_checkpoint,True,,48
T11,BS,717.0,747.0,anchor,True,48,48
T11,BS,747.0,757.0,acquire,True,48,48
T11,BS,757.0,767.0,acquire,True,49,48
T11,BS,767.0,777.0,acquire,True,50,48
T11,BS,777.0,787.0,acquire,True,51,48
T11,BS,787.0,789.0,block_seal,True,48,48
T11,BS,789.0,799.0,acquire,True,52,52
T11,BS,799.0,809.0,acquire,True,53,52
T11,BS,809.0,819.0,acquire,True,54,52
T11,BS,819.0,829.0,acquire,True,55,52
T11,BS,829.0,831.0,block_seal,True,52,52
T11,BS,831.0,841.0,acquire,True,56,56
T11,BS,841.0,851.0,acquire,True,57,56
T11,BS,851.0,861.0,acquire,True,58,56
T11,BS,861.0,871.0,acquire,True,59,56
T11,BS,871.0,873.0,block_seal,True,56,56
T11,BS,873.0,883.0,acquire,True,60,60
T11,BS,883.0,893.0,acquire,True,61,60
T11,BS,893.0,903.0,acquire,True,62,60
T11,BS,903.0,913.0,acquire,True,63,60
T11,BS,913.0,915.0,block_seal,True,60,60
T11,BS,915.0,916.0,row_checkpoint,True,,64
T11,BS,916.0,946.0,anchor,True,64,64
T11,BS,946.0,956.0,acquire,True,64,64
T11,BS,956.0,966.0,acquire,True,65,64
T11,BS,966.0,976.0,acquire,True,66,64
T11,BS,976.0,986.0,acquire,True,67,64
T11,BS,986.0,988.0,block_seal,True,64,64
T11,BS,988.0,998.0,acquire,True,68,68
T11,BS,998.0,1000.0,acquire,False,69,68
T11,BS,1000.0,1120.0,home,True,,68
T11,BS,1120.0,1126.0,lookup,True,,68
T11,BS,1126.0,1156.0,anchor,True,68,68
T11,BS,1156.0,1166.0,acquire,True,68,68
T11,BS,1166.0,1176.0,acquire,True,69,68
T11,BS,1176.0,1186.0,acquire,True,70,68
T11,BS,1186.0,1196.0,acquire,True,71,68
T11,BS,1196.0,1198.0,block_seal,True,68,68
T11,BS,1198.0,1208.0,acquire,True,72,72
T11,BS,1208.0,1218.0,acquire,True,73,72
T11,BS,1218.0,1228.0,acquire,True,74,72
T11,BS,1228.0,1238.0,acquire,True,75,72
T11,BS,1238.0,1240.0,block_seal,True,72,72
T11,BS,1240.0,1250.0,acquire,True,76,76
T11,BS,1250.0,1260.0,acquire,True,77,76
T11,BS,1260.0,1270.0,acquire,True,78,76
T11,BS,1270.0,1280.0,acquire,True,79,76
T11,BS,1280.0,1282.0,block_seal,True,76,76
T11,BS,1282.0,1283.0,row_checkpoint,True,,80
T11,BS,1283.0,1313.0,anchor,True,80,80
T11,BS,1313.0,1323.0,acquire,True,80,80
T11,BS,1323.0,1333.0,acquire,True,81,80
T11,BS,1333.0,1343.0,acquire,True,82,80
T11,BS,1343.0,1353.0,acquire,True,83,80
T11,BS,1353.0,1355.0,block_seal,True,80,80
T11,BS,1355.0,1365.0,acquire,True,84,84
T11,BS,1365.0,1375.0,acquire,True,85,84
T11,BS,1375.0,1385.0,acquire,True,86,84
T11,BS,1385.0,1395.0,acquire,True,87,84
T11,BS,1395.0,1397.0,block_seal,True,84,84
T11,BS,1397.0,1407.0,acquire,True,88,88
T11,BS,1407.0,1417.0,acquire,True,89,88
T11,BS,1417.0,1427.0,acquire,True,90,88
T11,BS,1427.0,1437.0,acquire,True,91,88
T11,BS,1437.0,1439.0,block_seal,True,88,88
T11,BS,1439.0,1449.0,acquire,True,92,92
T11,BS,1449.0,1459.0,acquire,True,93,92
T11,BS,1459.0,1469.0,acquire,True,94,92
T11,BS,1469.0,1479.0,acquire,True,95,92
T11,BS,1479.0,1481.0,block_seal,True,92,92
T11,BS,1481.0,1482.0,row_checkpoint,True,,96
T11,BS,1482.0,1512.0,anchor,True,96,96
T11,BS,1512.0,1522.0,acquire,True,96,96
T11,BS,1522.0,1532.0,acquire,True,97,96
T11,BS,1532.0,1542.0,acquire,True,98,96
T11,BS,1542.0,1552.0,acquire,True,99,96
T11,BS,1552.0,1554.0,block_seal,True,96,96
T11,BS,1554.0,1564.0,acquire,True,100,100
T11,BS,1564.0,1574.0,acquire,True,101,100
T11,BS,1574.0,1584.0,acquire,True,102,100
T11,BS,1584.0,1594.0,acquire,True,103,100
T11,BS,1594.0,1596.0,block_seal,True,100,100
T11,BS,1596.0,1606.0,acquire,True,104,104
T11,BS,1606.0,1616.0,acquire,True,105,104
T11,BS,1616.0,1626.0,acquire,True,106,104
T11,BS,1626.0,1636.0,acquire,True,107,104
T11,BS,1636.0,1638.0,block_seal,True,104,104
T11,BS,1638.0,1648.0,acquire,True,108,108
T11,BS,1648.0,1658.0,acquire,True,109,108
T11,BS,1658.0,1668.0,acquire,True,110,108
T11,BS,1668.0,1678.0,acquire,True,111,108
T11,BS,1678.0,1680.0,block_seal,True,108,108
T11,BS,1680.0,1681.0,row_checkpoint,True,,112
T11,BS,1681.0,1711.0,anchor,True,112,112
T11,BS,1711.0,1721.0,acquire,True,112,112
T11,BS,1721.0,1731.0,acquire,True,113,112
T11,BS,1731.0,1741.0,acquire,True,114,112
T11,BS,1741.0,1751.0,acquire,True,115,112
T11,BS,1751.0,1753.0,block_seal,True,112,112
T11,BS,1753.0,1763.0,acquire,True,116,116
T11,BS,1763.0,1773.0,acquire,True,117,116
T11,BS,1773.0,1783.0,acquire,True,118,116
T11,BS,1783.0,1793.0,acquire,True,119,116
T11,BS,1793.0,1795.0,block_seal,True,116,116
T11,BS,1795.0,1805.0,acquire,True,120,120
T11,BS,1805.0,1815.0,acquire,True,121,120
T11,BS,1815.0,1825.0,acquire,True,122,120
T11,BS,1825.0,1835.0,acquire,True,123,120
T11,BS,1835.0,1837.0,block_seal,True,120,120
T11,BS,1837.0,1847.0,acquire,True,124,124
T11,BS,1847.0,1857.0,acquire,True,125,124
T11,BS,1857.0,1867.0,acquire,True,126,124
T11,BS,1867.0,1877.0,acquire,True,127,124
T11,BS,1877.0,1879.0,block_seal,True,124,124
T11,BS,1879.0,1880.0,row_checkpoint,True,,128
T11,BS,1880.0,1910.0,anchor,True,128,128
T11,BS,1910.0,1920.0,acquire,True,128,128
T11,BS,1920.0,1930.0,acquire,True,129,128
T11,BS,1930.0,1940.0,acquire,True,130,128
T11,BS,1940.0,1950.0,acquire,True,131,128
T11,BS,1950.0,1952.0,block_seal,True,128,128
T11,BS,1952.0,1962.0,acquire,True,132,132
T11,BS,1962.0,1972.0,acquire,True,133,132
T11,BS,1972.0,1982.0,acquire,True,134,132
T11,BS,1982.0,1992.0,acquire,True,135,132
T11,BS,1992.0,1994.0,block_seal,True,132,132
T11,BS,1994.0,2000.0,acquire,False,136,136
T11,BS,2000.0,2120.0,home,True,,136
T11,BS,2120.0,2126.0,lookup,True,,136
T11,BS,2126.0,2156.0,anchor,True,136,136
T11,BS,2156.0,2166.0,acquire,True,136,136
T11,BS,2166.0,2176.0,acquire,True,137,136
T11,BS,2176.0,2186.0,acquire,True,138,136
T11,BS,2186.0,2196.0,acquire,True,139,136
T11,BS,2196.0,2198.0,block_seal,True,136,136
T11,BS,2198.0,2208.0,acquire,True,140,140
T11,BS,2208.0,2218.0,acquire,True,141,140
T11,BS,2218.0,2228.0,acquire,True,142,140
T11,BS,2228.0,2238.0,acquire,True,143,140
T11,BS,2238.0,2240.0,block_seal,True,140,140
T11,BS,2240.0,2241.0,row_checkpoint,True,,144
T11,BS,2241.0,2271.0,anchor,True,144,144
T11,BS,2271.0,2281.0,acquire,True,144,144
T11,BS,2281.0,2291.0,acquire,True,145,144
T11,BS,2291.0,2301.0,acquire,True,146,144
T11,BS,2301.0,2311.0,acquire,True,147,144
T11,BS,2311.0,2313.0,block_seal,True,144,144
T11,BS,2313.0,2323.0,acquire,True,148,148
T11,BS,2323.0,2333.0,acquire,True,149,148
T11,BS,2333.0,2343.0,acquire,True,150,148
T11,BS,2343.0,2353.0,acquire,True,151,148
T11,BS,2353.0,2355.0,block_seal,True,148,148
T11,BS,2355.0,2365.0,acquire,True,152,152
T11,BS,2365.0,2375.0,acquire,True,153,152
T11,BS,2375.0,2385.0,acquire,True,154,152
T11,BS,2385.0,2395.0,acquire,True,155,152
T11,BS,2395.0,2397.0,block_seal,True,152,152
T11,BS,2397.0,2407.0,acquire,True,156,156
T11,BS,2407.0,2417.0,acquire,True,157,156
T11,BS,2417.0,2427.0,acquire,True,158,156
T11,BS,2427.0,2437.0,acquire,True,159,156
T11,BS,2437.0,2439.0,block_seal,True,156,156
T11,BS,2439.0,2440.0,row_checkpoint,True,,160
T11,BS,2440.0,2470.0,anchor,True,160,160
T11,BS,2470.0,2480.0,acquire,True,160,160
T11,BS,2480.0,2490.0,acquire,True,161,160
T11,BS,2490.0,2500.0,acquire,True,162,160
T11,BS,2500.0,2510.0,acquire,True,163,160
T11,BS,2510.0,2512.0,block_seal,True,160,160
T11,BS,2512.0,2522.0,acquire,True,164,164
T11,BS,2522.0,2532.0,acquire,True,165,164
T11,BS,2532.0,2542.0,acquire,True,166,164
T11,BS,2542.0,2552.0,acquire,True,167,164
T11,BS,2552.0,2554.0,block_seal,True,164,164
T11,BS,2554.0,2564.0,acquire,True,168,168
T11,BS,2564.0,2574.0,acquire,True,169,168
T11,BS,2574.0,2584.0,acquire,True,170,168
T11,BS,2584.0,2594.0,acquire,True,171,168
T11,BS,2594.0,2596.0,block_seal,True,168,168
T11,BS,2596.0,2606.0,acquire,True,172,172
T11,BS,2606.0,2616.0,acquire,True,173,172
T11,BS,2616.0,2626.0,acquire,True,174,172
T11,BS,2626.0,2636.0,acquire,True,175,172
T11,BS,2636.0,2638.0,block_seal,True,172,172
T11,BS,2638.0,2639.0,row_checkpoint,True,,176
T11,BS,2639.0,2669.0,anchor,True,176,176
T11,BS,2669.0,2679.0,acquire,True,176,176
T11,BS,2679.0,2689.0,acquire,True,177,176
T11,BS,2689.0,2699.0,acquire,True,178,176
T11,BS,2699.0,2709.0,acquire,True,179,176
T11,BS,2709.0,2711.0,block_seal,True,176,176
T11,BS,2711.0,2721.0,acquire,True,180,180
T11,BS,2721.0,2731.0,acquire,True,181,180
T11,BS,2731.0,2741.0,acquire,True,182,180
T11,BS,2741.0,2751.0,acquire,True,183,180
T11,BS,2751.0,2753.0,block_seal,True,180,180
T11,BS,2753.0,2763.0,acquire,True,184,184
T11,BS,2763.0,2773.0,acquire,True,185,184
T11,BS,2773.0,2783.0,acquire,True,186,184
T11,BS,2783.0,2793.0,acquire,True,187,184
T11,BS,2793.0,2795.0,block_seal,True,184,184
T11,BS,2795.0,2805.0,acquire,True,188,188
T11,BS,2805.0,2815.0,acquire,True,189,188
T11,BS,2815.0,2825.0,acquire,True,190,188
T11,BS,2825.0,2835.0,acquire,True,191,188
T11,BS,2835.0,2837.0,block_seal,True,188,188
T11,BS,2837.0,2838.0,row_checkpoint,True,,192
