scenario,provenance,event_id,condition,policy,site_id,x_mm,y_mm,stored_local_um,row_change_um,local_texture_um,east_extra_um,true_change_um,true_local_um,probe_noise_um,measured_local_um,current_plane_um,true_surface_um,commanded_local_um,commanded_surface_um,focus_error_um,abs_focus_error_um,accepted_center,was_probed,row_triggered
DEMO_EXCHANGED_CARRIER_V1,CONSTRUCTED_DEMO,B01,broad_row_change,PLANE,SW,-32.0,-24.0,6.976,0,-0.35,0.0,-0.35,6.626,-0.15,6.476,-19.6,-12.974,6.976,-12.624,-0.35,0.35,1,0,0
DEMO_EXCHANGED_CARRIER_V1,CONSTRUCTED_DEMO,B01,broad_row_change,PLANE,SC,0.0,-24.0,2.88,0,0.0,0.0,0.0,2.88,0.3,3.18,-23.44,-20.56,2.88,-20.56,0.0,0.0,1,0,0
DEMO_EXCHANGED_CARRIER_V1,CONSTRUCTED_DEMO,B01,broad_row_change,PLANE,SE,32.0,-24.0,6.976,0,0.35,0.0,0.35,7.326,-0.6,6.726,-27.28,-19.954,6.976,-20.304,0.35,0.35,1,0,0
DEMO_EXCHANGED_CARRIER_V1,CONSTRUCTED_DEMO,B01,broad_row_change,PLANE,MW,-32.0,0.0,4.096,0,0.35,0.0,0.35,4.446,0.15,4.596,-18.16,-13.714,4.096,-14.064,0.35,0.35,1,0,0
DEMO_EXCHANGED_CARRIER_V1,CONSTRUCTED_DEMO,B01,broad_row_change,PLANE,MC,0.0,0.0,0.0,0,0.7,0.0,0.7,0.7,0.6,1.3,-22.0,-21.3,0.0,-22.0,0.7,0.7,1,0,0
DEMO_EXCHANGED_CARRIER_V1,CONSTRUCTED_DEMO,B01,broad_row_change,PLANE,ME,32.0,0.0,4.096,0,-0.7,0.0,-0.7,3.396,-0.3,3.096,-25.84,-22.444,4.096,-21.744,-0.7,0.7,1,0,0
DEMO_EXCHANGED_CARRIER_V1,CONSTRUCTED_DEMO,B01,broad_row_change,PLANE,NW,-32.0,24.0,6.976,0,-0.7,0.0,-0.7,6.276,0.45,6.726,-16.72,-10.444,6.976,-9.744,-0.7,0.7,1,0,0
DEMO_EXCHANGED_CARRIER_V1,CONSTRUCTED_DEMO,B01,broad_row_change,PLANE,NC,0.0,24.0,2.88,0,-0.35,0.0,-0.35,2.53,-0.45,2.08,-20.56,-18.03,2.88,-17.68,-0.35,0.35,1,0,0
DEMO_EXCHANGED_CARRIER_V1,CONSTRUCTED_DEMO,B01,broad_row_change,PLANE,NE,32.0,24.0,6.976,0,0.0,0.0,0.0,6.976,0.0,6.976,-24.4,-17.424,6.976,-17.424,0.0,0.0,1,0,0
DEMO_EXCHANGED_CARRIER_V1,CONSTRUCTED_DEMO,B01,broad_row_change,ALL9,SW,-32.0,-24.0,6.976,0,-0.35,0.0,-0.35,6.626,-0.15,6.476,-19.6,-12.974,6.476,-13.124,0.15,0.15,1,1,0
DEMO_EXCHANGED_CARRIER_V1,CONSTRUCTED_DEMO,B01,broad_row_change,ALL9,SC,0.0,-24.0,2.88,0,0.0,0.0,0.0,2.88,0.3,3.18,-23.44,-20.56,3.18,-20.26,-0.3,0.3,1,1,0
DEMO_EXCHANGED_CARRIER_V1,CONSTRUCTED_DEMO,B01,broad_row_change,ALL9,SE,32.0,-24.0,6.976,0,0.35,0.0,0.35,7.326,-0.6,6.726,-27.28,-19.954,6.726,-20.554,0.6,0.6,1,1,0
DEMO_EXCHANGED_CARRIER_V1,CONSTRUCTED_DEMO,B01,broad_row_change,ALL9,MW,-32.0,0.0,4.096,0,0.35,0.0,0.35,4.446,0.15,4.596,-18.16,-13.714,4.596,-13.564,-0.15,0.15,1,1,0
DEMO_EXCHANGED_CARRIER_V1,CONSTRUCTED_DEMO,B01,broad_row_change,ALL9,MC,0.0,0.0,0.0,0,0.7,0.0,0.7,0.7,0.6,1.3,-22.0,-21.3,1.3,-20.7,-0.6,0.6,1,1,0
DEMO_EXCHANGED_CARRIER_V1,CONSTRUCTED_DEMO,B01,broad_row_change,ALL9,ME,32.0,0.0,4.096,0,-0.7,0.0,-0.7,3.396,-0.3,3.096,-25.84,-22.444,3.096,-22.744,0.3,0.3,1,1,0
DEMO_EXCHANGED_CARRIER_V1,CONSTRUCTED_DEMO,B01,broad_row_change,ALL9,NW,-32.0,24.0,6.976,0,-0.7,0.0,-0.7,6.276,0.45,6.726,-16.72,-10.444,6.726,-9.994,-0.45,0.45,1,1,0
DEMO_EXCHANGED_CARRIER_V1,CONSTRUCTED_DEMO,B01,broad_row_change,ALL9,NC,0.0,24.0,2.88,0,-0.35,0.0,-0.35,2.53,-0.45,2.08,-20.56,-18.03,2.08,-18.48,0.45,0.45,1,1,0
DEMO_EXCHANGED_CARRIER_V1,CONSTRUCTED_DEMO,B01,broad_row_change,ALL9,NE,32.0,24.0,6.976,0,0.0,0.0,0.0,6.976,0.0,6.976,-24.4,-17.424,6.976,-17.424,0.0,0.0,1,1,0
DEMO_EXCHANGED_CARRIER_V1,CONSTRUCTED_DEMO,B01,broad_row_change,ROW3,SW,-32.0,-24.0,6.976,0,-0.35,0.0,-0.35,6.626,-0.15,6.476,-19.6,-12.974,6.976,-12.624,-0.35,0.35,1,0,0
DEMO_EXCHANGED_CARRIER_V1,CONSTRUCTED_DEMO,B01,broad_row_change,ROW3,SC,0.0,-24.0,2.88,0,0.0,0.0,0.0,2.88,0.3,3.18,-23.44,-20.56,2.88,-20.56,0.0,0.0,1,1,0
DEMO_EXCHANGED_CARRIER_V1,CONSTRUCTED_DEMO,B01,broad_row_change,ROW3,SE,32.0,-24.0,6.976,0,0.35,0.0,0.35,7.326,-0.6,6.726,-27.28,-19.954,6.976,-20.304,0.35,0.35,1,0,0
DEMO_EXCHANGED_CARRIER_V1,CONSTRUCTED_DEMO,B01,broad_row_change,ROW3,MW,-32.0,0.0,4.096,0,0.35,0.0,0.35,4.446,0.15,4.596,-18.16,-13.714,4.096,-14.064,0.35,0.35,1,0,0
DEMO_EXCHANGED_CARRIER_V1,CONSTRUCTED_DEMO,B01,broad_row_change,ROW3,MC,0.0,0.0,0.0,0,0.7,0.0,0.7,0.7,0.6,1.3,-22.0,-21.3,0.0,-22.0,0.7,0.7,1,1,0
DEMO_EXCHANGED_CARRIER_V1,CONSTRUCTED_DEMO,B01,broad_row_change,ROW3,ME,32.0,0.0,4.096,0,-0.7,0.0,-0.7,3.396,-0.3,3.096,-25.84,-22.444,4.096,-21.744,-0.7,0.7,1,0,0
DEMO_EXCHANGED_CARRIER_V1,CONSTRUCTED_DEMO,B01,broad_row_change,ROW3,NW,-32.0,24.0,6.976,0,-0.7,0.0,-0.7,6.276,0.45,6.726,-16.72,-10.444,6.976,-9.744,-0.7,0.7,1,0,0
DEMO_EXCHANGED_CARRIER_V1,CONSTRUCTED_DEMO,B01,broad_row_change,ROW3,NC,0.0,24.0,2.88,0,-0.35,0.0,-0.35,2.53,-0.45,2.08,-20.56,-18.03,2.88,-17.68,-0.35,0.35,1,1,0
DEMO_EXCHANGED_CARRIER_V1,CONSTRUCTED_DEMO,B01,broad_row_change,ROW3,NE,32.0,24.0,6.976,0,0.0,0.0,0.0,6.976,0.0,6.976,-24.4,-17.424,6.976,-17.424,0.0,0.0,1,0,0
DEMO_EXCHANGED_CARRIER_V1,CONSTRUCTED_DEMO,B01,broad_row_change,SHIFT3,SW,-32.0,-24.0,6.976,0,-0.35,0.0,-0.35,6.626,-0.15,6.476,-19.6,-12.974,7.276,-12.324,-0.65,0.65,1,0,0
DEMO_EXCHANGED_CARRIER_V1,CONSTRUCTED_DEMO,B01,broad_row_change,SHIFT3,SC,0.0,-24.0,2.88,0,0.0,0.0,0.0,2.88,0.3,3.18,-23.44,-20.56,3.18,-20.26,-0.3,0.3,1,1,0
DEMO_EXCHANGED_CARRIER_V1,CONSTRUCTED_DEMO,B01,broad_row_change,SHIFT3,SE,32.0,-24.0,6.976,0,0.35,0.0,0.35,7.326,-0.6,6.726,-27.28,-19.954,7.276,-20.004,0.05,0.05,1,0,0
DEMO_EXCHANGED_CARRIER_V1,CONSTRUCTED_DEMO,B01,broad_row_change,SHIFT3,MW,-32.0,0.0,4.096,0,0.35,0.0,0.35,4.446,0.15,4.596,-18.16,-13.714,5.396,-12.764,-0.95,0.95,1,0,0
DEMO_EXCHANGED_CARRIER_V1,CONSTRUCTED_DEMO,B01,broad_row_change,SHIFT3,MC,0.0,0.0,0.0,0,0.7,0.0,0.7,0.7,0.6,1.3,-22.0,-21.3,1.3,-20.7,-0.6,0.6,1,1,0
DEMO_EXCHANGED_CARRIER_V1,CONSTRUCTED_DEMO,B01,broad_row_change,SHIFT3,ME,32.0,0.0,4.096,0,-0.7,0.0,-0.7,3.396,-0.3,3.096,-25.84,-22.444,5.396,-20.444,-2.0,2.0,1,0,0
DEMO_EXCHANGED_CARRIER_V1,CONSTRUCTED_DEMO,B01,broad_row_change,SHIFT3,NW,-32.0,24.0,6.976,0,-0.7,0.0,-0.7,6.276,0.45,6.726,-16.72,-10.444,6.176,-10.544,0.1,0.1,1,0,0
DEMO_EXCHANGED_CARRIER_V1,CONSTRUCTED_DEMO,B01,broad_row_change,SHIFT3,NC,0.0,24.0,2.88,0,-0.35,0.0,-0.35,2.53,-0.45,2.08,-20.56,-18.03,2.08,-18.48,0.45,0.45,1,1,0
DEMO_EXCHANGED_CARRIER_V1,CONSTRUCTED_DEMO,B01,broad_row_change,SHIFT3,NE,32.0,24.0,6.976,0,0.0,0.0,0.0,6.976,0.0,6.976,-24.4,-17.424,6.176,-18.224,0.8,0.8,1,0,0
DEMO_EXCHANGED_CARRIER_V1,CONSTRUCTED_DEMO,B02,broad_row_change,PLANE,SW,-32.0,-24.0,6.976,0,0.0,0.0,0.0,6.976,0.3,7.276,14.84,21.816,6.976,21.816,0.0,0.0,1,0,0
DEMO_EXCHANGED_CARRIER_V1,CONSTRUCTED_DEMO,B02,broad_row_change,PLANE,SC,0.0,-24.0,2.88,0,0.35,0.0,0.35,3.23,-0.6,2.63,17.4,20.63,2.88,20.28,0.35,0.35,1,0,0
DEMO_EXCHANGED_CARRIER_V1,CONSTRUCTED_DEMO,B02,broad_row_change,PLANE,SE,32.0,-24.0,6.976,0,0.7,0.0,0.7,7.676,-0.15,7.526,19.96,27.636,6.976,26.936,0.7,0.7,1,0,0
DEMO_EXCHANGED_CARRIER_V1,CONSTRUCTED_DEMO,B02,broad_row_change,PLANE,MW,-32.0,0.0,4.096,12,0.7,0.0,12.7,16.796,0.6,17.396,12.44,29.236,4.096,16.536,12.7,12.7,0,0,0
DEMO_EXCHANGED_CARRIER_V1,CONSTRUCTED_DEMO,B02,broad_row_change,PLANE,MC,0.0,0.0,0.0,12,-0.7,0.0,11.3,11.3,-0.3,11.0,15.0,26.3,0.0,15.0,11.3,11.3,0,0,0
DEMO_EXCHANGED_CARRIER_V1,CONSTRUCTED_DEMO,B02,broad_row_change,PLANE,ME,32.0,0.0,4.096,12,-0.35,0.0,11.65,15.746,0.15,15.896,17.56,33.306,4.096,21.656,11.65,11.65,0,0,0
DEMO_EXCHANGED_CARRIER_V1,CONSTRUCTED_DEMO,B02,broad_row_change,PLANE,NW,-32.0,24.0,6.976,0,-0.35,0.0,-0.35,6.626,-0.45,6.176,10.04,16.666,6.976,17.016,-0.35,0.35,1,0,0
DEMO_EXCHANGED_CARRIER_V1,CONSTRUCTED_DEMO,B02,broad_row_change,PLANE,NC,0.0,24.0,2.88,0,0.0,0.0,0.0,2.88,0.0,2.88,12.6,15.48,2.88,15.48,0.0,0.0,1,0,0
DEMO_EXCHANGED_CARRIER_V1,CONSTRUCTED_DEMO,B02,broad_row_change,PLANE,NE,32.0,24.0,6.976,0,0.35,0.0,0.35,7.326,0.45,7.776,15.16,22.486,6.976,22.136,0.35,0.35,1,0,0
DEMO_EXCHANGED_CARRIER_V1,CONSTRUCTED_DEMO,B02,broad_row_change,ALL9,SW,-32.0,-24.0,6.976,0,0.0,0.0,0.0,6.976,0.3,7.276,14.84,21.816,7.276,22.116,-0.3,0.3,1,1,0
DEMO_EXCHANGED_CARRIER_V1,CONSTRUCTED_DEMO,B02,broad_row_change,ALL9,SC,0.0,-24.0,2.88,0,0.35,0.0,0.35,3.23,-0.6,2.63,17.4,20.63,2.63,20.03,0.6,0.6,1,1,0
DEMO_EXCHANGED_CARRIER_V1,CONSTRUCTED_DEMO,B02,broad_row_change,ALL9,SE,32.0,-24.0,6.976,0,0.7,0.0,0.7,7.676,-0.15,7.526,19.96,27.636,7.526,27.486,0.15,0.15,1,1,0
DEMO_EXCHANGED_CARRIER_V1,CONSTRUCTED_DEMO,B02,broad_row_change,ALL9,MW,-32.0,0.0,4.096,12,0.7,0.0,12.7,16.796,0.6,17.396,12.44,29.236,17.396,29.836,-0.6,0.6,1,1,0
DEMO_EXCHANGED_CARRIER_V1,CONSTRUCTED_DEMO,B02,broad_row_change,ALL9,MC,0.0,0.0,0.0,12,-0.7,0.0,11.3,11.3,-0.3,11.0,15.0,26.3,11.0,26.0,0.3,0.3,1,1,0
DEMO_EXCHANGED_CARRIER_V1,CONSTRUCTED_DEMO,B02,broad_row_change,ALL9,ME,32.0,0.0,4.096,12,-0.35,0.0,11.65,15.746,0.15,15.896,17.56,33.306,15.896,33.456,-0.15,0.15,1,1,0
DEMO_EXCHANGED_CARRIER_V1,CONSTRUCTED_DEMO,B02,broad_row_change,ALL9,NW,-32.0,24.0,6.976,0,-0.35,0.0,-0.35,6.626,-0.45,6.176,10.04,16.666,6.176,16.216,0.45,0.45,1,1,0
DEMO_EXCHANGED_CARRIER_V1,CONSTRUCTED_DEMO,B02,broad_row_change,ALL9,NC,0.0,24.0,2.88,0,0.0,0.0,0.0,2.88,0.0,2.88,12.6,15.48,2.88,15.48,0.0,0.0,1,1,0
DEMO_EXCHANGED_CARRIER_V1,CONSTRUCTED_DEMO,B02,broad_row_change,ALL9,NE,32.0,24.0,6.976,0,0.35,0.0,0.35,7.326,0.45,7.776,15.16,22.486,7.776,22.936,-0.45,0.45,1,1,0
DEMO_EXCHANGED_CARRIER_V1,CONSTRUCTED_DEMO,B02,broad_row_change,ROW3,SW,-32.0,-24.0,6.976,0,0.0,0.0,0.0,6.976,0.3,7.276,14.84,21.816,6.976,21.816,0.0,0.0,1,0,0
DEMO_EXCHANGED_CARRIER_V1,CONSTRUCTED_DEMO,B02,broad_row_change,ROW3,SC,0.0,-24.0,2.88,0,0.35,0.0,0.35,3.23,-0.6,2.63,17.4,20.63,2.88,20.28,0.35,0.35,1,1,0
DEMO_EXCHANGED_CARRIER_V1,CONSTRUCTED_DEMO,B02,broad_row_change,ROW3,SE,32.0,-24.0,6.976,0,0.7,0.0,0.7,7.676,-0.15,7.526,19.96,27.636,6.976,26.936,0.7,0.7,1,0,0
DEMO_EXCHANGED_CARRIER_V1,CONSTRUCTED_DEMO,B02,broad_row_change,ROW3,MW,-32.0,0.0,4.096,12,0.7,0.0,12.7,16.796,0.6,17.396,12.44,29.236,17.396,29.836,-0.6,0.6,1,1,1
DEMO_EXCHANGED_CARRIER_V1,CONSTRUCTED_DEMO,B02,broad_row_change,ROW3,MC,0.0,0.0,0.0,12,-0.7,0.0,11.3,11.3,-0.3,11.0,15.0,26.3,11.0,26.0,0.3,0.3,1,1,1
DEMO_EXCHANGED_CARRIER_V1,CONSTRUCTED_DEMO,B02,broad_row_change,ROW3,ME,32.0,0.0,4.096,12,-0.35,0.0,11.65,15.746,0.15,15.896,17.56,33.306,15.896,33.456,-0.15,0.15,1,1,1
DEMO_EXCHANGED_CARRIER_V1,CONSTRUCTED_DEMO,B02,broad_row_change,ROW3,NW,-32.0,24.0,6.976,0,-0.35,0.0,-0.35,6.626,-0.45,6.176,10.04,16.666,6.976,17.016,-0.35,0.35,1,0,0
DEMO_EXCHANGED_CARRIER_V1,CONSTRUCTED_DEMO,B02,broad_row_change,ROW3,NC,0.0,24.0,2.88,0,0.0,0.0,0.0,2.88,0.0,2.88,12.6,15.48,2.88,15.48,0.0,0.0,1,1,0
DEMO_EXCHANGED_CARRIER_V1,CONSTRUCTED_DEMO,B02,broad_row_change,ROW3,NE,32.0,24.0,6.976,0,0.35,0.0,0.35,7.326,0.45,7.776,15.16,22.486,6.976,22.136,0.35,0.35,1,0,0
DEMO_EXCHANGED_CARRIER_V1,CONSTRUCTED_DEMO,B02,broad_row_change,SHIFT3,SW,-32.0,-24.0,6.976,0,0.0,0.0,0.0,6.976,0.3,7.276,14.84,21.816,6.726,21.566,0.25,0.25,1,0,0
DEMO_EXCHANGED_CARRIER_V1,CONSTRUCTED_DEMO,B02,broad_row_change,SHIFT3,SC,0.0,-24.0,2.88,0,0.35,0.0,0.35,3.23,-0.6,2.63,17.4,20.63,2.63,20.03,0.6,0.6,1,1,0
DEMO_EXCHANGED_CARRIER_V1,CONSTRUCTED_DEMO,B02,broad_row_change,SHIFT3,SE,32.0,-24.0,6.976,0,0.7,0.0,0.7,7.676,-0.15,7.526,19.96,27.636,6.726,26.686,0.95,0.95,1,0,0
DEMO_EXCHANGED_CARRIER_V1,CONSTRUCTED_DEMO,B02,broad_row_change,SHIFT3,MW,-32.0,0.0,4.096,12,0.7,0.0,12.7,16.796,0.6,17.396,12.44,29.236,15.096,27.536,1.7,1.7,1,0,0
DEMO_EXCHANGED_CARRIER_V1,CONSTRUCTED_DEMO,B02,broad_row_change,SHIFT3,MC,0.0,0.0,0.0,12,-0.7,0.0,11.3,11.3,-0.3,11.0,15.0,26.3,11.0,26.0,0.3,0.3,1,1,0
DEMO_EXCHANGED_CARRIER_V1,CONSTRUCTED_DEMO,B02,broad_row_change,SHIFT3,ME,32.0,0.0,4.096,12,-0.35,0.0,11.65,15.746,0.15,15.896,17.56,33.306,15.096,32.656,0.65,0.65,1,0,0
DEMO_EXCHANGED_CARRIER_V1,CONSTRUCTED_DEMO,B02,broad_row_change,SHIFT3,NW,-32.0,24.0,6.976,0,-0.35,0.0,-0.35,6.626,-0.45,6.176,10.04,16.666,6.976,17.016,-0.35,0.35,1,0,0
DEMO_EXCHANGED_CARRIER_V1,CONSTRUCTED_DEMO,B02,broad_row_change,SHIFT3,NC,0.0,24.0,2.88,0,0.0,0.0,0.0,2.88,0.0,2.88,12.6,15.48,2.88,15.48,0.0,0.0,1,1,0
DEMO_EXCHANGED_CARRIER_V1,CONSTRUCTED_DEMO,B02,broad_row_change,SHIFT3,NE,32.0,24.0,6.976,0,0.35,0.0,0.35,7.326,0.45,7.776,15.16,22.486,6.976,22.136,0.35,0.35,1,0,0
DEMO_EXCHANGED_CARRIER_V1,CONSTRUCTED_DEMO,B03,broad_row_change,PLANE,SW,-32.0,-24.0,6.976,14,0.35,0.0,14.35,21.326,-0.6,20.726,22.24,43.566,6.976,29.216,14.35,14.35,0,0,0
DEMO_EXCHANGED_CARRIER_V1,CONSTRUCTED_DEMO,B03,broad_row_change,PLANE,SC,0.0,-24.0,2.88,14,0.7,0.0,14.7,17.58,-0.15,17.43,27.04,44.62,2.88,29.92,14.7,14.7,0,0,0
DEMO_EXCHANGED_CARRIER_V1,CONSTRUCTED_DEMO,B03,broad_row_change,PLANE,SE,32.0,-24.0,6.976,14,-0.7,0.0,13.3,20.276,0.3,20.576,31.84,52.116,6.976,38.816,13.3,13.3,0,0,0
DEMO_EXCHANGED_CARRIER_V1,CONSTRUCTED_DEMO,B03,broad_row_change,PLANE,MW,-32.0,0.0,4.096,0,-0.7,0.0,-0.7,3.396,-0.3,3.096,23.2,26.596,4.096,27.296,-0.7,0.7,1,0,0
DEMO_EXCHANGED_CARRIER_V1,CONSTRUCTED_DEMO,B03,broad_row_change,PLANE,MC,0.0,0.0,0.0,0,-0.35,0.0,-0.35,-0.35,0.15,-0.2,28.0,27.65,0.0,28.0,-0.35,0.35,1,0,0
DEMO_EXCHANGED_CARRIER_V1,CONSTRUCTED_DEMO,B03,broad_row_change,PLANE,ME,32.0,0.0,4.096,0,0.0,0.0,0.0,4.096,0.6,4.696,32.8,36.896,4.096,36.896,0.0,0.0,1,0,0
DEMO_EXCHANGED_CARRIER_V1,CONSTRUCTED_DEMO,B03,broad_row_change,PLANE,NW,-32.0,24.0,6.976,0,0.0,0.0,0.0,6.976,0.0,6.976,24.16,31.136,6.976,31.136,0.0,0.0,1,0,0
DEMO_EXCHANGED_CARRIER_V1,CONSTRUCTED_DEMO,B03,broad_row_change,PLANE,NC,0.0,24.0,2.88,0,0.35,0.0,0.35,3.23,0.45,3.68,28.96,32.19,2.88,31.84,0.35,0.35,1,0,0
DEMO_EXCHANGED_CARRIER_V1,CONSTRUCTED_DEMO,B03,broad_row_change,PLANE,NE,32.0,24.0,6.976,0,0.7,0.0,0.7,7.676,-0.45,7.226,33.76,41.436,6.976,40.736,0.7,0.7,1,0,0
DEMO_EXCHANGED_CARRIER_V1,CONSTRUCTED_DEMO,B03,broad_row_change,ALL9,SW,-32.0,-24.0,6.976,14,0.35,0.0,14.35,21.326,-0.6,20.726,22.24,43.566,20.726,42.966,0.6,0.6,1,1,0
DEMO_EXCHANGED_CARRIER_V1,CONSTRUCTED_DEMO,B03,broad_row_change,ALL9,SC,0.0,-24.0,2.88,14,0.7,0.0,14.7,17.58,-0.15,17.43,27.04,44.62,17.43,44.47,0.15,0.15,1,1,0
DEMO_EXCHANGED_CARRIER_V1,CONSTRUCTED_DEMO,B03,broad_row_change,ALL9,SE,32.0,-24.0,6.976,14,-0.7,0.0,13.3,20.276,0.3,20.576,31.84,52.116,20.576,52.416,-0.3,0.3,1,1,0
DEMO_EXCHANGED_CARRIER_V1,CONSTRUCTED_DEMO,B03,broad_row_change,ALL9,MW,-32.0,0.0,4.096,0,-0.7,0.0,-0.7,3.396,-0.3,3.096,23.2,26.596,3.096,26.296,0.3,0.3,1,1,0
DEMO_EXCHANGED_CARRIER_V1,CONSTRUCTED_DEMO,B03,broad_row_change,ALL9,MC,0.0,0.0,0.0,0,-0.35,0.0,-0.35,-0.35,0.15,-0.2,28.0,27.65,-0.2,27.8,-0.15,0.15,1,1,0
DEMO_EXCHANGED_CARRIER_V1,CONSTRUCTED_DEMO,B03,broad_row_change,ALL9,ME,32.0,0.0,4.096,0,0.0,0.0,0.0,4.096,0.6,4.696,32.8,36.896,4.696,37.496,-0.6,0.6,1,1,0
DEMO_EXCHANGED_CARRIER_V1,CONSTRUCTED_DEMO,B03,broad_row_change,ALL9,NW,-32.0,24.0,6.976,0,0.0,0.0,0.0,6.976,0.0,6.976,24.16,31.136,6.976,31.136,0.0,0.0,1,1,0
DEMO_EXCHANGED_CARRIER_V1,CONSTRUCTED_DEMO,B03,broad_row_change,ALL9,NC,0.0,24.0,2.88,0,0.35,0.0,0.35,3.23,0.45,3.68,28.96,32.19,3.68,32.64,-0.45,0.45,1,1,0
DEMO_EXCHANGED_CARRIER_V1,CONSTRUCTED_DEMO,B03,broad_row_change,ALL9,NE,32.0,24.0,6.976,0,0.7,0.0,0.7,7.676,-0.45,7.226,33.76,41.436,7.226,40.986,0.45,0.45,1,1,0
DEMO_EXCHANGED_CARRIER_V1,CONSTRUCTED_DEMO,B03,broad_row_change,ROW3,SW,-32.0,-24.0,6.976,14,0.35,0.0,14.35,21.326,-0.6,20.726,22.24,43.566,20.726,42.966,0.6,0.6,1,1,1
DEMO_EXCHANGED_CARRIER_V1,CONSTRUCTED_DEMO,B03,broad_row_change,ROW3,SC,0.0,-24.0,2.88,14,0.7,0.0,14.7,17.58,-0.15,17.43,27.04,44.62,17.43,44.47,0.15,0.15,1,1,1
DEMO_EXCHANGED_CARRIER_V1,CONSTRUCTED_DEMO,B03,broad_row_change,ROW3,SE,32.0,-24.0,6.976,14,-0.7,0.0,13.3,20.276,0.3,20.576,31.84,52.116,20.576,52.416,-0.3,0.3,1,1,1
DEMO_EXCHANGED_CARRIER_V1,CONSTRUCTED_DEMO,B03,broad_row_change,ROW3,MW,-32.0,0.0,4.096,0,-0.7,0.0,-0.7,3.396,-0.3,3.096,23.2,26.596,4.096,27.296,-0.7,0.7,1,0,0
DEMO_EXCHANGED_CARRIER_V1,CONSTRUCTED_DEMO,B03,broad_row_change,ROW3,MC,0.0,0.0,0.0,0,-0.35,0.0,-0.35,-0.35,0.15,-0.2,28.0,27.65,0.0,28.0,-0.35,0.35,1,1,0
DEMO_EXCHANGED_CARRIER_V1,CONSTRUCTED_DEMO,B03,broad_row_change,ROW3,ME,32.0,0.0,4.096,0,0.0,0.0,0.0,4.096,0.6,4.696,32.8,36.896,4.096,36.896,0.0,0.0,1,0,0
DEMO_EXCHANGED_CARRIER_V1,CONSTRUCTED_DEMO,B03,broad_row_change,ROW3,NW,-32.0,24.0,6.976,0,0.0,0.0,0.0,6.976,0.0,6.976,24.16,31.136,6.976,31.136,0.0,0.0,1,0,0
DEMO_EXCHANGED_CARRIER_V1,CONSTRUCTED_DEMO,B03,broad_row_change,ROW3,NC,0.0,24.0,2.88,0,0.35,0.0,0.35,3.23,0.45,3.68,28.96,32.19,2.88,31.84,0.35,0.35,1,1,0
DEMO_EXCHANGED_CARRIER_V1,CONSTRUCTED_DEMO,B03,broad_row_change,ROW3,NE,32.0,24.0,6.976,0,0.7,0.0,0.7,7.676,-0.45,7.226,33.76,41.436,6.976,40.736,0.7,0.7,1,0,0
DEMO_EXCHANGED_CARRIER_V1,CONSTRUCTED_DEMO,B03,broad_row_change,SHIFT3,SW,-32.0,-24.0,6.976,14,0.35,0.0,14.35,21.326,-0.6,20.726,22.24,43.566,21.526,43.766,-0.2,0.2,1,0,0
DEMO_EXCHANGED_CARRIER_V1,CONSTRUCTED_DEMO,B03,broad_row_change,SHIFT3,SC,0.0,-24.0,2.88,14,0.7,0.0,14.7,17.58,-0.15,17.43,27.04,44.62,17.43,44.47,0.15,0.15,1,1,0
DEMO_EXCHANGED_CARRIER_V1,CONSTRUCTED_DEMO,B03,broad_row_change,SHIFT3,SE,32.0,-24.0,6.976,14,-0.7,0.0,13.3,20.276,0.3,20.576,31.84,52.116,21.526,53.366,-1.25,1.25,1,0,0
DEMO_EXCHANGED_CARRIER_V1,CONSTRUCTED_DEMO,B03,broad_row_change,SHIFT3,MW,-32.0,0.0,4.096,0,-0.7,0.0,-0.7,3.396,-0.3,3.096,23.2,26.596,3.896,27.096,-0.5,0.5,1,0,0
DEMO_EXCHANGED_CARRIER_V1,CONSTRUCTED_DEMO,B03,broad_row_change,SHIFT3,MC,0.0,0.0,0.0,0,-0.35,0.0,-0.35,-0.35,0.15,-0.2,28.0,27.65,-0.2,27.8,-0.15,0.15,1,1,0
DEMO_EXCHANGED_CARRIER_V1,CONSTRUCTED_DEMO,B03,broad_row_change,SHIFT3,ME,32.0,0.0,4.096,0,0.0,0.0,0.0,4.096,0.6,4.696,32.8,36.896,3.896,36.696,0.2,0.2,1,0,0
DEMO_EXCHANGED_CARRIER_V1,CONSTRUCTED_DEMO,B03,broad_row_change,SHIFT3,NW,-32.0,24.0,6.976,0,0.0,0.0,0.0,6.976,0.0,6.976,24.16,31.136,7.776,31.936,-0.8,0.8,1,0,0
DEMO_EXCHANGED_CARRIER_V1,CONSTRUCTED_DEMO,B03,broad_row_change,SHIFT3,NC,0.0,24.0,2.88,0,0.35,0.0,0.35,3.23,0.45,3.68,28.96,32.19,3.68,32.64,-0.45,0.45,1,1,0
DEMO_EXCHANGED_CARRIER_V1,CONSTRUCTED_DEMO,B03,broad_row_change,SHIFT3,NE,32.0,24.0,6.976,0,0.7,0.0,0.7,7.676,-0.45,7.226,33.76,41.436,7.776,41.536,-0.1,0.1,1,0,0
DEMO_EXCHANGED_CARRIER_V1,CONSTRUCTED_DEMO,B04,broad_row_change,PLANE,SW,-32.0,-24.0,6.976,0,0.7,0.0,0.7,7.676,-0.15,7.526,-10.56,-2.884,6.976,-3.584,0.7,0.7,1,0,0
DEMO_EXCHANGED_CARRIER_V1,CONSTRUCTED_DEMO,B04,broad_row_change,PLANE,SC,0.0,-24.0,2.88,0,-0.7,0.0,-0.7,2.18,0.3,2.48,-13.44,-11.26,2.88,-10.56,-0.7,0.7,1,0,0
DEMO_EXCHANGED_CARRIER_V1,CONSTRUCTED_DEMO,B04,broad_row_change,PLANE,SE,32.0,-24.0,6.976,0,-0.35,0.0,-0.35,6.626,-0.6,6.026,-16.32,-9.694,6.976,-9.344,-0.35,0.35,1,0,0
DEMO_EXCHANGED_CARRIER_V1,CONSTRUCTED_DEMO,B04,broad_row_change,PLANE,MW,-32.0,0.0,4.096,0,-0.35,0.0,-0.35,3.746,0.15,3.896,-9.12,-5.374,4.096,-5.024,-0.35,0.35,1,0,0
DEMO_EXCHANGED_CARRIER_V1,CONSTRUCTED_DEMO,B04,broad_row_change,PLANE,MC,0.0,0.0,0.0,0,0.0,0.0,0.0,0.0,0.6,0.6,-12.0,-12.0,0.0,-12.0,0.0,0.0,1,0,0
DEMO_EXCHANGED_CARRIER_V1,CONSTRUCTED_DEMO,B04,broad_row_change,PLANE,ME,32.0,0.0,4.096,0,0.35,0.0,0.35,4.446,-0.3,4.146,-14.88,-10.434,4.096,-10.784,0.35,0.35,1,0,0
DEMO_EXCHANGED_CARRIER_V1,CONSTRUCTED_DEMO,B04,broad_row_change,PLANE,NW,-32.0,24.0,6.976,-15,0.35,0.0,-14.65,-7.674,0.45,-7.224,-7.68,-15.354,6.976,-0.704,-14.65,14.65,0,0,0
DEMO_EXCHANGED_CARRIER_V1,CONSTRUCTED_DEMO,B04,broad_row_change,PLANE,NC,0.0,24.0,2.88,-15,0.7,0.0,-14.3,-11.42,-0.45,-11.87,-10.56,-21.98,2.88,-7.68,-14.3,14.3,0,0,0
DEMO_EXCHANGED_CARRIER_V1,CONSTRUCTED_DEMO,B04,broad_row_change,PLANE,NE,32.0,24.0,6.976,-15,-0.7,0.0,-15.7,-8.724,0.0,-8.724,-13.44,-22.164,6.976,-6.464,-15.7,15.7,0,0,0
DEMO_EXCHANGED_CARRIER_V1,CONSTRUCTED_DEMO,B04,broad_row_change,ALL9,SW,-32.0,-24.0,6.976,0,0.7,0.0,0.7,7.676,-0.15,7.526,-10.56,-2.884,7.526,-3.034,0.15,0.15,1,1,0
DEMO_EXCHANGED_CARRIER_V1,CONSTRUCTED_DEMO,B04,broad_row_change,ALL9,SC,0.0,-24.0,2.88,0,-0.7,0.0,-0.7,2.18,0.3,2.48,-13.44,-11.26,2.48,-10.96,-0.3,0.3,1,1,0
DEMO_EXCHANGED_CARRIER_V1,CONSTRUCTED_DEMO,B04,broad_row_change,ALL9,SE,32.0,-24.0,6.976,0,-0.35,0.0,-0.35,6.626,-0.6,6.026,-16.32,-9.694,6.026,-10.294,0.6,0.6,1,1,0
DEMO_EXCHANGED_CARRIER_V1,CONSTRUCTED_DEMO,B04,broad_row_change,ALL9,MW,-32.0,0.0,4.096,0,-0.35,0.0,-0.35,3.746,0.15,3.896,-9.12,-5.374,3.896,-5.224,-0.15,0.15,1,1,0
DEMO_EXCHANGED_CARRIER_V1,CONSTRUCTED_DEMO,B04,broad_row_change,ALL9,MC,0.0,0.0,0.0,0,0.0,0.0,0.0,0.0,0.6,0.6,-12.0,-12.0,0.6,-11.4,-0.6,0.6,1,1,0
DEMO_EXCHANGED_CARRIER_V1,CONSTRUCTED_DEMO,B04,broad_row_change,ALL9,ME,32.0,0.0,4.096,0,0.35,0.0,0.35,4.446,-0.3,4.146,-14.88,-10.434,4.146,-10.734,0.3,0.3,1,1,0
DEMO_EXCHANGED_CARRIER_V1,CONSTRUCTED_DEMO,B04,broad_row_change,ALL9,NW,-32.0,24.0,6.976,-15,0.35,0.0,-14.65,-7.674,0.45,-7.224,-7.68,-15.354,-7.224,-14.904,-0.45,0.45,1,1,0
DEMO_EXCHANGED_CARRIER_V1,CONSTRUCTED_DEMO,B04,broad_row_change,ALL9,NC,0.0,24.0,2.88,-15,0.7,0.0,-14.3,-11.42,-0.45,-11.87,-10.56,-21.98,-11.87,-22.43,0.45,0.45,1,1,0
DEMO_EXCHANGED_CARRIER_V1,CONSTRUCTED_DEMO,B04,broad_row_change,ALL9,NE,32.0,24.0,6.976,-15,-0.7,0.0,-15.7,-8.724,0.0,-8.724,-13.44,-22.164,-8.724,-22.164,0.0,0.0,1,1,0
DEMO_EXCHANGED_CARRIER_V1,CONSTRUCTED_DEMO,B04,broad_row_change,ROW3,SW,-32.0,-24.0,6.976,0,0.7,0.0,0.7,7.676,-0.15,7.526,-10.56,-2.884,6.976,-3.584,0.7,0.7,1,0,0
DEMO_EXCHANGED_CARRIER_V1,CONSTRUCTED_DEMO,B04,broad_row_change,ROW3,SC,0.0,-24.0,2.88,0,-0.7,0.0,-0.7,2.18,0.3,2.48,-13.44,-11.26,2.88,-10.56,-0.7,0.7,1,1,0
DEMO_EXCHANGED_CARRIER_V1,CONSTRUCTED_DEMO,B04,broad_row_change,ROW3,SE,32.0,-24.0,6.976,0,-0.35,0.0,-0.35,6.626,-0.6,6.026,-16.32,-9.694,6.976,-9.344,-0.35,0.35,1,0,0
DEMO_EXCHANGED_CARRIER_V1,CONSTRUCTED_DEMO,B04,broad_row_change,ROW3,MW,-32.0,0.0,4.096,0,-0.35,0.0,-0.35,3.746,0.15,3.896,-9.12,-5.374,4.096,-5.024,-0.35,0.35,1,0,0
DEMO_EXCHANGED_CARRIER_V1,CONSTRUCTED_DEMO,B04,broad_row_change,ROW3,MC,0.0,0.0,0.0,0,0.0,0.0,0.0,0.0,0.6,0.6,-12.0,-12.0,0.0,-12.0,0.0,0.0,1,1,0
DEMO_EXCHANGED_CARRIER_V1,CONSTRUCTED_DEMO,B04,broad_row_change,ROW3,ME,32.0,0.0,4.096,0,0.35,0.0,0.35,4.446,-0.3,4.146,-14.88,-10.434,4.096,-10.784,0.35,0.35,1,0,0
DEMO_EXCHANGED_CARRIER_V1,CONSTRUCTED_DEMO,B04,broad_row_change,ROW3,NW,-32.0,24.0,6.976,-15,0.35,0.0,-14.65,-7.674,0.45,-7.224,-7.68,-15.354,-7.224,-14.904,-0.45,0.45,1,1,1
DEMO_EXCHANGED_CARRIER_V1,CONSTRUCTED_DEMO,B04,broad_row_change,ROW3,NC,0.0,24.0,2.88,-15,0.7,0.0,-14.3,-11.42,-0.45,-11.87,-10.56,-21.98,-11.87,-22.43,0.45,0.45,1,1,1
DEMO_EXCHANGED_CARRIER_V1,CONSTRUCTED_DEMO,B04,broad_row_change,ROW3,NE,32.0,24.0,6.976,-15,-0.7,0.0,-15.7,-8.724,0.0,-8.724,-13.44,-22.164,-8.724,-22.164,0.0,0.0,1,1,1
DEMO_EXCHANGED_CARRIER_V1,CONSTRUCTED_DEMO,B04,broad_row_change,SHIFT3,SW,-32.0,-24.0,6.976,0,0.7,0.0,0.7,7.676,-0.15,7.526,-10.56,-2.884,6.576,-3.984,1.1,1.1,1,0,0
DEMO_EXCHANGED_CARRIER_V1,CONSTRUCTED_DEMO,B04,broad_row_change,SHIFT3,SC,0.0,-24.0,2.88,0,-0.7,0.0,-0.7,2.18,0.3,2.48,-13.44,-11.26,2.48,-10.96,-0.3,0.3,1,1,0
DEMO_EXCHANGED_CARRIER_V1,CONSTRUCTED_DEMO,B04,broad_row_change,SHIFT3,SE,32.0,-24.0,6.976,0,-0.35,0.0,-0.35,6.626,-0.6,6.026,-16.32,-9.694,6.576,-9.744,0.05,0.05,1,0,0
DEMO_EXCHANGED_CARRIER_V1,CONSTRUCTED_DEMO,B04,broad_row_change,SHIFT3,MW,-32.0,0.0,4.096,0,-0.35,0.0,-0.35,3.746,0.15,3.896,-9.12,-5.374,4.696,-4.424,-0.95,0.95,1,0,0
DEMO_EXCHANGED_CARRIER_V1,CONSTRUCTED_DEMO,B04,broad_row_change,SHIFT3,MC,0.0,0.0,0.0,0,0.0,0.0,0.0,0.0,0.6,0.6,-12.0,-12.0,0.6,-11.4,-0.6,0.6,1,1,0
DEMO_EXCHANGED_CARRIER_V1,CONSTRUCTED_DEMO,B04,broad_row_change,SHIFT3,ME,32.0,0.0,4.096,0,0.35,0.0,0.35,4.446,-0.3,4.146,-14.88,-10.434,4.696,-10.184,-0.25,0.25,1,0,0
DEMO_EXCHANGED_CARRIER_V1,CONSTRUCTED_DEMO,B04,broad_row_change,SHIFT3,NW,-32.0,24.0,6.976,-15,0.35,0.0,-14.65,-7.674,0.45,-7.224,-7.68,-15.354,-7.774,-15.454,0.1,0.1,1,0,0
DEMO_EXCHANGED_CARRIER_V1,CONSTRUCTED_DEMO,B04,broad_row_change,SHIFT3,NC,0.0,24.0,2.88,-15,0.7,0.0,-14.3,-11.42,-0.45,-11.87,-10.56,-21.98,-11.87,-22.43,0.45,0.45,1,1,0
DEMO_EXCHANGED_CARRIER_V1,CONSTRUCTED_DEMO,B04,broad_row_change,SHIFT3,NE,32.0,24.0,6.976,-15,-0.7,0.0,-15.7,-8.724,0.0,-8.724,-13.44,-22.164,-7.774,-21.214,-0.95,0.95,1,0,0
DEMO_EXCHANGED_CARRIER_V1,CONSTRUCTED_DEMO,B05,broad_row_change,PLANE,SW,-32.0,-24.0,6.976,12,-0.7,0.0,11.3,18.276,0.3,18.576,12.24,30.516,6.976,19.216,11.3,11.3,0,0,0
DEMO_EXCHANGED_CARRIER_V1,CONSTRUCTED_DEMO,B05,broad_row_change,PLANE,SC,0.0,-24.0,2.88,12,-0.35,0.0,11.65,14.53,-0.6,13.93,8.4,22.93,2.88,11.28,11.65,11.65,0,0,0
DEMO_EXCHANGED_CARRIER_V1,CONSTRUCTED_DEMO,B05,broad_row_change,PLANE,SE,32.0,-24.0,6.976,12,0.0,0.0,12.0,18.976,-0.15,18.826,4.56,23.536,6.976,11.536,12.0,12.0,0,0,0
DEMO_EXCHANGED_CARRIER_V1,CONSTRUCTED_DEMO,B05,broad_row_change,PLANE,MW,-32.0,0.0,4.096,0,0.0,0.0,0.0,4.096,0.6,4.696,9.84,13.936,4.096,13.936,0.0,0.0,1,0,0
DEMO_EXCHANGED_CARRIER_V1,CONSTRUCTED_DEMO,B05,broad_row_change,PLANE,MC,0.0,0.0,0.0,0,0.35,0.0,0.35,0.35,-0.3,0.05,6.0,6.35,0.0,6.0,0.35,0.35,1,0,0
DEMO_EXCHANGED_CARRIER_V1,CONSTRUCTED_DEMO,B05,broad_row_change,PLANE,ME,32.0,0.0,4.096,0,0.7,0.0,0.7,4.796,0.15,4.946,2.16,6.956,4.096,6.256,0.7,0.7,1,0,0
DEMO_EXCHANGED_CARRIER_V1,CONSTRUCTED_DEMO,B05,broad_row_change,PLANE,NW,-32.0,24.0,6.976,-14,0.7,0.0,-13.3,-6.324,-0.45,-6.774,7.44,1.116,6.976,14.416,-13.3,13.3,0,0,0
DEMO_EXCHANGED_CARRIER_V1,CONSTRUCTED_DEMO,B05,broad_row_change,PLANE,NC,0.0,24.0,2.88,-14,-0.7,0.0,-14.7,-11.82,0.0,-11.82,3.6,-8.22,2.88,6.48,-14.7,14.7,0,0,0
DEMO_EXCHANGED_CARRIER_V1,CONSTRUCTED_DEMO,B05,broad_row_change,PLANE,NE,32.0,24.0,6.976,-14,-0.35,0.0,-14.35,-7.374,0.45,-6.924,-0.24,-7.614,6.976,6.736,-14.35,14.35,0,0,0
DEMO_EXCHANGED_CARRIER_V1,CONSTRUCTED_DEMO,B05,broad_row_change,ALL9,SW,-32.0,-24.0,6.976,12,-0.7,0.0,11.3,18.276,0.3,18.576,12.24,30.516,18.576,30.816,-0.3,0.3,1,1,0
DEMO_EXCHANGED_CARRIER_V1,CONSTRUCTED_DEMO,B05,broad_row_change,ALL9,SC,0.0,-24.0,2.88,12,-0.35,0.0,11.65,14.53,-0.6,13.93,8.4,22.93,13.93,22.33,0.6,0.6,1,1,0
DEMO_EXCHANGED_CARRIER_V1,CONSTRUCTED_DEMO,B05,broad_row_change,ALL9,SE,32.0,-24.0,6.976,12,0.0,0.0,12.0,18.976,-0.15,18.826,4.56,23.536,18.826,23.386,0.15,0.15,1,1,0
DEMO_EXCHANGED_CARRIER_V1,CONSTRUCTED_DEMO,B05,broad_row_change,ALL9,MW,-32.0,0.0,4.096,0,0.0,0.0,0.0,4.096,0.6,4.696,9.84,13.936,4.696,14.536,-0.6,0.6,1,1,0
DEMO_EXCHANGED_CARRIER_V1,CONSTRUCTED_DEMO,B05,broad_row_change,ALL9,MC,0.0,0.0,0.0,0,0.35,0.0,0.35,0.35,-0.3,0.05,6.0,6.35,0.05,6.05,0.3,0.3,1,1,0
DEMO_EXCHANGED_CARRIER_V1,CONSTRUCTED_DEMO,B05,broad_row_change,ALL9,ME,32.0,0.0,4.096,0,0.7,0.0,0.7,4.796,0.15,4.946,2.16,6.956,4.946,7.106,-0.15,0.15,1,1,0
DEMO_EXCHANGED_CARRIER_V1,CONSTRUCTED_DEMO,B05,broad_row_change,ALL9,NW,-32.0,24.0,6.976,-14,0.7,0.0,-13.3,-6.324,-0.45,-6.774,7.44,1.116,-6.774,0.666,0.45,0.45,1,1,0
DEMO_EXCHANGED_CARRIER_V1,CONSTRUCTED_DEMO,B05,broad_row_change,ALL9,NC,0.0,24.0,2.88,-14,-0.7,0.0,-14.7,-11.82,0.0,-11.82,3.6,-8.22,-11.82,-8.22,0.0,0.0,1,1,0
DEMO_EXCHANGED_CARRIER_V1,CONSTRUCTED_DEMO,B05,broad_row_change,ALL9,NE,32.0,24.0,6.976,-14,-0.35,0.0,-14.35,-7.374,0.45,-6.924,-0.24,-7.614,-6.924,-7.164,-0.45,0.45,1,1,0
DEMO_EXCHANGED_CARRIER_V1,CONSTRUCTED_DEMO,B05,broad_row_change,ROW3,SW,-32.0,-24.0,6.976,12,-0.7,0.0,11.3,18.276,0.3,18.576,12.24,30.516,18.576,30.816,-0.3,0.3,1,1,1
DEMO_EXCHANGED_CARRIER_V1,CONSTRUCTED_DEMO,B05,broad_row_change,ROW3,SC,0.0,-24.0,2.88,12,-0.35,0.0,11.65,14.53,-0.6,13.93,8.4,22.93,13.93,22.33,0.6,0.6,1,1,1
DEMO_EXCHANGED_CARRIER_V1,CONSTRUCTED_DEMO,B05,broad_row_change,ROW3,SE,32.0,-24.0,6.976,12,0.0,0.0,12.0,18.976,-0.15,18.826,4.56,23.536,18.826,23.386,0.15,0.15,1,1,1
DEMO_EXCHANGED_CARRIER_V1,CONSTRUCTED_DEMO,B05,broad_row_change,ROW3,MW,-32.0,0.0,4.096,0,0.0,0.0,0.0,4.096,0.6,4.696,9.84,13.936,4.096,13.936,0.0,0.0,1,0,0
DEMO_EXCHANGED_CARRIER_V1,CONSTRUCTED_DEMO,B05,broad_row_change,ROW3,MC,0.0,0.0,0.0,0,0.35,0.0,0.35,0.35,-0.3,0.05,6.0,6.35,0.0,6.0,0.35,0.35,1,1,0
DEMO_EXCHANGED_CARRIER_V1,CONSTRUCTED_DEMO,B05,broad_row_change,ROW3,ME,32.0,0.0,4.096,0,0.7,0.0,0.7,4.796,0.15,4.946,2.16,6.956,4.096,6.256,0.7,0.7,1,0,0
DEMO_EXCHANGED_CARRIER_V1,CONSTRUCTED_DEMO,B05,broad_row_change,ROW3,NW,-32.0,24.0,6.976,-14,0.7,0.0,-13.3,-6.324,-0.45,-6.774,7.44,1.116,-6.774,0.666,0.45,0.45,1,1,1
DEMO_EXCHANGED_CARRIER_V1,CONSTRUCTED_DEMO,B05,broad_row_change,ROW3,NC,0.0,24.0,2.88,-14,-0.7,0.0,-14.7,-11.82,0.0,-11.82,3.6,-8.22,-11.82,-8.22,0.0,0.0,1,1,1
DEMO_EXCHANGED_CARRIER_V1,CONSTRUCTED_DEMO,B05,broad_row_change,ROW3,NE,32.0,24.0,6.976,-14,-0.35,0.0,-14.35,-7.374,0.45,-6.924,-0.24,-7.614,-6.924,-7.164,-0.45,0.45,1,1,1
DEMO_EXCHANGED_CARRIER_V1,CONSTRUCTED_DEMO,B05,broad_row_change,SHIFT3,SW,-32.0,-24.0,6.976,12,-0.7,0.0,11.3,18.276,0.3,18.576,12.24,30.516,18.026,30.266,0.25,0.25,1,0,0
DEMO_EXCHANGED_CARRIER_V1,CONSTRUCTED_DEMO,B05,broad_row_change,SHIFT3,SC,0.0,-24.0,2.88,12,-0.35,0.0,11.65,14.53,-0.6,13.93,8.4,22.93,13.93,22.33,0.6,0.6,1,1,0
DEMO_EXCHANGED_CARRIER_V1,CONSTRUCTED_DEMO,B05,broad_row_change,SHIFT3,SE,32.0,-24.0,6.976,12,0.0,0.0,12.0,18.976,-0.15,18.826,4.56,23.536,18.026,22.586,0.95,0.95,1,0,0
DEMO_EXCHANGED_CARRIER_V1,CONSTRUCTED_DEMO,B05,broad_row_change,SHIFT3,MW,-32.0,0.0,4.096,0,0.0,0.0,0.0,4.096,0.6,4.696,9.84,13.936,4.146,13.986,-0.05,0.05,1,0,0
DEMO_EXCHANGED_CARRIER_V1,CONSTRUCTED_DEMO,B05,broad_row_change,SHIFT3,MC,0.0,0.0,0.0,0,0.35,0.0,0.35,0.35,-0.3,0.05,6.0,6.35,0.05,6.05,0.3,0.3,1,1,0
DEMO_EXCHANGED_CARRIER_V1,CONSTRUCTED_DEMO,B05,broad_row_change,SHIFT3,ME,32.0,0.0,4.096,0,0.7,0.0,0.7,4.796,0.15,4.946,2.16,6.956,4.146,6.306,0.65,0.65,1,0,0
DEMO_EXCHANGED_CARRIER_V1,CONSTRUCTED_DEMO,B05,broad_row_change,SHIFT3,NW,-32.0,24.0,6.976,-14,0.7,0.0,-13.3,-6.324,-0.45,-6.774,7.44,1.116,-7.724,-0.284,1.4,1.4,1,0,0
DEMO_EXCHANGED_CARRIER_V1,CONSTRUCTED_DEMO,B05,broad_row_change,SHIFT3,NC,0.0,24.0,2.88,-14,-0.7,0.0,-14.7,-11.82,0.0,-11.82,3.6,-8.22,-11.82,-8.22,0.0,0.0,1,1,0
DEMO_EXCHANGED_CARRIER_V1,CONSTRUCTED_DEMO,B05,broad_row_change,SHIFT3,NE,32.0,24.0,6.976,-14,-0.35,0.0,-14.35,-7.374,0.45,-6.924,-0.24,-7.614,-7.724,-7.964,0.35,0.35,1,0,0
DEMO_EXCHANGED_CARRIER_V1,CONSTRUCTED_DEMO,B06,broad_row_change,PLANE,SW,-32.0,-24.0,6.976,0,-0.35,0.0,-0.35,6.626,-0.6,6.026,-25.52,-18.894,6.976,-18.544,-0.35,0.35,1,0,0
DEMO_EXCHANGED_CARRIER_V1,CONSTRUCTED_DEMO,B06,broad_row_change,PLANE,SC,0.0,-24.0,2.88,0,0.0,0.0,0.0,2.88,-0.15,2.73,-22.96,-20.08,2.88,-20.08,0.0,0.0,1,0,0
DEMO_EXCHANGED_CARRIER_V1,CONSTRUCTED_DEMO,B06,broad_row_change,PLANE,SE,32.0,-24.0,6.976,0,0.35,0.0,0.35,7.326,0.3,7.626,-20.4,-13.074,6.976,-13.424,0.35,0.35,1,0,0
DEMO_EXCHANGED_CARRIER_V1,CONSTRUCTED_DEMO,B06,broad_row_change,PLANE,MW,-32.0,0.0,4.096,16,0.35,0.0,16.35,20.446,-0.3,20.146,-24.56,-4.114,4.096,-20.464,16.35,16.35,0,0,0
DEMO_EXCHANGED_CARRIER_V1,CONSTRUCTED_DEMO,B06,broad_row_change,PLANE,MC,0.0,0.0,0.0,16,0.7,0.0,16.7,16.7,0.15,16.85,-22.0,-5.3,0.0,-22.0,16.7,16.7,0,0,0
DEMO_EXCHANGED_CARRIER_V1,CONSTRUCTED_DEMO,B06,broad_row_change,PLANE,ME,32.0,0.0,4.096,16,-0.7,0.0,15.3,19.396,0.6,19.996,-19.44,-0.044,4.096,-15.344,15.3,15.3,0,0,0
DEMO_EXCHANGED_CARRIER_V1,CONSTRUCTED_DEMO,B06,broad_row_change,PLANE,NW,-32.0,24.0,6.976,14,-0.7,0.0,13.3,20.276,0.0,20.276,-23.6,-3.324,6.976,-16.624,13.3,13.3,0,0,0
DEMO_EXCHANGED_CARRIER_V1,CONSTRUCTED_DEMO,B06,broad_row_change,PLANE,NC,0.0,24.0,2.88,14,-0.35,0.0,13.65,16.53,0.45,16.98,-21.04,-4.51,2.88,-18.16,13.65,13.65,0,0,0
DEMO_EXCHANGED_CARRIER_V1,CONSTRUCTED_DEMO,B06,broad_row_change,PLANE,NE,32.0,24.0,6.976,14,0.0,0.0,14.0,20.976,-0.45,20.526,-18.48,2.496,6.976,-11.504,14.0,14.0,0,0,0
DEMO_EXCHANGED_CARRIER_V1,CONSTRUCTED_DEMO,B06,broad_row_change,ALL9,SW,-32.0,-24.0,6.976,0,-0.35,0.0,-0.35,6.626,-0.6,6.026,-25.52,-18.894,6.026,-19.494,0.6,0.6,1,1,0
DEMO_EXCHANGED_CARRIER_V1,CONSTRUCTED_DEMO,B06,broad_row_change,ALL9,SC,0.0,-24.0,2.88,0,0.0,0.0,0.0,2.88,-0.15,2.73,-22.96,-20.08,2.73,-20.23,0.15,0.15,1,1,0
DEMO_EXCHANGED_CARRIER_V1,CONSTRUCTED_DEMO,B06,broad_row_change,ALL9,SE,32.0,-24.0,6.976,0,0.35,0.0,0.35,7.326,0.3,7.626,-20.4,-13.074,7.626,-12.774,-0.3,0.3,1,1,0
DEMO_EXCHANGED_CARRIER_V1,CONSTRUCTED_DEMO,B06,broad_row_change,ALL9,MW,-32.0,0.0,4.096,16,0.35,0.0,16.35,20.446,-0.3,20.146,-24.56,-4.114,20.146,-4.414,0.3,0.3,1,1,0
DEMO_EXCHANGED_CARRIER_V1,CONSTRUCTED_DEMO,B06,broad_row_change,ALL9,MC,0.0,0.0,0.0,16,0.7,0.0,16.7,16.7,0.15,16.85,-22.0,-5.3,16.85,-5.15,-0.15,0.15,1,1,0
DEMO_EXCHANGED_CARRIER_V1,CONSTRUCTED_DEMO,B06,broad_row_change,ALL9,ME,32.0,0.0,4.096,16,-0.7,0.0,15.3,19.396,0.6,19.996,-19.44,-0.044,19.996,0.556,-0.6,0.6,1,1,0
DEMO_EXCHANGED_CARRIER_V1,CONSTRUCTED_DEMO,B06,broad_row_change,ALL9,NW,-32.0,24.0,6.976,14,-0.7,0.0,13.3,20.276,0.0,20.276,-23.6,-3.324,20.276,-3.324,0.0,0.0,1,1,0
DEMO_EXCHANGED_CARRIER_V1,CONSTRUCTED_DEMO,B06,broad_row_change,ALL9,NC,0.0,24.0,2.88,14,-0.35,0.0,13.65,16.53,0.45,16.98,-21.04,-4.51,16.98,-4.06,-0.45,0.45,1,1,0
DEMO_EXCHANGED_CARRIER_V1,CONSTRUCTED_DEMO,B06,broad_row_change,ALL9,NE,32.0,24.0,6.976,14,0.0,0.0,14.0,20.976,-0.45,20.526,-18.48,2.496,20.526,2.046,0.45,0.45,1,1,0
DEMO_EXCHANGED_CARRIER_V1,CONSTRUCTED_DEMO,B06,broad_row_change,ROW3,SW,-32.0,-24.0,6.976,0,-0.35,0.0,-0.35,6.626,-0.6,6.026,-25.52,-18.894,6.976,-18.544,-0.35,0.35,1,0,0
DEMO_EXCHANGED_CARRIER_V1,CONSTRUCTED_DEMO,B06,broad_row_change,ROW3,SC,0.0,-24.0,2.88,0,0.0,0.0,0.0,2.88,-0.15,2.73,-22.96,-20.08,2.88,-20.08,0.0,0.0,1,1,0
DEMO_EXCHANGED_CARRIER_V1,CONSTRUCTED_DEMO,B06,broad_row_change,ROW3,SE,32.0,-24.0,6.976,0,0.35,0.0,0.35,7.326,0.3,7.626,-20.4,-13.074,6.976,-13.424,0.35,0.35,1,0,0
DEMO_EXCHANGED_CARRIER_V1,CONSTRUCTED_DEMO,B06,broad_row_change,ROW3,MW,-32.0,0.0,4.096,16,0.35,0.0,16.35,20.446,-0.3,20.146,-24.56,-4.114,20.146,-4.414,0.3,0.3,1,1,1
DEMO_EXCHANGED_CARRIER_V1,CONSTRUCTED_DEMO,B06,broad_row_change,ROW3,MC,0.0,0.0,0.0,16,0.7,0.0,16.7,16.7,0.15,16.85,-22.0,-5.3,16.85,-5.15,-0.15,0.15,1,1,1
DEMO_EXCHANGED_CARRIER_V1,CONSTRUCTED_DEMO,B06,broad_row_change,ROW3,ME,32.0,0.0,4.096,16,-0.7,0.0,15.3,19.396,0.6,19.996,-19.44,-0.044,19.996,0.556,-0.6,0.6,1,1,1
DEMO_EXCHANGED_CARRIER_V1,CONSTRUCTED_DEMO,B06,broad_row_change,ROW3,NW,-32.0,24.0,6.976,14,-0.7,0.0,13.3,20.276,0.0,20.276,-23.6,-3.324,20.276,-3.324,0.0,0.0,1,1,1
DEMO_EXCHANGED_CARRIER_V1,CONSTRUCTED_DEMO,B06,broad_row_change,ROW3,NC,0.0,24.0,2.88,14,-0.35,0.0,13.65,16.53,0.45,16.98,-21.04,-4.51,16.98,-4.06,-0.45,0.45,1,1,1
DEMO_EXCHANGED_CARRIER_V1,CONSTRUCTED_DEMO,B06,broad_row_change,ROW3,NE,32.0,24.0,6.976,14,0.0,0.0,14.0,20.976,-0.45,20.526,-18.48,2.496,20.526,2.046,0.45,0.45,1,1,1
DEMO_EXCHANGED_CARRIER_V1,CONSTRUCTED_DEMO,B06,broad_row_change,SHIFT3,SW,-32.0,-24.0,6.976,0,-0.35,0.0,-0.35,6.626,-0.6,6.026,-25.52,-18.894,6.826,-18.694,-0.2,0.2,1,0,0
DEMO_EXCHANGED_CARRIER_V1,CONSTRUCTED_DEMO,B06,broad_row_change,SHIFT3,SC,0.0,-24.0,2.88,0,0.0,0.0,0.0,2.88,-0.15,2.73,-22.96,-20.08,2.73,-20.23,0.15,0.15,1,1,0
DEMO_EXCHANGED_CARRIER_V1,CONSTRUCTED_DEMO,B06,broad_row_change,SHIFT3,SE,32.0,-24.0,6.976,0,0.35,0.0,0.35,7.326,0.3,7.626,-20.4,-13.074,6.826,-13.574,0.5,0.5,1,0,0
DEMO_EXCHANGED_CARRIER_V1,CONSTRUCTED_DEMO,B06,broad_row_change,SHIFT3,MW,-32.0,0.0,4.096,16,0.35,0.0,16.35,20.446,-0.3,20.146,-24.56,-4.114,20.946,-3.614,-0.5,0.5,1,0,0
DEMO_EXCHANGED_CARRIER_V1,CONSTRUCTED_DEMO,B06,broad_row_change,SHIFT3,MC,0.0,0.0,0.0,16,0.7,0.0,16.7,16.7,0.15,16.85,-22.0,-5.3,16.85,-5.15,-0.15,0.15,1,1,0
DEMO_EXCHANGED_CARRIER_V1,CONSTRUCTED_DEMO,B06,broad_row_change,SHIFT3,ME,32.0,0.0,4.096,16,-0.7,0.0,15.3,19.396,0.6,19.996,-19.44,-0.044,20.946,1.506,-1.55,1.55,1,0,0
DEMO_EXCHANGED_CARRIER_V1,CONSTRUCTED_DEMO,B06,broad_row_change,SHIFT3,NW,-32.0,24.0,6.976,14,-0.7,0.0,13.3,20.276,0.0,20.276,-23.6,-3.324,21.076,-2.524,-0.8,0.8,1,0,0
DEMO_EXCHANGED_CARRIER_V1,CONSTRUCTED_DEMO,B06,broad_row_change,SHIFT3,NC,0.0,24.0,2.88,14,-0.35,0.0,13.65,16.53,0.45,16.98,-21.04,-4.51,16.98,-4.06,-0.45,0.45,1,1,0
DEMO_EXCHANGED_CARRIER_V1,CONSTRUCTED_DEMO,B06,broad_row_change,SHIFT3,NE,32.0,24.0,6.976,14,0.0,0.0,14.0,20.976,-0.45,20.526,-18.48,2.496,21.076,2.596,-0.1,0.1,1,0,0
DEMO_EXCHANGED_CARRIER_V1,CONSTRUCTED_DEMO,B07,broad_row_change,PLANE,SW,-32.0,-24.0,6.976,14,0.0,0.0,14.0,20.976,-0.15,20.826,8.76,29.736,6.976,15.736,14.0,14.0,0,0,0
DEMO_EXCHANGED_CARRIER_V1,CONSTRUCTED_DEMO,B07,broad_row_change,PLANE,SC,0.0,-24.0,2.88,14,0.35,0.0,14.35,17.23,0.3,17.53,13.56,30.79,2.88,16.44,14.35,14.35,0,0,0
DEMO_EXCHANGED_CARRIER_V1,CONSTRUCTED_DEMO,B07,broad_row_change,PLANE,SE,32.0,-24.0,6.976,14,0.7,0.0,14.7,21.676,-0.6,21.076,18.36,40.036,6.976,25.336,14.7,14.7,0,0,0
DEMO_EXCHANGED_CARRIER_V1,CONSTRUCTED_DEMO,B07,broad_row_change,PLANE,MW,-32.0,0.0,4.096,-16,0.7,0.0,-15.3,-11.204,0.15,-11.054,10.2,-1.004,4.096,14.296,-15.3,15.3,0,0,0
DEMO_EXCHANGED_CARRIER_V1,CONSTRUCTED_DEMO,B07,broad_row_change,PLANE,MC,0.0,0.0,0.0,-16,-0.7,0.0,-16.7,-16.7,0.6,-16.1,15.0,-1.7,0.0,15.0,-16.7,16.7,0,0,0
DEMO_EXCHANGED_CARRIER_V1,CONSTRUCTED_DEMO,B07,broad_row_change,PLANE,ME,32.0,0.0,4.096,-16,-0.35,0.0,-16.35,-12.254,-0.3,-12.554,19.8,7.546,4.096,23.896,-16.35,16.35,0,0,0
DEMO_EXCHANGED_CARRIER_V1,CONSTRUCTED_DEMO,B07,broad_row_change,PLANE,NW,-32.0,24.0,6.976,15,-0.35,0.0,14.65,21.626,0.45,22.076,11.64,33.266,6.976,18.616,14.65,14.65,0,0,0
DEMO_EXCHANGED_CARRIER_V1,CONSTRUCTED_DEMO,B07,broad_row_change,PLANE,NC,0.0,24.0,2.88,15,0.0,0.0,15.0,17.88,-0.45,17.43,16.44,34.32,2.88,19.32,15.0,15.0,0,0,0
DEMO_EXCHANGED_CARRIER_V1,CONSTRUCTED_DEMO,B07,broad_row_change,PLANE,NE,32.0,24.0,6.976,15,0.35,0.0,15.35,22.326,0.0,22.326,21.24,43.566,6.976,28.216,15.35,15.35,0,0,0
DEMO_EXCHANGED_CARRIER_V1,CONSTRUCTED_DEMO,B07,broad_row_change,ALL9,SW,-32.0,-24.0,6.976,14,0.0,0.0,14.0,20.976,-0.15,20.826,8.76,29.736,20.826,29.586,0.15,0.15,1,1,0
DEMO_EXCHANGED_CARRIER_V1,CONSTRUCTED_DEMO,B07,broad_row_change,ALL9,SC,0.0,-24.0,2.88,14,0.35,0.0,14.35,17.23,0.3,17.53,13.56,30.79,17.53,31.09,-0.3,0.3,1,1,0
DEMO_EXCHANGED_CARRIER_V1,CONSTRUCTED_DEMO,B07,broad_row_change,ALL9,SE,32.0,-24.0,6.976,14,0.7,0.0,14.7,21.676,-0.6,21.076,18.36,40.036,21.076,39.436,0.6,0.6,1,1,0
DEMO_EXCHANGED_CARRIER_V1,CONSTRUCTED_DEMO,B07,broad_row_change,ALL9,MW,-32.0,0.0,4.096,-16,0.7,0.0,-15.3,-11.204,0.15,-11.054,10.2,-1.004,-11.054,-0.854,-0.15,0.15,1,1,0
DEMO_EXCHANGED_CARRIER_V1,CONSTRUCTED_DEMO,B07,broad_row_change,ALL9,MC,0.0,0.0,0.0,-16,-0.7,0.0,-16.7,-16.7,0.6,-16.1,15.0,-1.7,-16.1,-1.1,-0.6,0.6,1,1,0
DEMO_EXCHANGED_CARRIER_V1,CONSTRUCTED_DEMO,B07,broad_row_change,ALL9,ME,32.0,0.0,4.096,-16,-0.35,0.0,-16.35,-12.254,-0.3,-12.554,19.8,7.546,-12.554,7.246,0.3,0.3,1,1,0
DEMO_EXCHANGED_CARRIER_V1,CONSTRUCTED_DEMO,B07,broad_row_change,ALL9,NW,-32.0,24.0,6.976,15,-0.35,0.0,14.65,21.626,0.45,22.076,11.64,33.266,22.076,33.716,-0.45,0.45,1,1,0
DEMO_EXCHANGED_CARRIER_V1,CONSTRUCTED_DEMO,B07,broad_row_change,ALL9,NC,0.0,24.0,2.88,15,0.0,0.0,15.0,17.88,-0.45,17.43,16.44,34.32,17.43,33.87,0.45,0.45,1,1,0
DEMO_EXCHANGED_CARRIER_V1,CONSTRUCTED_DEMO,B07,broad_row_change,ALL9,NE,32.0,24.0,6.976,15,0.35,0.0,15.35,22.326,0.0,22.326,21.24,43.566,22.326,43.566,0.0,0.0,1,1,0
DEMO_EXCHANGED_CARRIER_V1,CONSTRUCTED_DEMO,B07,broad_row_change,ROW3,SW,-32.0,-24.0,6.976,14,0.0,0.0,14.0,20.976,-0.15,20.826,8.76,29.736,20.826,29.586,0.15,0.15,1,1,1
DEMO_EXCHANGED_CARRIER_V1,CONSTRUCTED_DEMO,B07,broad_row_change,ROW3,SC,0.0,-24.0,2.88,14,0.35,0.0,14.35,17.23,0.3,17.53,13.56,30.79,17.53,31.09,-0.3,0.3,1,1,1
DEMO_EXCHANGED_CARRIER_V1,CONSTRUCTED_DEMO,B07,broad_row_change,ROW3,SE,32.0,-24.0,6.976,14,0.7,0.0,14.7,21.676,-0.6,21.076,18.36,40.036,21.076,39.436,0.6,0.6,1,1,1
DEMO_EXCHANGED_CARRIER_V1,CONSTRUCTED_DEMO,B07,broad_row_change,ROW3,MW,-32.0,0.0,4.096,-16,0.7,0.0,-15.3,-11.204,0.15,-11.054,10.2,-1.004,-11.054,-0.854,-0.15,0.15,1,1,1
DEMO_EXCHANGED_CARRIER_V1,CONSTRUCTED_DEMO,B07,broad_row_change,ROW3,MC,0.0,0.0,0.0,-16,-0.7,0.0,-16.7,-16.7,0.6,-16.1,15.0,-1.7,-16.1,-1.1,-0.6,0.6,1,1,1
DEMO_EXCHANGED_CARRIER_V1,CONSTRUCTED_DEMO,B07,broad_row_change,ROW3,ME,32.0,0.0,4.096,-16,-0.35,0.0,-16.35,-12.254,-0.3,-12.554,19.8,7.546,-12.554,7.246,0.3,0.3,1,1,1
DEMO_EXCHANGED_CARRIER_V1,CONSTRUCTED_DEMO,B07,broad_row_change,ROW3,NW,-32.0,24.0,6.976,15,-0.35,0.0,14.65,21.626,0.45,22.076,11.64,33.266,22.076,33.716,-0.45,0.45,1,1,1
DEMO_EXCHANGED_CARRIER_V1,CONSTRUCTED_DEMO,B07,broad_row_change,ROW3,NC,0.0,24.0,2.88,15,0.0,0.0,15.0,17.88,-0.45,17.43,16.44,34.32,17.43,33.87,0.45,0.45,1,1,1
DEMO_EXCHANGED_CARRIER_V1,CONSTRUCTED_DEMO,B07,broad_row_change,ROW3,NE,32.0,24.0,6.976,15,0.35,0.0,15.35,22.326,0.0,22.326,21.24,43.566,22.326,43.566,0.0,0.0,1,1,1
DEMO_EXCHANGED_CARRIER_V1,CONSTRUCTED_DEMO,B07,broad_row_change,SHIFT3,SW,-32.0,-24.0,6.976,14,0.0,0.0,14.0,20.976,-0.15,20.826,8.76,29.736,21.626,30.386,-0.65,0.65,1,0,0
DEMO_EXCHANGED_CARRIER_V1,CONSTRUCTED_DEMO,B07,broad_row_change,SHIFT3,SC,0.0,-24.0,2.88,14,0.35,0.0,14.35,17.23,0.3,17.53,13.56,30.79,17.53,31.09,-0.3,0.3,1,1,0
DEMO_EXCHANGED_CARRIER_V1,CONSTRUCTED_DEMO,B07,broad_row_change,SHIFT3,SE,32.0,-24.0,6.976,14,0.7,0.0,14.7,21.676,-0.6,21.076,18.36,40.036,21.626,39.986,0.05,0.05,1,0,0
DEMO_EXCHANGED_CARRIER_V1,CONSTRUCTED_DEMO,B07,broad_row_change,SHIFT3,MW,-32.0,0.0,4.096,-16,0.7,0.0,-15.3,-11.204,0.15,-11.054,10.2,-1.004,-12.004,-1.804,0.8,0.8,1,0,0
DEMO_EXCHANGED_CARRIER_V1,CONSTRUCTED_DEMO,B07,broad_row_change,SHIFT3,MC,0.0,0.0,0.0,-16,-0.7,0.0,-16.7,-16.7,0.6,-16.1,15.0,-1.7,-16.1,-1.1,-0.6,0.6,1,1,0
DEMO_EXCHANGED_CARRIER_V1,CONSTRUCTED_DEMO,B07,broad_row_change,SHIFT3,ME,32.0,0.0,4.096,-16,-0.35,0.0,-16.35,-12.254,-0.3,-12.554,19.8,7.546,-12.004,7.796,-0.25,0.25,1,0,0
DEMO_EXCHANGED_CARRIER_V1,CONSTRUCTED_DEMO,B07,broad_row_change,SHIFT3,NW,-32.0,24.0,6.976,15,-0.35,0.0,14.65,21.626,0.45,22.076,11.64,33.266,21.526,33.166,0.1,0.1,1,0,0
DEMO_EXCHANGED_CARRIER_V1,CONSTRUCTED_DEMO,B07,broad_row_change,SHIFT3,NC,0.0,24.0,2.88,15,0.0,0.0,15.0,17.88,-0.45,17.43,16.44,34.32,17.43,33.87,0.45,0.45,1,1,0
DEMO_EXCHANGED_CARRIER_V1,CONSTRUCTED_DEMO,B07,broad_row_change,SHIFT3,NE,32.0,24.0,6.976,15,0.35,0.0,15.35,22.326,0.0,22.326,21.24,43.566,21.526,42.766,0.8,0.8,1,0,0
DEMO_EXCHANGED_CARRIER_V1,CONSTRUCTED_DEMO,B08,broad_row_change,PLANE,SW,-32.0,-24.0,6.976,-18,0.35,0.0,-17.65,-10.674,0.3,-10.374,33.28,22.606,6.976,40.256,-17.65,17.65,0,0,0
DEMO_EXCHANGED_CARRIER_V1,CONSTRUCTED_DEMO,B08,broad_row_change,PLANE,SC,0.0,-24.0,2.88,-18,0.7,0.0,-17.3,-14.42,-0.6,-15.02,30.4,15.98,2.88,33.28,-17.3,17.3,0,0,0
DEMO_EXCHANGED_CARRIER_V1,CONSTRUCTED_DEMO,B08,broad_row_change,PLANE,SE,32.0,-24.0,6.976,-18,-0.7,0.0,-18.7,-11.724,-0.15,-11.874,27.52,15.796,6.976,34.496,-18.7,18.7,0,0,0
DEMO_EXCHANGED_CARRIER_V1,CONSTRUCTED_DEMO,B08,broad_row_change,PLANE,MW,-32.0,0.0,4.096,14,-0.7,0.0,13.3,17.396,0.6,17.996,30.88,48.276,4.096,34.976,13.3,13.3,0,0,0
DEMO_EXCHANGED_CARRIER_V1,CONSTRUCTED_DEMO,B08,broad_row_change,PLANE,MC,0.0,0.0,0.0,14,-0.35,0.0,13.65,13.65,-0.3,13.35,28.0,41.65,0.0,28.0,13.65,13.65,0,0,0
DEMO_EXCHANGED_CARRIER_V1,CONSTRUCTED_DEMO,B08,broad_row_change,PLANE,ME,32.0,0.0,4.096,14,0.0,0.0,14.0,18.096,0.15,18.246,25.12,43.216,4.096,29.216,14.0,14.0,0,0,0
DEMO_EXCHANGED_CARRIER_V1,CONSTRUCTED_DEMO,B08,broad_row_change,PLANE,NW,-32.0,24.0,6.976,-16,0.0,0.0,-16.0,-9.024,-0.45,-9.474,28.48,19.456,6.976,35.456,-16.0,16.0,0,0,0
DEMO_EXCHANGED_CARRIER_V1,CONSTRUCTED_DEMO,B08,broad_row_change,PLANE,NC,0.0,24.0,2.88,-16,0.35,0.0,-15.65,-12.77,0.0,-12.77,25.6,12.83,2.88,28.48,-15.65,15.65,0,0,0
DEMO_EXCHANGED_CARRIER_V1,CONSTRUCTED_DEMO,B08,broad_row_change,PLANE,NE,32.0,24.0,6.976,-16,0.7,0.0,-15.3,-8.324,0.45,-7.874,22.72,14.396,6.976,29.696,-15.3,15.3,0,0,0
DEMO_EXCHANGED_CARRIER_V1,CONSTRUCTED_DEMO,B08,broad_row_change,ALL9,SW,-32.0,-24.0,6.976,-18,0.35,0.0,-17.65,-10.674,0.3,-10.374,33.28,22.606,-10.374,22.906,-0.3,0.3,1,1,0
DEMO_EXCHANGED_CARRIER_V1,CONSTRUCTED_DEMO,B08,broad_row_change,ALL9,SC,0.0,-24.0,2.88,-18,0.7,0.0,-17.3,-14.42,-0.6,-15.02,30.4,15.98,-15.02,15.38,0.6,0.6,1,1,0
DEMO_EXCHANGED_CARRIER_V1,CONSTRUCTED_DEMO,B08,broad_row_change,ALL9,SE,32.0,-24.0,6.976,-18,-0.7,0.0,-18.7,-11.724,-0.15,-11.874,27.52,15.796,-11.874,15.646,0.15,0.15,1,1,0
DEMO_EXCHANGED_CARRIER_V1,CONSTRUCTED_DEMO,B08,broad_row_change,ALL9,MW,-32.0,0.0,4.096,14,-0.7,0.0,13.3,17.396,0.6,17.996,30.88,48.276,17.996,48.876,-0.6,0.6,1,1,0
DEMO_EXCHANGED_CARRIER_V1,CONSTRUCTED_DEMO,B08,broad_row_change,ALL9,MC,0.0,0.0,0.0,14,-0.35,0.0,13.65,13.65,-0.3,13.35,28.0,41.65,13.35,41.35,0.3,0.3,1,1,0
DEMO_EXCHANGED_CARRIER_V1,CONSTRUCTED_DEMO,B08,broad_row_change,ALL9,ME,32.0,0.0,4.096,14,0.0,0.0,14.0,18.096,0.15,18.246,25.12,43.216,18.246,43.366,-0.15,0.15,1,1,0
DEMO_EXCHANGED_CARRIER_V1,CONSTRUCTED_DEMO,B08,broad_row_change,ALL9,NW,-32.0,24.0,6.976,-16,0.0,0.0,-16.0,-9.024,-0.45,-9.474,28.48,19.456,-9.474,19.006,0.45,0.45,1,1,0
DEMO_EXCHANGED_CARRIER_V1,CONSTRUCTED_DEMO,B08,broad_row_change,ALL9,NC,0.0,24.0,2.88,-16,0.35,0.0,-15.65,-12.77,0.0,-12.77,25.6,12.83,-12.77,12.83,0.0,0.0,1,1,0
DEMO_EXCHANGED_CARRIER_V1,CONSTRUCTED_DEMO,B08,broad_row_change,ALL9,NE,32.0,24.0,6.976,-16,0.7,0.0,-15.3,-8.324,0.45,-7.874,22.72,14.396,-7.874,14.846,-0.45,0.45,1,1,0
DEMO_EXCHANGED_CARRIER_V1,CONSTRUCTED_DEMO,B08,broad_row_change,ROW3,SW,-32.0,-24.0,6.976,-18,0.35,0.0,-17.65,-10.674,0.3,-10.374,33.28,22.606,-10.374,22.906,-0.3,0.3,1,1,1
DEMO_EXCHANGED_CARRIER_V1,CONSTRUCTED_DEMO,B08,broad_row_change,ROW3,SC,0.0,-24.0,2.88,-18,0.7,0.0,-17.3,-14.42,-0.6,-15.02,30.4,15.98,-15.02,15.38,0.6,0.6,1,1,1
DEMO_EXCHANGED_CARRIER_V1,CONSTRUCTED_DEMO,B08,broad_row_change,ROW3,SE,32.0,-24.0,6.976,-18,-0.7,0.0,-18.7,-11.724,-0.15,-11.874,27.52,15.796,-11.874,15.646,0.15,0.15,1,1,1
DEMO_EXCHANGED_CARRIER_V1,CONSTRUCTED_DEMO,B08,broad_row_change,ROW3,MW,-32.0,0.0,4.096,14,-0.7,0.0,13.3,17.396,0.6,17.996,30.88,48.276,17.996,48.876,-0.6,0.6,1,1,1
DEMO_EXCHANGED_CARRIER_V1,CONSTRUCTED_DEMO,B08,broad_row_change,ROW3,MC,0.0,0.0,0.0,14,-0.35,0.0,13.65,13.65,-0.3,13.35,28.0,41.65,13.35,41.35,0.3,0.3,1,1,1
DEMO_EXCHANGED_CARRIER_V1,CONSTRUCTED_DEMO,B08,broad_row_change,ROW3,ME,32.0,0.0,4.096,14,0.0,0.0,14.0,18.096,0.15,18.246,25.12,43.216,18.246,43.366,-0.15,0.15,1,1,1
DEMO_EXCHANGED_CARRIER_V1,CONSTRUCTED_DEMO,B08,broad_row_change,ROW3,NW,-32.0,24.0,6.976,-16,0.0,0.0,-16.0,-9.024,-0.45,-9.474,28.48,19.456,-9.474,19.006,0.45,0.45,1,1,1
DEMO_EXCHANGED_CARRIER_V1,CONSTRUCTED_DEMO,B08,broad_row_change,ROW3,NC,0.0,24.0,2.88,-16,0.35,0.0,-15.65,-12.77,0.0,-12.77,25.6,12.83,-12.77,12.83,0.0,0.0,1,1,1
DEMO_EXCHANGED_CARRIER_V1,CONSTRUCTED_DEMO,B08,broad_row_change,ROW3,NE,32.0,24.0,6.976,-16,0.7,0.0,-15.3,-8.324,0.45,-7.874,22.72,14.396,-7.874,14.846,-0.45,0.45,1,1,1
DEMO_EXCHANGED_CARRIER_V1,CONSTRUCTED_DEMO,B08,broad_row_change,SHIFT3,SW,-32.0,-24.0,6.976,-18,0.35,0.0,-17.65,-10.674,0.3,-10.374,33.28,22.606,-10.924,22.356,0.25,0.25,1,0,0
DEMO_EXCHANGED_CARRIER_V1,CONSTRUCTED_DEMO,B08,broad_row_change,SHIFT3,SC,0.0,-24.0,2.88,-18,0.7,0.0,-17.3,-14.42,-0.6,-15.02,30.4,15.98,-15.02,15.38,0.6,0.6,1,1,0
DEMO_EXCHANGED_CARRIER_V1,CONSTRUCTED_DEMO,B08,broad_row_change,SHIFT3,SE,32.0,-24.0,6.976,-18,-0.7,0.0,-18.7,-11.724,-0.15,-11.874,27.52,15.796,-10.924,16.596,-0.8,0.8,1,0,0
DEMO_EXCHANGED_CARRIER_V1,CONSTRUCTED_DEMO,B08,broad_row_change,SHIFT3,MW,-32.0,0.0,4.096,14,-0.7,0.0,13.3,17.396,0.6,17.996,30.88,48.276,17.446,48.326,-0.05,0.05,1,0,0
DEMO_EXCHANGED_CARRIER_V1,CONSTRUCTED_DEMO,B08,broad_row_change,SHIFT3,MC,0.0,0.0,0.0,14,-0.35,0.0,13.65,13.65,-0.3,13.35,28.0,41.65,13.35,41.35,0.3,0.3,1,1,0
DEMO_EXCHANGED_CARRIER_V1,CONSTRUCTED_DEMO,B08,broad_row_change,SHIFT3,ME,32.0,0.0,4.096,14,0.0,0.0,14.0,18.096,0.15,18.246,25.12,43.216,17.446,42.566,0.65,0.65,1,0,0
DEMO_EXCHANGED_CARRIER_V1,CONSTRUCTED_DEMO,B08,broad_row_change,SHIFT3,NW,-32.0,24.0,6.976,-16,0.0,0.0,-16.0,-9.024,-0.45,-9.474,28.48,19.456,-8.674,19.806,-0.35,0.35,1,0,0
DEMO_EXCHANGED_CARRIER_V1,CONSTRUCTED_DEMO,B08,broad_row_change,SHIFT3,NC,0.0,24.0,2.88,-16,0.35,0.0,-15.65,-12.77,0.0,-12.77,25.6,12.83,-12.77,12.83,0.0,0.0,1,1,0
DEMO_EXCHANGED_CARRIER_V1,CONSTRUCTED_DEMO,B08,broad_row_change,SHIFT3,NE,32.0,24.0,6.976,-16,0.7,0.0,-15.3,-8.324,0.45,-7.874,22.72,14.396,-8.674,14.046,0.35,0.35,1,0,0
DEMO_EXCHANGED_CARRIER_V1,CONSTRUCTED_DEMO,E01,east_local_change,PLANE,SW,-32.0,-24.0,6.976,1,0.7,0.0,1.7,8.676,-0.6,8.076,-9.12,-0.444,6.976,-2.144,1.7,1.7,1,0,0
DEMO_EXCHANGED_CARRIER_V1,CONSTRUCTED_DEMO,E01,east_local_change,PLANE,SC,0.0,-24.0,2.88,1,-0.7,0.0,0.3,3.18,-0.15,3.03,-12.96,-9.78,2.88,-10.08,0.3,0.3,1,0,0
DEMO_EXCHANGED_CARRIER_V1,CONSTRUCTED_DEMO,E01,east_local_change,PLANE,SE,32.0,-24.0,6.976,1,-0.35,12,12.65,19.626,0.3,19.926,-16.8,2.826,6.976,-9.824,12.65,12.65,0,0,0
DEMO_EXCHANGED_CARRIER_V1,CONSTRUCTED_DEMO,E01,east_local_change,PLANE,MW,-32.0,0.0,4.096,-2,-0.35,0.0,-2.35,1.746,-0.3,1.446,-8.16,-6.414,4.096,-4.064,-2.35,2.35,1,0,0
DEMO_EXCHANGED_CARRIER_V1,CONSTRUCTED_DEMO,E01,east_local_change,PLANE,MC,0.0,0.0,0.0,-2,0.0,0.0,-2.0,-2.0,0.15,-1.85,-12.0,-14.0,0.0,-12.0,-2.0,2.0,1,0,0
DEMO_EXCHANGED_CARRIER_V1,CONSTRUCTED_DEMO,E01,east_local_change,PLANE,ME,32.0,0.0,4.096,-2,0.35,0.0,-1.65,2.446,0.6,3.046,-15.84,-13.394,4.096,-11.744,-1.65,1.65,1,0,0
DEMO_EXCHANGED_CARRIER_V1,CONSTRUCTED_DEMO,E01,east_local_change,PLANE,NW,-32.0,24.0,6.976,2,0.35,0.0,2.35,9.326,0.0,9.326,-7.2,2.126,6.976,-0.224,2.35,2.35,1,0,0
DEMO_EXCHANGED_CARRIER_V1,CONSTRUCTED_DEMO,E01,east_local_change,PLANE,NC,0.0,24.0,2.88,2,0.7,0.0,2.7,5.58,0.45,6.03,-11.04,-5.46,2.88,-8.16,2.7,2.7,1,0,0
DEMO_EXCHANGED_CARRIER_V1,CONSTRUCTED_DEMO,E01,east_local_change,PLANE,NE,32.0,24.0,6.976,2,-0.7,0.0,1.3,8.276,-0.45,7.826,-14.88,-6.604,6.976,-7.904,1.3,1.3,1,0,0
DEMO_EXCHANGED_CARRIER_V1,CONSTRUCTED_DEMO,E01,east_local_change,ALL9,SW,-32.0,-24.0,6.976,1,0.7,0.0,1.7,8.676,-0.6,8.076,-9.12,-0.444,8.076,-1.044,0.6,0.6,1,1,0
DEMO_EXCHANGED_CARRIER_V1,CONSTRUCTED_DEMO,E01,east_local_change,ALL9,SC,0.0,-24.0,2.88,1,-0.7,0.0,0.3,3.18,-0.15,3.03,-12.96,-9.78,3.03,-9.93,0.15,0.15,1,1,0
DEMO_EXCHANGED_CARRIER_V1,CONSTRUCTED_DEMO,E01,east_local_change,ALL9,SE,32.0,-24.0,6.976,1,-0.35,12,12.65,19.626,0.3,19.926,-16.8,2.826,19.926,3.126,-0.3,0.3,1,1,0
DEMO_EXCHANGED_CARRIER_V1,CONSTRUCTED_DEMO,E01,east_local_change,ALL9,MW,-32.0,0.0,4.096,-2,-0.35,0.0,-2.35,1.746,-0.3,1.446,-8.16,-6.414,1.446,-6.714,0.3,0.3,1,1,0
DEMO_EXCHANGED_CARRIER_V1,CONSTRUCTED_DEMO,E01,east_local_change,ALL9,MC,0.0,0.0,0.0,-2,0.0,0.0,-2.0,-2.0,0.15,-1.85,-12.0,-14.0,-1.85,-13.85,-0.15,0.15,1,1,0
DEMO_EXCHANGED_CARRIER_V1,CONSTRUCTED_DEMO,E01,east_local_change,ALL9,ME,32.0,0.0,4.096,-2,0.35,0.0,-1.65,2.446,0.6,3.046,-15.84,-13.394,3.046,-12.794,-0.6,0.6,1,1,0
DEMO_EXCHANGED_CARRIER_V1,CONSTRUCTED_DEMO,E01,east_local_change,ALL9,NW,-32.0,24.0,6.976,2,0.35,0.0,2.35,9.326,0.0,9.326,-7.2,2.126,9.326,2.126,0.0,0.0,1,1,0
DEMO_EXCHANGED_CARRIER_V1,CONSTRUCTED_DEMO,E01,east_local_change,ALL9,NC,0.0,24.0,2.88,2,0.7,0.0,2.7,5.58,0.45,6.03,-11.04,-5.46,6.03,-5.01,-0.45,0.45,1,1,0
DEMO_EXCHANGED_CARRIER_V1,CONSTRUCTED_DEMO,E01,east_local_change,ALL9,NE,32.0,24.0,6.976,2,-0.7,0.0,1.3,8.276,-0.45,7.826,-14.88,-6.604,7.826,-7.054,0.45,0.45,1,1,0
DEMO_EXCHANGED_CARRIER_V1,CONSTRUCTED_DEMO,E01,east_local_change,ROW3,SW,-32.0,-24.0,6.976,1,0.7,0.0,1.7,8.676,-0.6,8.076,-9.12,-0.444,6.976,-2.144,1.7,1.7,1,0,0
DEMO_EXCHANGED_CARRIER_V1,CONSTRUCTED_DEMO,E01,east_local_change,ROW3,SC,0.0,-24.0,2.88,1,-0.7,0.0,0.3,3.18,-0.15,3.03,-12.96,-9.78,2.88,-10.08,0.3,0.3,1,1,0
DEMO_EXCHANGED_CARRIER_V1,CONSTRUCTED_DEMO,E01,east_local_change,ROW3,SE,32.0,-24.0,6.976,1,-0.35,12,12.65,19.626,0.3,19.926,-16.8,2.826,6.976,-9.824,12.65,12.65,0,0,0
DEMO_EXCHANGED_CARRIER_V1,CONSTRUCTED_DEMO,E01,east_local_change,ROW3,MW,-32.0,0.0,4.096,-2,-0.35,0.0,-2.35,1.746,-0.3,1.446,-8.16,-6.414,4.096,-4.064,-2.35,2.35,1,0,0
DEMO_EXCHANGED_CARRIER_V1,CONSTRUCTED_DEMO,E01,east_local_change,ROW3,MC,0.0,0.0,0.0,-2,0.0,0.0,-2.0,-2.0,0.15,-1.85,-12.0,-14.0,0.0,-12.0,-2.0,2.0,1,1,0
DEMO_EXCHANGED_CARRIER_V1,CONSTRUCTED_DEMO,E01,east_local_change,ROW3,ME,32.0,0.0,4.096,-2,0.35,0.0,-1.65,2.446,0.6,3.046,-15.84,-13.394,4.096,-11.744,-1.65,1.65,1,0,0
DEMO_EXCHANGED_CARRIER_V1,CONSTRUCTED_DEMO,E01,east_local_change,ROW3,NW,-32.0,24.0,6.976,2,0.35,0.0,2.35,9.326,0.0,9.326,-7.2,2.126,6.976,-0.224,2.35,2.35,1,0,0
DEMO_EXCHANGED_CARRIER_V1,CONSTRUCTED_DEMO,E01,east_local_change,ROW3,NC,0.0,24.0,2.88,2,0.7,0.0,2.7,5.58,0.45,6.03,-11.04,-5.46,2.88,-8.16,2.7,2.7,1,1,0
DEMO_EXCHANGED_CARRIER_V1,CONSTRUCTED_DEMO,E01,east_local_change,ROW3,NE,32.0,24.0,6.976,2,-0.7,0.0,1.3,8.276,-0.45,7.826,-14.88,-6.604,6.976,-7.904,1.3,1.3,1,0,0
DEMO_EXCHANGED_CARRIER_V1,CONSTRUCTED_DEMO,E01,east_local_change,SHIFT3,SW,-32.0,-24.0,6.976,1,0.7,0.0,1.7,8.676,-0.6,8.076,-9.12,-0.444,7.126,-1.994,1.55,1.55,1,0,0
DEMO_EXCHANGED_CARRIER_V1,CONSTRUCTED_DEMO,E01,east_local_change,SHIFT3,SC,0.0,-24.0,2.88,1,-0.7,0.0,0.3,3.18,-0.15,3.03,-12.96,-9.78,3.03,-9.93,0.15,0.15,1,1,0
DEMO_EXCHANGED_CARRIER_V1,CONSTRUCTED_DEMO,E01,east_local_change,SHIFT3,SE,32.0,-24.0,6.976,1,-0.35,12,12.65,19.626,0.3,19.926,-16.8,2.826,7.126,-9.674,12.5,12.5,0,0,0
DEMO_EXCHANGED_CARRIER_V1,CONSTRUCTED_DEMO,E01,east_local_change,SHIFT3,MW,-32.0,0.0,4.096,-2,-0.35,0.0,-2.35,1.746,-0.3,1.446,-8.16,-6.414,2.246,-5.914,-0.5,0.5,1,0,0
DEMO_EXCHANGED_CARRIER_V1,CONSTRUCTED_DEMO,E01,east_local_change,SHIFT3,MC,0.0,0.0,0.0,-2,0.0,0.0,-2.0,-2.0,0.15,-1.85,-12.0,-14.0,-1.85,-13.85,-0.15,0.15,1,1,0
DEMO_EXCHANGED_CARRIER_V1,CONSTRUCTED_DEMO,E01,east_local_change,SHIFT3,ME,32.0,0.0,4.096,-2,0.35,0.0,-1.65,2.446,0.6,3.046,-15.84,-13.394,2.246,-13.594,0.2,0.2,1,0,0
DEMO_EXCHANGED_CARRIER_V1,CONSTRUCTED_DEMO,E01,east_local_change,SHIFT3,NW,-32.0,24.0,6.976,2,0.35,0.0,2.35,9.326,0.0,9.326,-7.2,2.126,10.126,2.926,-0.8,0.8,1,0,0
DEMO_EXCHANGED_CARRIER_V1,CONSTRUCTED_DEMO,E01,east_local_change,SHIFT3,NC,0.0,24.0,2.88,2,0.7,0.0,2.7,5.58,0.45,6.03,-11.04,-5.46,6.03,-5.01,-0.45,0.45,1,1,0
DEMO_EXCHANGED_CARRIER_V1,CONSTRUCTED_DEMO,E01,east_local_change,SHIFT3,NE,32.0,24.0,6.976,2,-0.7,0.0,1.3,8.276,-0.45,7.826,-14.88,-6.604,10.126,-4.754,-1.85,1.85,1,0,0
DEMO_EXCHANGED_CARRIER_V1,CONSTRUCTED_DEMO,E02,east_local_change,PLANE,SW,-32.0,-24.0,6.976,1,-0.7,0.0,0.3,7.276,-0.15,7.126,2.0,9.276,6.976,8.976,0.3,0.3,1,0,0
DEMO_EXCHANGED_CARRIER_V1,CONSTRUCTED_DEMO,E02,east_local_change,PLANE,SC,0.0,-24.0,2.88,1,-0.35,0.0,0.65,3.53,0.3,3.83,4.56,8.09,2.88,7.44,0.65,0.65,1,0,0
DEMO_EXCHANGED_CARRIER_V1,CONSTRUCTED_DEMO,E02,east_local_change,PLANE,SE,32.0,-24.0,6.976,1,0.0,0.0,1.0,7.976,-0.6,7.376,7.12,15.096,6.976,14.096,1.0,1.0,1,0,0
DEMO_EXCHANGED_CARRIER_V1,CONSTRUCTED_DEMO,E02,east_local_change,PLANE,MW,-32.0,0.0,4.096,-2,0.0,0.0,-2.0,2.096,0.15,2.246,3.44,5.536,4.096,7.536,-2.0,2.0,1,0,0
DEMO_EXCHANGED_CARRIER_V1,CONSTRUCTED_DEMO,E02,east_local_change,PLANE,MC,0.0,0.0,0.0,-2,0.35,0.0,-1.65,-1.65,0.6,-1.05,6.0,4.35,0.0,6.0,-1.65,1.65,1,0,0
DEMO_EXCHANGED_CARRIER_V1,CONSTRUCTED_DEMO,E02,east_local_change,PLANE,ME,32.0,0.0,4.096,-2,0.7,-14,-15.3,-11.204,-0.3,-11.504,8.56,-2.644,4.096,12.656,-15.3,15.3,0,0,0
DEMO_EXCHANGED_CARRIER_V1,CONSTRUCTED_DEMO,E02,east_local_change,PLANE,NW,-32.0,24.0,6.976,2,0.7,0.0,2.7,9.676,0.45,10.126,4.88,14.556,6.976,11.856,2.7,2.7,1,0,0
DEMO_EXCHANGED_CARRIER_V1,CONSTRUCTED_DEMO,E02,east_local_change,PLANE,NC,0.0,24.0,2.88,2,-0.7,0.0,1.3,4.18,-0.45,3.73,7.44,11.62,2.88,10.32,1.3,1.3,1,0,0
DEMO_EXCHANGED_CARRIER_V1,CONSTRUCTED_DEMO,E02,east_local_change,PLANE,NE,32.0,24.0,6.976,2,-0.35,0.0,1.65,8.626,0.0,8.626,10.0,18.626,6.976,16.976,1.65,1.65,1,0,0
DEMO_EXCHANGED_CARRIER_V1,CONSTRUCTED_DEMO,E02,east_local_change,ALL9,SW,-32.0,-24.0,6.976,1,-0.7,0.0,0.3,7.276,-0.15,7.126,2.0,9.276,7.126,9.126,0.15,0.15,1,1,0
DEMO_EXCHANGED_CARRIER_V1,CONSTRUCTED_DEMO,E02,east_local_change,ALL9,SC,0.0,-24.0,2.88,1,-0.35,0.0,0.65,3.53,0.3,3.83,4.56,8.09,3.83,8.39,-0.3,0.3,1,1,0
DEMO_EXCHANGED_CARRIER_V1,CONSTRUCTED_DEMO,E02,east_local_change,ALL9,SE,32.0,-24.0,6.976,1,0.0,0.0,1.0,7.976,-0.6,7.376,7.12,15.096,7.376,14.496,0.6,0.6,1,1,0
DEMO_EXCHANGED_CARRIER_V1,CONSTRUCTED_DEMO,E02,east_local_change,ALL9,MW,-32.0,0.0,4.096,-2,0.0,0.0,-2.0,2.096,0.15,2.246,3.44,5.536,2.246,5.686,-0.15,0.15,1,1,0
DEMO_EXCHANGED_CARRIER_V1,CONSTRUCTED_DEMO,E02,east_local_change,ALL9,MC,0.0,0.0,0.0,-2,0.35,0.0,-1.65,-1.65,0.6,-1.05,6.0,4.35,-1.05,4.95,-0.6,0.6,1,1,0
DEMO_EXCHANGED_CARRIER_V1,CONSTRUCTED_DEMO,E02,east_local_change,ALL9,ME,32.0,0.0,4.096,-2,0.7,-14,-15.3,-11.204,-0.3,-11.504,8.56,-2.644,-11.504,-2.944,0.3,0.3,1,1,0
DEMO_EXCHANGED_CARRIER_V1,CONSTRUCTED_DEMO,E02,east_local_change,ALL9,NW,-32.0,24.0,6.976,2,0.7,0.0,2.7,9.676,0.45,10.126,4.88,14.556,10.126,15.006,-0.45,0.45,1,1,0
DEMO_EXCHANGED_CARRIER_V1,CONSTRUCTED_DEMO,E02,east_local_change,ALL9,NC,0.0,24.0,2.88,2,-0.7,0.0,1.3,4.18,-0.45,3.73,7.44,11.62,3.73,11.17,0.45,0.45,1,1,0
DEMO_EXCHANGED_CARRIER_V1,CONSTRUCTED_DEMO,E02,east_local_change,ALL9,NE,32.0,24.0,6.976,2,-0.35,0.0,1.65,8.626,0.0,8.626,10.0,18.626,8.626,18.626,0.0,0.0,1,1,0
DEMO_EXCHANGED_CARRIER_V1,CONSTRUCTED_DEMO,E02,east_local_change,ROW3,SW,-32.0,-24.0,6.976,1,-0.7,0.0,0.3,7.276,-0.15,7.126,2.0,9.276,6.976,8.976,0.3,0.3,1,0,0
DEMO_EXCHANGED_CARRIER_V1,CONSTRUCTED_DEMO,E02,east_local_change,ROW3,SC,0.0,-24.0,2.88,1,-0.35,0.0,0.65,3.53,0.3,3.83,4.56,8.09,2.88,7.44,0.65,0.65,1,1,0
DEMO_EXCHANGED_CARRIER_V1,CONSTRUCTED_DEMO,E02,east_local_change,ROW3,SE,32.0,-24.0,6.976,1,0.0,0.0,1.0,7.976,-0.6,7.376,7.12,15.096,6.976,14.096,1.0,1.0,1,0,0
DEMO_EXCHANGED_CARRIER_V1,CONSTRUCTED_DEMO,E02,east_local_change,ROW3,MW,-32.0,0.0,4.096,-2,0.0,0.0,-2.0,2.096,0.15,2.246,3.44,5.536,4.096,7.536,-2.0,2.0,1,0,0
DEMO_EXCHANGED_CARRIER_V1,CONSTRUCTED_DEMO,E02,east_local_change,ROW3,MC,0.0,0.0,0.0,-2,0.35,0.0,-1.65,-1.65,0.6,-1.05,6.0,4.35,0.0,6.0,-1.65,1.65,1,1,0
DEMO_EXCHANGED_CARRIER_V1,CONSTRUCTED_DEMO,E02,east_local_change,ROW3,ME,32.0,0.0,4.096,-2,0.7,-14,-15.3,-11.204,-0.3,-11.504,8.56,-2.644,4.096,12.656,-15.3,15.3,0,0,0
DEMO_EXCHANGED_CARRIER_V1,CONSTRUCTED_DEMO,E02,east_local_change,ROW3,NW,-32.0,24.0,6.976,2,0.7,0.0,2.7,9.676,0.45,10.126,4.88,14.556,6.976,11.856,2.7,2.7,1,0,0
DEMO_EXCHANGED_CARRIER_V1,CONSTRUCTED_DEMO,E02,east_local_change,ROW3,NC,0.0,24.0,2.88,2,-0.7,0.0,1.3,4.18,-0.45,3.73,7.44,11.62,2.88,10.32,1.3,1.3,1,1,0
DEMO_EXCHANGED_CARRIER_V1,CONSTRUCTED_DEMO,E02,east_local_change,ROW3,NE,32.0,24.0,6.976,2,-0.35,0.0,1.65,8.626,0.0,8.626,10.0,18.626,6.976,16.976,1.65,1.65,1,0,0
DEMO_EXCHANGED_CARRIER_V1,CONSTRUCTED_DEMO,E02,east_local_change,SHIFT3,SW,-32.0,-24.0,6.976,1,-0.7,0.0,0.3,7.276,-0.15,7.126,2.0,9.276,7.926,9.926,-0.65,0.65,1,0,0
DEMO_EXCHANGED_CARRIER_V1,CONSTRUCTED_DEMO,E02,east_local_change,SHIFT3,SC,0.0,-24.0,2.88,1,-0.35,0.0,0.65,3.53,0.3,3.83,4.56,8.09,3.83,8.39,-0.3,0.3,1,1,0
DEMO_EXCHANGED_CARRIER_V1,CONSTRUCTED_DEMO,E02,east_local_change,SHIFT3,SE,32.0,-24.0,6.976,1,0.0,0.0,1.0,7.976,-0.6,7.376,7.12,15.096,7.926,15.046,0.05,0.05,1,0,0
DEMO_EXCHANGED_CARRIER_V1,CONSTRUCTED_DEMO,E02,east_local_change,SHIFT3,MW,-32.0,0.0,4.096,-2,0.0,0.0,-2.0,2.096,0.15,2.246,3.44,5.536,3.046,6.486,-0.95,0.95,1,0,0
DEMO_EXCHANGED_CARRIER_V1,CONSTRUCTED_DEMO,E02,east_local_change,SHIFT3,MC,0.0,0.0,0.0,-2,0.35,0.0,-1.65,-1.65,0.6,-1.05,6.0,4.35,-1.05,4.95,-0.6,0.6,1,1,0
DEMO_EXCHANGED_CARRIER_V1,CONSTRUCTED_DEMO,E02,east_local_change,SHIFT3,ME,32.0,0.0,4.096,-2,0.7,-14,-15.3,-11.204,-0.3,-11.504,8.56,-2.644,3.046,11.606,-14.25,14.25,0,0,0
DEMO_EXCHANGED_CARRIER_V1,CONSTRUCTED_DEMO,E02,east_local_change,SHIFT3,NW,-32.0,24.0,6.976,2,0.7,0.0,2.7,9.676,0.45,10.126,4.88,14.556,7.826,12.706,1.85,1.85,1,0,0
DEMO_EXCHANGED_CARRIER_V1,CONSTRUCTED_DEMO,E02,east_local_change,SHIFT3,NC,0.0,24.0,2.88,2,-0.7,0.0,1.3,4.18,-0.45,3.73,7.44,11.62,3.73,11.17,0.45,0.45,1,1,0
DEMO_EXCHANGED_CARRIER_V1,CONSTRUCTED_DEMO,E02,east_local_change,SHIFT3,NE,32.0,24.0,6.976,2,-0.35,0.0,1.65,8.626,0.0,8.626,10.0,18.626,7.826,17.826,0.8,0.8,1,0,0
DEMO_EXCHANGED_CARRIER_V1,CONSTRUCTED_DEMO,E03,east_local_change,PLANE,SW,-32.0,-24.0,6.976,1,-0.35,0.0,0.65,7.626,0.3,7.926,-24.4,-16.774,6.976,-17.424,0.65,0.65,1,0,0
DEMO_EXCHANGED_CARRIER_V1,CONSTRUCTED_DEMO,E03,east_local_change,PLANE,SC,0.0,-24.0,2.88,1,0.0,0.0,1.0,3.88,-0.6,3.28,-19.6,-15.72,2.88,-16.72,1.0,1.0,1,0,0
DEMO_EXCHANGED_CARRIER_V1,CONSTRUCTED_DEMO,E03,east_local_change,PLANE,SE,32.0,-24.0,6.976,1,0.35,0.0,1.35,8.326,-0.15,8.176,-14.8,-6.474,6.976,-7.824,1.35,1.35,1,0,0
DEMO_EXCHANGED_CARRIER_V1,CONSTRUCTED_DEMO,E03,east_local_change,PLANE,MW,-32.0,0.0,4.096,-2,0.35,0.0,-1.65,2.446,0.6,3.046,-26.8,-24.354,4.096,-22.704,-1.65,1.65,1,0,0
DEMO_EXCHANGED_CARRIER_V1,CONSTRUCTED_DEMO,E03,east_local_change,PLANE,MC,0.0,0.0,0.0,-2,0.7,0.0,-1.3,-1.3,-0.3,-1.6,-22.0,-23.3,0.0,-22.0,-1.3,1.3,1,0,0
DEMO_EXCHANGED_CARRIER_V1,CONSTRUCTED_DEMO,E03,east_local_change,PLANE,ME,32.0,0.0,4.096,-2,-0.7,0.0,-2.7,1.396,0.15,1.546,-17.2,-15.804,4.096,-13.104,-2.7,2.7,1,0,0
DEMO_EXCHANGED_CARRIER_V1,CONSTRUCTED_DEMO,E03,east_local_change,PLANE,NW,-32.0,24.0,6.976,2,-0.7,0.0,1.3,8.276,-0.45,7.826,-29.2,-20.924,6.976,-22.224,1.3,1.3,1,0,0
DEMO_EXCHANGED_CARRIER_V1,CONSTRUCTED_DEMO,E03,east_local_change,PLANE,NC,0.0,24.0,2.88,2,-0.35,0.0,1.65,4.53,0.0,4.53,-24.4,-19.87,2.88,-21.52,1.65,1.65,1,0,0
DEMO_EXCHANGED_CARRIER_V1,CONSTRUCTED_DEMO,E03,east_local_change,PLANE,NE,32.0,24.0,6.976,2,0.0,16,18.0,24.976,0.45,25.426,-19.6,5.376,6.976,-12.624,18.0,18.0,0,0,0
DEMO_EXCHANGED_CARRIER_V1,CONSTRUCTED_DEMO,E03,east_local_change,ALL9,SW,-32.0,-24.0,6.976,1,-0.35,0.0,0.65,7.626,0.3,7.926,-24.4,-16.774,7.926,-16.474,-0.3,0.3,1,1,0
DEMO_EXCHANGED_CARRIER_V1,CONSTRUCTED_DEMO,E03,east_local_change,ALL9,SC,0.0,-24.0,2.88,1,0.0,0.0,1.0,3.88,-0.6,3.28,-19.6,-15.72,3.28,-16.32,0.6,0.6,1,1,0
DEMO_EXCHANGED_CARRIER_V1,CONSTRUCTED_DEMO,E03,east_local_change,ALL9,SE,32.0,-24.0,6.976,1,0.35,0.0,1.35,8.326,-0.15,8.176,-14.8,-6.474,8.176,-6.624,0.15,0.15,1,1,0
DEMO_EXCHANGED_CARRIER_V1,CONSTRUCTED_DEMO,E03,east_local_change,ALL9,MW,-32.0,0.0,4.096,-2,0.35,0.0,-1.65,2.446,0.6,3.046,-26.8,-24.354,3.046,-23.754,-0.6,0.6,1,1,0
DEMO_EXCHANGED_CARRIER_V1,CONSTRUCTED_DEMO,E03,east_local_change,ALL9,MC,0.0,0.0,0.0,-2,0.7,0.0,-1.3,-1.3,-0.3,-1.6,-22.0,-23.3,-1.6,-23.6,0.3,0.3,1,1,0
DEMO_EXCHANGED_CARRIER_V1,CONSTRUCTED_DEMO,E03,east_local_change,ALL9,ME,32.0,0.0,4.096,-2,-0.7,0.0,-2.7,1.396,0.15,1.546,-17.2,-15.804,1.546,-15.654,-0.15,0.15,1,1,0
DEMO_EXCHANGED_CARRIER_V1,CONSTRUCTED_DEMO,E03,east_local_change,ALL9,NW,-32.0,24.0,6.976,2,-0.7,0.0,1.3,8.276,-0.45,7.826,-29.2,-20.924,7.826,-21.374,0.45,0.45,1,1,0
DEMO_EXCHANGED_CARRIER_V1,CONSTRUCTED_DEMO,E03,east_local_change,ALL9,NC,0.0,24.0,2.88,2,-0.35,0.0,1.65,4.53,0.0,4.53,-24.4,-19.87,4.53,-19.87,0.0,0.0,1,1,0
DEMO_EXCHANGED_CARRIER_V1,CONSTRUCTED_DEMO,E03,east_local_change,ALL9,NE,32.0,24.0,6.976,2,0.0,16,18.0,24.976,0.45,25.426,-19.6,5.376,25.426,5.826,-0.45,0.45,1,1,0
DEMO_EXCHANGED_CARRIER_V1,CONSTRUCTED_DEMO,E03,east_local_change,ROW3,SW,-32.0,-24.0,6.976,1,-0.35,0.0,0.65,7.626,0.3,7.926,-24.4,-16.774,6.976,-17.424,0.65,0.65,1,0,0
DEMO_EXCHANGED_CARRIER_V1,CONSTRUCTED_DEMO,E03,east_local_change,ROW3,SC,0.0,-24.0,2.88,1,0.0,0.0,1.0,3.88,-0.6,3.28,-19.6,-15.72,2.88,-16.72,1.0,1.0,1,1,0
DEMO_EXCHANGED_CARRIER_V1,CONSTRUCTED_DEMO,E03,east_local_change,ROW3,SE,32.0,-24.0,6.976,1,0.35,0.0,1.35,8.326,-0.15,8.176,-14.8,-6.474,6.976,-7.824,1.35,1.35,1,0,0
DEMO_EXCHANGED_CARRIER_V1,CONSTRUCTED_DEMO,E03,east_local_change,ROW3,MW,-32.0,0.0,4.096,-2,0.35,0.0,-1.65,2.446,0.6,3.046,-26.8,-24.354,4.096,-22.704,-1.65,1.65,1,0,0
DEMO_EXCHANGED_CARRIER_V1,CONSTRUCTED_DEMO,E03,east_local_change,ROW3,MC,0.0,0.0,0.0,-2,0.7,0.0,-1.3,-1.3,-0.3,-1.6,-22.0,-23.3,0.0,-22.0,-1.3,1.3,1,1,0
DEMO_EXCHANGED_CARRIER_V1,CONSTRUCTED_DEMO,E03,east_local_change,ROW3,ME,32.0,0.0,4.096,-2,-0.7,0.0,-2.7,1.396,0.15,1.546,-17.2,-15.804,4.096,-13.104,-2.7,2.7,1,0,0
DEMO_EXCHANGED_CARRIER_V1,CONSTRUCTED_DEMO,E03,east_local_change,ROW3,NW,-32.0,24.0,6.976,2,-0.7,0.0,1.3,8.276,-0.45,7.826,-29.2,-20.924,6.976,-22.224,1.3,1.3,1,0,0
DEMO_EXCHANGED_CARRIER_V1,CONSTRUCTED_DEMO,E03,east_local_change,ROW3,NC,0.0,24.0,2.88,2,-0.35,0.0,1.65,4.53,0.0,4.53,-24.4,-19.87,2.88,-21.52,1.65,1.65,1,1,0
DEMO_EXCHANGED_CARRIER_V1,CONSTRUCTED_DEMO,E03,east_local_change,ROW3,NE,32.0,24.0,6.976,2,0.0,16,18.0,24.976,0.45,25.426,-19.6,5.376,6.976,-12.624,18.0,18.0,0,0,0
DEMO_EXCHANGED_CARRIER_V1,CONSTRUCTED_DEMO,E03,east_local_change,SHIFT3,SW,-32.0,-24.0,6.976,1,-0.35,0.0,0.65,7.626,0.3,7.926,-24.4,-16.774,7.376,-17.024,0.25,0.25,1,0,0
DEMO_EXCHANGED_CARRIER_V1,CONSTRUCTED_DEMO,E03,east_local_change,SHIFT3,SC,0.0,-24.0,2.88,1,0.0,0.0,1.0,3.88,-0.6,3.28,-19.6,-15.72,3.28,-16.32,0.6,0.6,1,1,0
DEMO_EXCHANGED_CARRIER_V1,CONSTRUCTED_DEMO,E03,east_local_change,SHIFT3,SE,32.0,-24.0,6.976,1,0.35,0.0,1.35,8.326,-0.15,8.176,-14.8,-6.474,7.376,-7.424,0.95,0.95,1,0,0
DEMO_EXCHANGED_CARRIER_V1,CONSTRUCTED_DEMO,E03,east_local_change,SHIFT3,MW,-32.0,0.0,4.096,-2,0.35,0.0,-1.65,2.446,0.6,3.046,-26.8,-24.354,2.496,-24.304,-0.05,0.05,1,0,0
DEMO_EXCHANGED_CARRIER_V1,CONSTRUCTED_DEMO,E03,east_local_change,SHIFT3,MC,0.0,0.0,0.0,-2,0.7,0.0,-1.3,-1.3,-0.3,-1.6,-22.0,-23.3,-1.6,-23.6,0.3,0.3,1,1,0
DEMO_EXCHANGED_CARRIER_V1,CONSTRUCTED_DEMO,E03,east_local_change,SHIFT3,ME,32.0,0.0,4.096,-2,-0.7,0.0,-2.7,1.396,0.15,1.546,-17.2,-15.804,2.496,-14.704,-1.1,1.1,1,0,0
DEMO_EXCHANGED_CARRIER_V1,CONSTRUCTED_DEMO,E03,east_local_change,SHIFT3,NW,-32.0,24.0,6.976,2,-0.7,0.0,1.3,8.276,-0.45,7.826,-29.2,-20.924,8.626,-20.574,-0.35,0.35,1,0,0
DEMO_EXCHANGED_CARRIER_V1,CONSTRUCTED_DEMO,E03,east_local_change,SHIFT3,NC,0.0,24.0,2.88,2,-0.35,0.0,1.65,4.53,0.0,4.53,-24.4,-19.87,4.53,-19.87,0.0,0.0,1,1,0
DEMO_EXCHANGED_CARRIER_V1,CONSTRUCTED_DEMO,E03,east_local_change,SHIFT3,NE,32.0,24.0,6.976,2,0.0,16,18.0,24.976,0.45,25.426,-19.6,5.376,8.626,-10.974,16.35,16.35,0,0,0
DEMO_EXCHANGED_CARRIER_V1,CONSTRUCTED_DEMO,E04,east_local_change,PLANE,SW,-32.0,-24.0,6.976,1,0.0,0.0,1.0,7.976,-0.6,7.376,16.92,24.896,6.976,23.896,1.0,1.0,1,0,0
DEMO_EXCHANGED_CARRIER_V1,CONSTRUCTED_DEMO,E04,east_local_change,PLANE,SC,0.0,-24.0,2.88,1,0.35,0.0,1.35,4.23,-0.15,4.08,14.04,18.27,2.88,16.92,1.35,1.35,1,0,0
DEMO_EXCHANGED_CARRIER_V1,CONSTRUCTED_DEMO,E04,east_local_change,PLANE,SE,32.0,-24.0,6.976,1,0.7,-18,-16.3,-9.324,0.3,-9.024,11.16,1.836,6.976,18.136,-16.3,16.3,0,0,0
DEMO_EXCHANGED_CARRIER_V1,CONSTRUCTED_DEMO,E04,east_local_change,PLANE,MW,-32.0,0.0,4.096,-2,0.7,0.0,-1.3,2.796,-0.3,2.496,17.88,20.676,4.096,21.976,-1.3,1.3,1,0,0
DEMO_EXCHANGED_CARRIER_V1,CONSTRUCTED_DEMO,E04,east_local_change,PLANE,MC,0.0,0.0,0.0,-2,-0.7,0.0,-2.7,-2.7,0.15,-2.55,15.0,12.3,0.0,15.0,-2.7,2.7,1,0,0
DEMO_EXCHANGED_CARRIER_V1,CONSTRUCTED_DEMO,E04,east_local_change,PLANE,ME,32.0,0.0,4.096,-2,-0.35,0.0,-2.35,1.746,0.6,2.346,12.12,13.866,4.096,16.216,-2.35,2.35,1,0,0
DEMO_EXCHANGED_CARRIER_V1,CONSTRUCTED_DEMO,E04,east_local_change,PLANE,NW,-32.0,24.0,6.976,2,-0.35,0.0,1.65,8.626,0.0,8.626,18.84,27.466,6.976,25.816,1.65,1.65,1,0,0
DEMO_EXCHANGED_CARRIER_V1,CONSTRUCTED_DEMO,E04,east_local_change,PLANE,NC,0.0,24.0,2.88,2,0.0,0.0,2.0,4.88,0.45,5.33,15.96,20.84,2.88,18.84,2.0,2.0,1,0,0
DEMO_EXCHANGED_CARRIER_V1,CONSTRUCTED_DEMO,E04,east_local_change,PLANE,NE,32.0,24.0,6.976,2,0.35,0.0,2.35,9.326,-0.45,8.876,13.08,22.406,6.976,20.056,2.35,2.35,1,0,0
DEMO_EXCHANGED_CARRIER_V1,CONSTRUCTED_DEMO,E04,east_local_change,ALL9,SW,-32.0,-24.0,6.976,1,0.0,0.0,1.0,7.976,-0.6,7.376,16.92,24.896,7.376,24.296,0.6,0.6,1,1,0
DEMO_EXCHANGED_CARRIER_V1,CONSTRUCTED_DEMO,E04,east_local_change,ALL9,SC,0.0,-24.0,2.88,1,0.35,0.0,1.35,4.23,-0.15,4.08,14.04,18.27,4.08,18.12,0.15,0.15,1,1,0
DEMO_EXCHANGED_CARRIER_V1,CONSTRUCTED_DEMO,E04,east_local_change,ALL9,SE,32.0,-24.0,6.976,1,0.7,-18,-16.3,-9.324,0.3,-9.024,11.16,1.836,-9.024,2.136,-0.3,0.3,1,1,0
DEMO_EXCHANGED_CARRIER_V1,CONSTRUCTED_DEMO,E04,east_local_change,ALL9,MW,-32.0,0.0,4.096,-2,0.7,0.0,-1.3,2.796,-0.3,2.496,17.88,20.676,2.496,20.376,0.3,0.3,1,1,0
DEMO_EXCHANGED_CARRIER_V1,CONSTRUCTED_DEMO,E04,east_local_change,ALL9,MC,0.0,0.0,0.0,-2,-0.7,0.0,-2.7,-2.7,0.15,-2.55,15.0,12.3,-2.55,12.45,-0.15,0.15,1,1,0
DEMO_EXCHANGED_CARRIER_V1,CONSTRUCTED_DEMO,E04,east_local_change,ALL9,ME,32.0,0.0,4.096,-2,-0.35,0.0,-2.35,1.746,0.6,2.346,12.12,13.866,2.346,14.466,-0.6,0.6,1,1,0
DEMO_EXCHANGED_CARRIER_V1,CONSTRUCTED_DEMO,E04,east_local_change,ALL9,NW,-32.0,24.0,6.976,2,-0.35,0.0,1.65,8.626,0.0,8.626,18.84,27.466,8.626,27.466,0.0,0.0,1,1,0
DEMO_EXCHANGED_CARRIER_V1,CONSTRUCTED_DEMO,E04,east_local_change,ALL9,NC,0.0,24.0,2.88,2,0.0,0.0,2.0,4.88,0.45,5.33,15.96,20.84,5.33,21.29,-0.45,0.45,1,1,0
DEMO_EXCHANGED_CARRIER_V1,CONSTRUCTED_DEMO,E04,east_local_change,ALL9,NE,32.0,24.0,6.976,2,0.35,0.0,2.35,9.326,-0.45,8.876,13.08,22.406,8.876,21.956,0.45,0.45,1,1,0
DEMO_EXCHANGED_CARRIER_V1,CONSTRUCTED_DEMO,E04,east_local_change,ROW3,SW,-32.0,-24.0,6.976,1,0.0,0.0,1.0,7.976,-0.6,7.376,16.92,24.896,6.976,23.896,1.0,1.0,1,0,0
DEMO_EXCHANGED_CARRIER_V1,CONSTRUCTED_DEMO,E04,east_local_change,ROW3,SC,0.0,-24.0,2.88,1,0.35,0.0,1.35,4.23,-0.15,4.08,14.04,18.27,2.88,16.92,1.35,1.35,1,1,0
DEMO_EXCHANGED_CARRIER_V1,CONSTRUCTED_DEMO,E04,east_local_change,ROW3,SE,32.0,-24.0,6.976,1,0.7,-18,-16.3,-9.324,0.3,-9.024,11.16,1.836,6.976,18.136,-16.3,16.3,0,0,0
DEMO_EXCHANGED_CARRIER_V1,CONSTRUCTED_DEMO,E04,east_local_change,ROW3,MW,-32.0,0.0,4.096,-2,0.7,0.0,-1.3,2.796,-0.3,2.496,17.88,20.676,4.096,21.976,-1.3,1.3,1,0,0
DEMO_EXCHANGED_CARRIER_V1,CONSTRUCTED_DEMO,E04,east_local_change,ROW3,MC,0.0,0.0,0.0,-2,-0.7,0.0,-2.7,-2.7,0.15,-2.55,15.0,12.3,0.0,15.0,-2.7,2.7,1,1,0
DEMO_EXCHANGED_CARRIER_V1,CONSTRUCTED_DEMO,E04,east_local_change,ROW3,ME,32.0,0.0,4.096,-2,-0.35,0.0,-2.35,1.746,0.6,2.346,12.12,13.866,4.096,16.216,-2.35,2.35,1,0,0
DEMO_EXCHANGED_CARRIER_V1,CONSTRUCTED_DEMO,E04,east_local_change,ROW3,NW,-32.0,24.0,6.976,2,-0.35,0.0,1.65,8.626,0.0,8.626,18.84,27.466,6.976,25.816,1.65,1.65,1,0,0
DEMO_EXCHANGED_CARRIER_V1,CONSTRUCTED_DEMO,E04,east_local_change,ROW3,NC,0.0,24.0,2.88,2,0.0,0.0,2.0,4.88,0.45,5.33,15.96,20.84,2.88,18.84,2.0,2.0,1,1,0
DEMO_EXCHANGED_CARRIER_V1,CONSTRUCTED_DEMO,E04,east_local_change,ROW3,NE,32.0,24.0,6.976,2,0.35,0.0,2.35,9.326,-0.45,8.876,13.08,22.406,6.976,20.056,2.35,2.35,1,0,0
DEMO_EXCHANGED_CARRIER_V1,CONSTRUCTED_DEMO,E04,east_local_change,SHIFT3,SW,-32.0,-24.0,6.976,1,0.0,0.0,1.0,7.976,-0.6,7.376,16.92,24.896,8.176,25.096,-0.2,0.2,1,0,0
DEMO_EXCHANGED_CARRIER_V1,CONSTRUCTED_DEMO,E04,east_local_change,SHIFT3,SC,0.0,-24.0,2.88,1,0.35,0.0,1.35,4.23,-0.15,4.08,14.04,18.27,4.08,18.12,0.15,0.15,1,1,0
DEMO_EXCHANGED_CARRIER_V1,CONSTRUCTED_DEMO,E04,east_local_change,SHIFT3,SE,32.0,-24.0,6.976,1,0.7,-18,-16.3,-9.324,0.3,-9.024,11.16,1.836,8.176,19.336,-17.5,17.5,0,0,0
DEMO_EXCHANGED_CARRIER_V1,CONSTRUCTED_DEMO,E04,east_local_change,SHIFT3,MW,-32.0,0.0,4.096,-2,0.7,0.0,-1.3,2.796,-0.3,2.496,17.88,20.676,1.546,19.426,1.25,1.25,1,0,0
DEMO_EXCHANGED_CARRIER_V1,CONSTRUCTED_DEMO,E04,east_local_change,SHIFT3,MC,0.0,0.0,0.0,-2,-0.7,0.0,-2.7,-2.7,0.15,-2.55,15.0,12.3,-2.55,12.45,-0.15,0.15,1,1,0
DEMO_EXCHANGED_CARRIER_V1,CONSTRUCTED_DEMO,E04,east_local_change,SHIFT3,ME,32.0,0.0,4.096,-2,-0.35,0.0,-2.35,1.746,0.6,2.346,12.12,13.866,1.546,13.666,0.2,0.2,1,0,0
DEMO_EXCHANGED_CARRIER_V1,CONSTRUCTED_DEMO,E04,east_local_change,SHIFT3,NW,-32.0,24.0,6.976,2,-0.35,0.0,1.65,8.626,0.0,8.626,18.84,27.466,9.426,28.266,-0.8,0.8,1,0,0
DEMO_EXCHANGED_CARRIER_V1,CONSTRUCTED_DEMO,E04,east_local_change,SHIFT3,NC,0.0,24.0,2.88,2,0.0,0.0,2.0,4.88,0.45,5.33,15.96,20.84,5.33,21.29,-0.45,0.45,1,1,0
DEMO_EXCHANGED_CARRIER_V1,CONSTRUCTED_DEMO,E04,east_local_change,SHIFT3,NE,32.0,24.0,6.976,2,0.35,0.0,2.35,9.326,-0.45,8.876,13.08,22.406,9.426,22.506,-0.1,0.1,1,0,0
DEMO_EXCHANGED_CARRIER_V1,CONSTRUCTED_DEMO,E05,east_local_change,PLANE,SW,-32.0,-24.0,6.976,1,0.35,0.0,1.35,8.326,-0.15,8.176,30.4,38.726,6.976,37.376,1.35,1.35,1,0,0
DEMO_EXCHANGED_CARRIER_V1,CONSTRUCTED_DEMO,E05,east_local_change,PLANE,SC,0.0,-24.0,2.88,1,0.7,0.0,1.7,4.58,0.3,4.88,26.56,31.14,2.88,29.44,1.7,1.7,1,0,0
DEMO_EXCHANGED_CARRIER_V1,CONSTRUCTED_DEMO,E05,east_local_change,PLANE,SE,32.0,-24.0,6.976,1,-0.7,0.0,0.3,7.276,-0.6,6.676,22.72,29.996,6.976,29.696,0.3,0.3,1,0,0
DEMO_EXCHANGED_CARRIER_V1,CONSTRUCTED_DEMO,E05,east_local_change,PLANE,MW,-32.0,0.0,4.096,-2,-0.7,0.0,-2.7,1.396,0.15,1.546,31.84,33.236,4.096,35.936,-2.7,2.7,1,0,0
DEMO_EXCHANGED_CARRIER_V1,CONSTRUCTED_DEMO,E05,east_local_change,PLANE,MC,0.0,0.0,0.0,-2,-0.35,0.0,-2.35,-2.35,0.6,-1.75,28.0,25.65,0.0,28.0,-2.35,2.35,1,0,0
DEMO_EXCHANGED_CARRIER_V1,CONSTRUCTED_DEMO,E05,east_local_change,PLANE,ME,32.0,0.0,4.096,-2,0.0,20,18.0,22.096,-0.3,21.796,24.16,46.256,4.096,28.256,18.0,18.0,0,0,0
DEMO_EXCHANGED_CARRIER_V1,CONSTRUCTED_DEMO,E05,east_local_change,PLANE,NW,-32.0,24.0,6.976,2,0.0,0.0,2.0,8.976,0.45,9.426,33.28,42.256,6.976,40.256,2.0,2.0,1,0,0
DEMO_EXCHANGED_CARRIER_V1,CONSTRUCTED_DEMO,E05,east_local_change,PLANE,NC,0.0,24.0,2.88,2,0.35,0.0,2.35,5.23,-0.45,4.78,29.44,34.67,2.88,32.32,2.35,2.35,1,0,0
DEMO_EXCHANGED_CARRIER_V1,CONSTRUCTED_DEMO,E05,east_local_change,PLANE,NE,32.0,24.0,6.976,2,0.7,0.0,2.7,9.676,0.0,9.676,25.6,35.276,6.976,32.576,2.7,2.7,1,0,0
DEMO_EXCHANGED_CARRIER_V1,CONSTRUCTED_DEMO,E05,east_local_change,ALL9,SW,-32.0,-24.0,6.976,1,0.35,0.0,1.35,8.326,-0.15,8.176,30.4,38.726,8.176,38.576,0.15,0.15,1,1,0
DEMO_EXCHANGED_CARRIER_V1,CONSTRUCTED_DEMO,E05,east_local_change,ALL9,SC,0.0,-24.0,2.88,1,0.7,0.0,1.7,4.58,0.3,4.88,26.56,31.14,4.88,31.44,-0.3,0.3,1,1,0
DEMO_EXCHANGED_CARRIER_V1,CONSTRUCTED_DEMO,E05,east_local_change,ALL9,SE,32.0,-24.0,6.976,1,-0.7,0.0,0.3,7.276,-0.6,6.676,22.72,29.996,6.676,29.396,0.6,0.6,1,1,0
DEMO_EXCHANGED_CARRIER_V1,CONSTRUCTED_DEMO,E05,east_local_change,ALL9,MW,-32.0,0.0,4.096,-2,-0.7,0.0,-2.7,1.396,0.15,1.546,31.84,33.236,1.546,33.386,-0.15,0.15,1,1,0
DEMO_EXCHANGED_CARRIER_V1,CONSTRUCTED_DEMO,E05,east_local_change,ALL9,MC,0.0,0.0,0.0,-2,-0.35,0.0,-2.35,-2.35,0.6,-1.75,28.0,25.65,-1.75,26.25,-0.6,0.6,1,1,0
DEMO_EXCHANGED_CARRIER_V1,CONSTRUCTED_DEMO,E05,east_local_change,ALL9,ME,32.0,0.0,4.096,-2,0.0,20,18.0,22.096,-0.3,21.796,24.16,46.256,21.796,45.956,0.3,0.3,1,1,0
DEMO_EXCHANGED_CARRIER_V1,CONSTRUCTED_DEMO,E05,east_local_change,ALL9,NW,-32.0,24.0,6.976,2,0.0,0.0,2.0,8.976,0.45,9.426,33.28,42.256,9.426,42.706,-0.45,0.45,1,1,0
DEMO_EXCHANGED_CARRIER_V1,CONSTRUCTED_DEMO,E05,east_local_change,ALL9,NC,0.0,24.0,2.88,2,0.35,0.0,2.35,5.23,-0.45,4.78,29.44,34.67,4.78,34.22,0.45,0.45,1,1,0
DEMO_EXCHANGED_CARRIER_V1,CONSTRUCTED_DEMO,E05,east_local_change,ALL9,NE,32.0,24.0,6.976,2,0.7,0.0,2.7,9.676,0.0,9.676,25.6,35.276,9.676,35.276,0.0,0.0,1,1,0
DEMO_EXCHANGED_CARRIER_V1,CONSTRUCTED_DEMO,E05,east_local_change,ROW3,SW,-32.0,-24.0,6.976,1,0.35,0.0,1.35,8.326,-0.15,8.176,30.4,38.726,6.976,37.376,1.35,1.35,1,0,0
DEMO_EXCHANGED_CARRIER_V1,CONSTRUCTED_DEMO,E05,east_local_change,ROW3,SC,0.0,-24.0,2.88,1,0.7,0.0,1.7,4.58,0.3,4.88,26.56,31.14,2.88,29.44,1.7,1.7,1,1,0
DEMO_EXCHANGED_CARRIER_V1,CONSTRUCTED_DEMO,E05,east_local_change,ROW3,SE,32.0,-24.0,6.976,1,-0.7,0.0,0.3,7.276,-0.6,6.676,22.72,29.996,6.976,29.696,0.3,0.3,1,0,0
DEMO_EXCHANGED_CARRIER_V1,CONSTRUCTED_DEMO,E05,east_local_change,ROW3,MW,-32.0,0.0,4.096,-2,-0.7,0.0,-2.7,1.396,0.15,1.546,31.84,33.236,4.096,35.936,-2.7,2.7,1,0,0
DEMO_EXCHANGED_CARRIER_V1,CONSTRUCTED_DEMO,E05,east_local_change,ROW3,MC,0.0,0.0,0.0,-2,-0.35,0.0,-2.35,-2.35,0.6,-1.75,28.0,25.65,0.0,28.0,-2.35,2.35,1,1,0
DEMO_EXCHANGED_CARRIER_V1,CONSTRUCTED_DEMO,E05,east_local_change,ROW3,ME,32.0,0.0,4.096,-2,0.0,20,18.0,22.096,-0.3,21.796,24.16,46.256,4.096,28.256,18.0,18.0,0,0,0
DEMO_EXCHANGED_CARRIER_V1,CONSTRUCTED_DEMO,E05,east_local_change,ROW3,NW,-32.0,24.0,6.976,2,0.0,0.0,2.0,8.976,0.45,9.426,33.28,42.256,6.976,40.256,2.0,2.0,1,0,0
DEMO_EXCHANGED_CARRIER_V1,CONSTRUCTED_DEMO,E05,east_local_change,ROW3,NC,0.0,24.0,2.88,2,0.35,0.0,2.35,5.23,-0.45,4.78,29.44,34.67,2.88,32.32,2.35,2.35,1,1,0
DEMO_EXCHANGED_CARRIER_V1,CONSTRUCTED_DEMO,E05,east_local_change,ROW3,NE,32.0,24.0,6.976,2,0.7,0.0,2.7,9.676,0.0,9.676,25.6,35.276,6.976,32.576,2.7,2.7,1,0,0
DEMO_EXCHANGED_CARRIER_V1,CONSTRUCTED_DEMO,E05,east_local_change,SHIFT3,SW,-32.0,-24.0,6.976,1,0.35,0.0,1.35,8.326,-0.15,8.176,30.4,38.726,8.976,39.376,-0.65,0.65,1,0,0
DEMO_EXCHANGED_CARRIER_V1,CONSTRUCTED_DEMO,E05,east_local_change,SHIFT3,SC,0.0,-24.0,2.88,1,0.7,0.0,1.7,4.58,0.3,4.88,26.56,31.14,4.88,31.44,-0.3,0.3,1,1,0
DEMO_EXCHANGED_CARRIER_V1,CONSTRUCTED_DEMO,E05,east_local_change,SHIFT3,SE,32.0,-24.0,6.976,1,-0.7,0.0,0.3,7.276,-0.6,6.676,22.72,29.996,8.976,31.696,-1.7,1.7,1,0,0
DEMO_EXCHANGED_CARRIER_V1,CONSTRUCTED_DEMO,E05,east_local_change,SHIFT3,MW,-32.0,0.0,4.096,-2,-0.7,0.0,-2.7,1.396,0.15,1.546,31.84,33.236,2.346,34.186,-0.95,0.95,1,0,0
DEMO_EXCHANGED_CARRIER_V1,CONSTRUCTED_DEMO,E05,east_local_change,SHIFT3,MC,0.0,0.0,0.0,-2,-0.35,0.0,-2.35,-2.35,0.6,-1.75,28.0,25.65,-1.75,26.25,-0.6,0.6,1,1,0
DEMO_EXCHANGED_CARRIER_V1,CONSTRUCTED_DEMO,E05,east_local_change,SHIFT3,ME,32.0,0.0,4.096,-2,0.0,20,18.0,22.096,-0.3,21.796,24.16,46.256,2.346,26.506,19.75,19.75,0,0,0
DEMO_EXCHANGED_CARRIER_V1,CONSTRUCTED_DEMO,E05,east_local_change,SHIFT3,NW,-32.0,24.0,6.976,2,0.0,0.0,2.0,8.976,0.45,9.426,33.28,42.256,8.876,42.156,0.1,0.1,1,0,0
DEMO_EXCHANGED_CARRIER_V1,CONSTRUCTED_DEMO,E05,east_local_change,SHIFT3,NC,0.0,24.0,2.88,2,0.35,0.0,2.35,5.23,-0.45,4.78,29.44,34.67,4.78,34.22,0.45,0.45,1,1,0
DEMO_EXCHANGED_CARRIER_V1,CONSTRUCTED_DEMO,E05,east_local_change,SHIFT3,NE,32.0,24.0,6.976,2,0.7,0.0,2.7,9.676,0.0,9.676,25.6,35.276,8.876,34.476,0.8,0.8,1,0,0
DEMO_EXCHANGED_CARRIER_V1,CONSTRUCTED_DEMO,E06,east_local_change,PLANE,SW,-32.0,-24.0,6.976,1,0.7,0.0,1.7,8.676,0.3,8.976,-12.16,-3.484,6.976,-5.184,1.7,1.7,1,0,0
DEMO_EXCHANGED_CARRIER_V1,CONSTRUCTED_DEMO,E06,east_local_change,PLANE,SC,0.0,-24.0,2.88,1,-0.7,0.0,0.3,3.18,-0.6,2.58,-9.6,-6.42,2.88,-6.72,0.3,0.3,1,0,0
DEMO_EXCHANGED_CARRIER_V1,CONSTRUCTED_DEMO,E06,east_local_change,PLANE,SE,32.0,-24.0,6.976,1,-0.35,0.0,0.65,7.626,-0.15,7.476,-7.04,0.586,6.976,-0.064,0.65,0.65,1,0,0
DEMO_EXCHANGED_CARRIER_V1,CONSTRUCTED_DEMO,E06,east_local_change,PLANE,MW,-32.0,0.0,4.096,-2,-0.35,0.0,-2.35,1.746,0.6,2.346,-14.56,-12.814,4.096,-10.464,-2.35,2.35,1,0,0
DEMO_EXCHANGED_CARRIER_V1,CONSTRUCTED_DEMO,E06,east_local_change,PLANE,MC,0.0,0.0,0.0,-2,0.0,0.0,-2.0,-2.0,-0.3,-2.3,-12.0,-14.0,0.0,-12.0,-2.0,2.0,1,0,0
DEMO_EXCHANGED_CARRIER_V1,CONSTRUCTED_DEMO,E06,east_local_change,PLANE,ME,32.0,0.0,4.096,-2,0.35,0.0,-1.65,2.446,0.15,2.596,-9.44,-6.994,4.096,-5.344,-1.65,1.65,1,0,0
DEMO_EXCHANGED_CARRIER_V1,CONSTRUCTED_DEMO,E06,east_local_change,PLANE,NW,-32.0,24.0,6.976,2,0.35,0.0,2.35,9.326,-0.45,8.876,-16.96,-7.634,6.976,-9.984,2.35,2.35,1,0,0
DEMO_EXCHANGED_CARRIER_V1,CONSTRUCTED_DEMO,E06,east_local_change,PLANE,NC,0.0,24.0,2.88,2,0.7,0.0,2.7,5.58,0.0,5.58,-14.4,-8.82,2.88,-11.52,2.7,2.7,1,0,0
DEMO_EXCHANGED_CARRIER_V1,CONSTRUCTED_DEMO,E06,east_local_change,PLANE,NE,32.0,24.0,6.976,2,-0.7,-22,-20.7,-13.724,0.45,-13.274,-11.84,-25.564,6.976,-4.864,-20.7,20.7,0,0,0
DEMO_EXCHANGED_CARRIER_V1,CONSTRUCTED_DEMO,E06,east_local_change,ALL9,SW,-32.0,-24.0,6.976,1,0.7,0.0,1.7,8.676,0.3,8.976,-12.16,-3.484,8.976,-3.184,-0.3,0.3,1,1,0
DEMO_EXCHANGED_CARRIER_V1,CONSTRUCTED_DEMO,E06,east_local_change,ALL9,SC,0.0,-24.0,2.88,1,-0.7,0.0,0.3,3.18,-0.6,2.58,-9.6,-6.42,2.58,-7.02,0.6,0.6,1,1,0
DEMO_EXCHANGED_CARRIER_V1,CONSTRUCTED_DEMO,E06,east_local_change,ALL9,SE,32.0,-24.0,6.976,1,-0.35,0.0,0.65,7.626,-0.15,7.476,-7.04,0.586,7.476,0.436,0.15,0.15,1,1,0
DEMO_EXCHANGED_CARRIER_V1,CONSTRUCTED_DEMO,E06,east_local_change,ALL9,MW,-32.0,0.0,4.096,-2,-0.35,0.0,-2.35,1.746,0.6,2.346,-14.56,-12.814,2.346,-12.214,-0.6,0.6,1,1,0
DEMO_EXCHANGED_CARRIER_V1,CONSTRUCTED_DEMO,E06,east_local_change,ALL9,MC,0.0,0.0,0.0,-2,0.0,0.0,-2.0,-2.0,-0.3,-2.3,-12.0,-14.0,-2.3,-14.3,0.3,0.3,1,1,0
DEMO_EXCHANGED_CARRIER_V1,CONSTRUCTED_DEMO,E06,east_local_change,ALL9,ME,32.0,0.0,4.096,-2,0.35,0.0,-1.65,2.446,0.15,2.596,-9.44,-6.994,2.596,-6.844,-0.15,0.15,1,1,0
DEMO_EXCHANGED_CARRIER_V1,CONSTRUCTED_DEMO,E06,east_local_change,ALL9,NW,-32.0,24.0,6.976,2,0.35,0.0,2.35,9.326,-0.45,8.876,-16.96,-7.634,8.876,-8.084,0.45,0.45,1,1,0
DEMO_EXCHANGED_CARRIER_V1,CONSTRUCTED_DEMO,E06,east_local_change,ALL9,NC,0.0,24.0,2.88,2,0.7,0.0,2.7,5.58,0.0,5.58,-14.4,-8.82,5.58,-8.82,0.0,0.0,1,1,0
DEMO_EXCHANGED_CARRIER_V1,CONSTRUCTED_DEMO,E06,east_local_change,ALL9,NE,32.0,24.0,6.976,2,-0.7,-22,-20.7,-13.724,0.45,-13.274,-11.84,-25.564,-13.274,-25.114,-0.45,0.45,1,1,0
DEMO_EXCHANGED_CARRIER_V1,CONSTRUCTED_DEMO,E06,east_local_change,ROW3,SW,-32.0,-24.0,6.976,1,0.7,0.0,1.7,8.676,0.3,8.976,-12.16,-3.484,6.976,-5.184,1.7,1.7,1,0,0
DEMO_EXCHANGED_CARRIER_V1,CONSTRUCTED_DEMO,E06,east_local_change,ROW3,SC,0.0,-24.0,2.88,1,-0.7,0.0,0.3,3.18,-0.6,2.58,-9.6,-6.42,2.88,-6.72,0.3,0.3,1,1,0
DEMO_EXCHANGED_CARRIER_V1,CONSTRUCTED_DEMO,E06,east_local_change,ROW3,SE,32.0,-24.0,6.976,1,-0.35,0.0,0.65,7.626,-0.15,7.476,-7.04,0.586,6.976,-0.064,0.65,0.65,1,0,0
DEMO_EXCHANGED_CARRIER_V1,CONSTRUCTED_DEMO,E06,east_local_change,ROW3,MW,-32.0,0.0,4.096,-2,-0.35,0.0,-2.35,1.746,0.6,2.346,-14.56,-12.814,4.096,-10.464,-2.35,2.35,1,0,0
DEMO_EXCHANGED_CARRIER_V1,CONSTRUCTED_DEMO,E06,east_local_change,ROW3,MC,0.0,0.0,0.0,-2,0.0,0.0,-2.0,-2.0,-0.3,-2.3,-12.0,-14.0,0.0,-12.0,-2.0,2.0,1,1,0
DEMO_EXCHANGED_CARRIER_V1,CONSTRUCTED_DEMO,E06,east_local_change,ROW3,ME,32.0,0.0,4.096,-2,0.35,0.0,-1.65,2.446,0.15,2.596,-9.44,-6.994,4.096,-5.344,-1.65,1.65,1,0,0
DEMO_EXCHANGED_CARRIER_V1,CONSTRUCTED_DEMO,E06,east_local_change,ROW3,NW,-32.0,24.0,6.976,2,0.35,0.0,2.35,9.326,-0.45,8.876,-16.96,-7.634,6.976,-9.984,2.35,2.35,1,0,0
DEMO_EXCHANGED_CARRIER_V1,CONSTRUCTED_DEMO,E06,east_local_change,ROW3,NC,0.0,24.0,2.88,2,0.7,0.0,2.7,5.58,0.0,5.58,-14.4,-8.82,2.88,-11.52,2.7,2.7,1,1,0
DEMO_EXCHANGED_CARRIER_V1,CONSTRUCTED_DEMO,E06,east_local_change,ROW3,NE,32.0,24.0,6.976,2,-0.7,-22,-20.7,-13.724,0.45,-13.274,-11.84,-25.564,6.976,-4.864,-20.7,20.7,0,0,0
DEMO_EXCHANGED_CARRIER_V1,CONSTRUCTED_DEMO,E06,east_local_change,SHIFT3,SW,-32.0,-24.0,6.976,1,0.7,0.0,1.7,8.676,0.3,8.976,-12.16,-3.484,6.676,-5.484,2.0,2.0,1,0,0
DEMO_EXCHANGED_CARRIER_V1,CONSTRUCTED_DEMO,E06,east_local_change,SHIFT3,SC,0.0,-24.0,2.88,1,-0.7,0.0,0.3,3.18,-0.6,2.58,-9.6,-6.42,2.58,-7.02,0.6,0.6,1,1,0
DEMO_EXCHANGED_CARRIER_V1,CONSTRUCTED_DEMO,E06,east_local_change,SHIFT3,SE,32.0,-24.0,6.976,1,-0.35,0.0,0.65,7.626,-0.15,7.476,-7.04,0.586,6.676,-0.364,0.95,0.95,1,0,0
DEMO_EXCHANGED_CARRIER_V1,CONSTRUCTED_DEMO,E06,east_local_change,SHIFT3,MW,-32.0,0.0,4.096,-2,-0.35,0.0,-2.35,1.746,0.6,2.346,-14.56,-12.814,1.796,-12.764,-0.05,0.05,1,0,0
DEMO_EXCHANGED_CARRIER_V1,CONSTRUCTED_DEMO,E06,east_local_change,SHIFT3,MC,0.0,0.0,0.0,-2,0.0,0.0,-2.0,-2.0,-0.3,-2.3,-12.0,-14.0,-2.3,-14.3,0.3,0.3,1,1,0
DEMO_EXCHANGED_CARRIER_V1,CONSTRUCTED_DEMO,E06,east_local_change,SHIFT3,ME,32.0,0.0,4.096,-2,0.35,0.0,-1.65,2.446,0.15,2.596,-9.44,-6.994,1.796,-7.644,0.65,0.65,1,0,0
DEMO_EXCHANGED_CARRIER_V1,CONSTRUCTED_DEMO,E06,east_local_change,SHIFT3,NW,-32.0,24.0,6.976,2,0.35,0.0,2.35,9.326,-0.45,8.876,-16.96,-7.634,9.676,-7.284,-0.35,0.35,1,0,0
DEMO_EXCHANGED_CARRIER_V1,CONSTRUCTED_DEMO,E06,east_local_change,SHIFT3,NC,0.0,24.0,2.88,2,0.7,0.0,2.7,5.58,0.0,5.58,-14.4,-8.82,5.58,-8.82,0.0,0.0,1,1,0
DEMO_EXCHANGED_CARRIER_V1,CONSTRUCTED_DEMO,E06,east_local_change,SHIFT3,NE,32.0,24.0,6.976,2,-0.7,-22,-20.7,-13.724,0.45,-13.274,-11.84,-25.564,9.676,-2.164,-23.4,23.4,0,0,0
DEMO_EXCHANGED_CARRIER_V1,CONSTRUCTED_DEMO,E07,east_local_change,PLANE,SW,-32.0,-24.0,6.976,1,-0.7,0.0,0.3,7.276,-0.6,6.676,0.24,7.516,6.976,7.216,0.3,0.3,1,0,0
DEMO_EXCHANGED_CARRIER_V1,CONSTRUCTED_DEMO,E07,east_local_change,PLANE,SC,0.0,-24.0,2.88,1,-0.35,0.0,0.65,3.53,-0.15,3.38,5.04,8.57,2.88,7.92,0.65,0.65,1,0,0
DEMO_EXCHANGED_CARRIER_V1,CONSTRUCTED_DEMO,E07,east_local_change,PLANE,SE,32.0,-24.0,6.976,1,0.0,24,25.0,31.976,0.3,32.276,9.84,41.816,6.976,16.816,25.0,25.0,0,0,0
DEMO_EXCHANGED_CARRIER_V1,CONSTRUCTED_DEMO,E07,east_local_change,PLANE,MW,-32.0,0.0,4.096,-2,0.0,0.0,-2.0,2.096,-0.3,1.796,1.2,3.296,4.096,5.296,-2.0,2.0,1,0,0
DEMO_EXCHANGED_CARRIER_V1,CONSTRUCTED_DEMO,E07,east_local_change,PLANE,MC,0.0,0.0,0.0,-2,0.35,0.0,-1.65,-1.65,0.15,-1.5,6.0,4.35,0.0,6.0,-1.65,1.65,1,0,0
DEMO_EXCHANGED_CARRIER_V1,CONSTRUCTED_DEMO,E07,east_local_change,PLANE,ME,32.0,0.0,4.096,-2,0.7,0.0,-1.3,2.796,0.6,3.396,10.8,13.596,4.096,14.896,-1.3,1.3,1,0,0
DEMO_EXCHANGED_CARRIER_V1,CONSTRUCTED_DEMO,E07,east_local_change,PLANE,NW,-32.0,24.0,6.976,2,0.7,0.0,2.7,9.676,0.0,9.676,2.16,11.836,6.976,9.136,2.7,2.7,1,0,0
DEMO_EXCHANGED_CARRIER_V1,CONSTRUCTED_DEMO,E07,east_local_change,PLANE,NC,0.0,24.0,2.88,2,-0.7,0.0,1.3,4.18,0.45,4.63,6.96,11.14,2.88,9.84,1.3,1.3,1,0,0
DEMO_EXCHANGED_CARRIER_V1,CONSTRUCTED_DEMO,E07,east_local_change,PLANE,NE,32.0,24.0,6.976,2,-0.35,0.0,1.65,8.626,-0.45,8.176,11.76,20.386,6.976,18.736,1.65,1.65,1,0,0
DEMO_EXCHANGED_CARRIER_V1,CONSTRUCTED_DEMO,E07,east_local_change,ALL9,SW,-32.0,-24.0,6.976,1,-0.7,0.0,0.3,7.276,-0.6,6.676,0.24,7.516,6.676,6.916,0.6,0.6,1,1,0
DEMO_EXCHANGED_CARRIER_V1,CONSTRUCTED_DEMO,E07,east_local_change,ALL9,SC,0.0,-24.0,2.88,1,-0.35,0.0,0.65,3.53,-0.15,3.38,5.04,8.57,3.38,8.42,0.15,0.15,1,1,0
DEMO_EXCHANGED_CARRIER_V1,CONSTRUCTED_DEMO,E07,east_local_change,ALL9,SE,32.0,-24.0,6.976,1,0.0,24,25.0,31.976,0.3,32.276,9.84,41.816,32.276,42.116,-0.3,0.3,1,1,0
DEMO_EXCHANGED_CARRIER_V1,CONSTRUCTED_DEMO,E07,east_local_change,ALL9,MW,-32.0,0.0,4.096,-2,0.0,0.0,-2.0,2.096,-0.3,1.796,1.2,3.296,1.796,2.996,0.3,0.3,1,1,0
DEMO_EXCHANGED_CARRIER_V1,CONSTRUCTED_DEMO,E07,east_local_change,ALL9,MC,0.0,0.0,0.0,-2,0.35,0.0,-1.65,-1.65,0.15,-1.5,6.0,4.35,-1.5,4.5,-0.15,0.15,1,1,0
DEMO_EXCHANGED_CARRIER_V1,CONSTRUCTED_DEMO,E07,east_local_change,ALL9,ME,32.0,0.0,4.096,-2,0.7,0.0,-1.3,2.796,0.6,3.396,10.8,13.596,3.396,14.196,-0.6,0.6,1,1,0
DEMO_EXCHANGED_CARRIER_V1,CONSTRUCTED_DEMO,E07,east_local_change,ALL9,NW,-32.0,24.0,6.976,2,0.7,0.0,2.7,9.676,0.0,9.676,2.16,11.836,9.676,11.836,0.0,0.0,1,1,0
DEMO_EXCHANGED_CARRIER_V1,CONSTRUCTED_DEMO,E07,east_local_change,ALL9,NC,0.0,24.0,2.88,2,-0.7,0.0,1.3,4.18,0.45,4.63,6.96,11.14,4.63,11.59,-0.45,0.45,1,1,0
DEMO_EXCHANGED_CARRIER_V1,CONSTRUCTED_DEMO,E07,east_local_change,ALL9,NE,32.0,24.0,6.976,2,-0.35,0.0,1.65,8.626,-0.45,8.176,11.76,20.386,8.176,19.936,0.45,0.45,1,1,0
DEMO_EXCHANGED_CARRIER_V1,CONSTRUCTED_DEMO,E07,east_local_change,ROW3,SW,-32.0,-24.0,6.976,1,-0.7,0.0,0.3,7.276,-0.6,6.676,0.24,7.516,6.976,7.216,0.3,0.3,1,0,0
DEMO_EXCHANGED_CARRIER_V1,CONSTRUCTED_DEMO,E07,east_local_change,ROW3,SC,0.0,-24.0,2.88,1,-0.35,0.0,0.65,3.53,-0.15,3.38,5.04,8.57,2.88,7.92,0.65,0.65,1,1,0
DEMO_EXCHANGED_CARRIER_V1,CONSTRUCTED_DEMO,E07,east_local_change,ROW3,SE,32.0,-24.0,6.976,1,0.0,24,25.0,31.976,0.3,32.276,9.84,41.816,6.976,16.816,25.0,25.0,0,0,0
DEMO_EXCHANGED_CARRIER_V1,CONSTRUCTED_DEMO,E07,east_local_change,ROW3,MW,-32.0,0.0,4.096,-2,0.0,0.0,-2.0,2.096,-0.3,1.796,1.2,3.296,4.096,5.296,-2.0,2.0,1,0,0
DEMO_EXCHANGED_CARRIER_V1,CONSTRUCTED_DEMO,E07,east_local_change,ROW3,MC,0.0,0.0,0.0,-2,0.35,0.0,-1.65,-1.65,0.15,-1.5,6.0,4.35,0.0,6.0,-1.65,1.65,1,1,0
DEMO_EXCHANGED_CARRIER_V1,CONSTRUCTED_DEMO,E07,east_local_change,ROW3,ME,32.0,0.0,4.096,-2,0.7,0.0,-1.3,2.796,0.6,3.396,10.8,13.596,4.096,14.896,-1.3,1.3,1,0,0
DEMO_EXCHANGED_CARRIER_V1,CONSTRUCTED_DEMO,E07,east_local_change,ROW3,NW,-32.0,24.0,6.976,2,0.7,0.0,2.7,9.676,0.0,9.676,2.16,11.836,6.976,9.136,2.7,2.7,1,0,0
DEMO_EXCHANGED_CARRIER_V1,CONSTRUCTED_DEMO,E07,east_local_change,ROW3,NC,0.0,24.0,2.88,2,-0.7,0.0,1.3,4.18,0.45,4.63,6.96,11.14,2.88,9.84,1.3,1.3,1,1,0
DEMO_EXCHANGED_CARRIER_V1,CONSTRUCTED_DEMO,E07,east_local_change,ROW3,NE,32.0,24.0,6.976,2,-0.35,0.0,1.65,8.626,-0.45,8.176,11.76,20.386,6.976,18.736,1.65,1.65,1,0,0
DEMO_EXCHANGED_CARRIER_V1,CONSTRUCTED_DEMO,E07,east_local_change,SHIFT3,SW,-32.0,-24.0,6.976,1,-0.7,0.0,0.3,7.276,-0.6,6.676,0.24,7.516,7.476,7.716,-0.2,0.2,1,0,0
DEMO_EXCHANGED_CARRIER_V1,CONSTRUCTED_DEMO,E07,east_local_change,SHIFT3,SC,0.0,-24.0,2.88,1,-0.35,0.0,0.65,3.53,-0.15,3.38,5.04,8.57,3.38,8.42,0.15,0.15,1,1,0
DEMO_EXCHANGED_CARRIER_V1,CONSTRUCTED_DEMO,E07,east_local_change,SHIFT3,SE,32.0,-24.0,6.976,1,0.0,24,25.0,31.976,0.3,32.276,9.84,41.816,7.476,17.316,24.5,24.5,0,0,0
DEMO_EXCHANGED_CARRIER_V1,CONSTRUCTED_DEMO,E07,east_local_change,SHIFT3,MW,-32.0,0.0,4.096,-2,0.0,0.0,-2.0,2.096,-0.3,1.796,1.2,3.296,2.596,3.796,-0.5,0.5,1,0,0
DEMO_EXCHANGED_CARRIER_V1,CONSTRUCTED_DEMO,E07,east_local_change,SHIFT3,MC,0.0,0.0,0.0,-2,0.35,0.0,-1.65,-1.65,0.15,-1.5,6.0,4.35,-1.5,4.5,-0.15,0.15,1,1,0
DEMO_EXCHANGED_CARRIER_V1,CONSTRUCTED_DEMO,E07,east_local_change,SHIFT3,ME,32.0,0.0,4.096,-2,0.7,0.0,-1.3,2.796,0.6,3.396,10.8,13.596,2.596,13.396,0.2,0.2,1,0,0
DEMO_EXCHANGED_CARRIER_V1,CONSTRUCTED_DEMO,E07,east_local_change,SHIFT3,NW,-32.0,24.0,6.976,2,0.7,0.0,2.7,9.676,0.0,9.676,2.16,11.836,8.726,10.886,0.95,0.95,1,0,0
DEMO_EXCHANGED_CARRIER_V1,CONSTRUCTED_DEMO,E07,east_local_change,SHIFT3,NC,0.0,24.0,2.88,2,-0.7,0.0,1.3,4.18,0.45,4.63,6.96,11.14,4.63,11.59,-0.45,0.45,1,1,0
DEMO_EXCHANGED_CARRIER_V1,CONSTRUCTED_DEMO,E07,east_local_change,SHIFT3,NE,32.0,24.0,6.976,2,-0.35,0.0,1.65,8.626,-0.45,8.176,11.76,20.386,8.726,20.486,-0.1,0.1,1,0,0
DEMO_EXCHANGED_CARRIER_V1,CONSTRUCTED_DEMO,E08,east_local_change,PLANE,SW,-32.0,-24.0,6.976,1,-0.35,0.0,0.65,7.626,-0.15,7.476,-20.56,-12.934,6.976,-13.584,0.65,0.65,1,0,0
DEMO_EXCHANGED_CARRIER_V1,CONSTRUCTED_DEMO,E08,east_local_change,PLANE,SC,0.0,-24.0,2.88,1,0.0,0.0,1.0,3.88,0.3,4.18,-23.44,-19.56,2.88,-20.56,1.0,1.0,1,0,0
DEMO_EXCHANGED_CARRIER_V1,CONSTRUCTED_DEMO,E08,east_local_change,PLANE,SE,32.0,-24.0,6.976,1,0.35,0.0,1.35,8.326,-0.6,7.726,-26.32,-17.994,6.976,-19.344,1.35,1.35,1,0,0
DEMO_EXCHANGED_CARRIER_V1,CONSTRUCTED_DEMO,E08,east_local_change,PLANE,MW,-32.0,0.0,4.096,-2,0.35,0.0,-1.65,2.446,0.15,2.596,-19.12,-16.674,4.096,-15.024,-1.65,1.65,1,0,0
DEMO_EXCHANGED_CARRIER_V1,CONSTRUCTED_DEMO,E08,east_local_change,PLANE,MC,0.0,0.0,0.0,-2,0.7,0.0,-1.3,-1.3,0.6,-0.7,-22.0,-23.3,0.0,-22.0,-1.3,1.3,1,0,0
DEMO_EXCHANGED_CARRIER_V1,CONSTRUCTED_DEMO,E08,east_local_change,PLANE,ME,32.0,0.0,4.096,-2,-0.7,-16,-18.7,-14.604,-0.3,-14.904,-24.88,-39.484,4.096,-20.784,-18.7,18.7,0,0,0
DEMO_EXCHANGED_CARRIER_V1,CONSTRUCTED_DEMO,E08,east_local_change,PLANE,NW,-32.0,24.0,6.976,2,-0.7,0.0,1.3,8.276,0.45,8.726,-17.68,-9.404,6.976,-10.704,1.3,1.3,1,0,0
DEMO_EXCHANGED_CARRIER_V1,CONSTRUCTED_DEMO,E08,east_local_change,PLANE,NC,0.0,24.0,2.88,2,-0.35,0.0,1.65,4.53,-0.45,4.08,-20.56,-16.03,2.88,-17.68,1.65,1.65,1,0,0
DEMO_EXCHANGED_CARRIER_V1,CONSTRUCTED_DEMO,E08,east_local_change,PLANE,NE,32.0,24.0,6.976,2,0.0,0.0,2.0,8.976,0.0,8.976,-23.44,-14.464,6.976,-16.464,2.0,2.0,1,0,0
DEMO_EXCHANGED_CARRIER_V1,CONSTRUCTED_DEMO,E08,east_local_change,ALL9,SW,-32.0,-24.0,6.976,1,-0.35,0.0,0.65,7.626,-0.15,7.476,-20.56,-12.934,7.476,-13.084,0.15,0.15,1,1,0
DEMO_EXCHANGED_CARRIER_V1,CONSTRUCTED_DEMO,E08,east_local_change,ALL9,SC,0.0,-24.0,2.88,1,0.0,0.0,1.0,3.88,0.3,4.18,-23.44,-19.56,4.18,-19.26,-0.3,0.3,1,1,0
DEMO_EXCHANGED_CARRIER_V1,CONSTRUCTED_DEMO,E08,east_local_change,ALL9,SE,32.0,-24.0,6.976,1,0.35,0.0,1.35,8.326,-0.6,7.726,-26.32,-17.994,7.726,-18.594,0.6,0.6,1,1,0
DEMO_EXCHANGED_CARRIER_V1,CONSTRUCTED_DEMO,E08,east_local_change,ALL9,MW,-32.0,0.0,4.096,-2,0.35,0.0,-1.65,2.446,0.15,2.596,-19.12,-16.674,2.596,-16.524,-0.15,0.15,1,1,0
DEMO_EXCHANGED_CARRIER_V1,CONSTRUCTED_DEMO,E08,east_local_change,ALL9,MC,0.0,0.0,0.0,-2,0.7,0.0,-1.3,-1.3,0.6,-0.7,-22.0,-23.3,-0.7,-22.7,-0.6,0.6,1,1,0
DEMO_EXCHANGED_CARRIER_V1,CONSTRUCTED_DEMO,E08,east_local_change,ALL9,ME,32.0,0.0,4.096,-2,-0.7,-16,-18.7,-14.604,-0.3,-14.904,-24.88,-39.484,-14.904,-39.784,0.3,0.3,1,1,0
DEMO_EXCHANGED_CARRIER_V1,CONSTRUCTED_DEMO,E08,east_local_change,ALL9,NW,-32.0,24.0,6.976,2,-0.7,0.0,1.3,8.276,0.45,8.726,-17.68,-9.404,8.726,-8.954,-0.45,0.45,1,1,0
DEMO_EXCHANGED_CARRIER_V1,CONSTRUCTED_DEMO,E08,east_local_change,ALL9,NC,0.0,24.0,2.88,2,-0.35,0.0,1.65,4.53,-0.45,4.08,-20.56,-16.03,4.08,-16.48,0.45,0.45,1,1,0
DEMO_EXCHANGED_CARRIER_V1,CONSTRUCTED_DEMO,E08,east_local_change,ALL9,NE,32.0,24.0,6.976,2,0.0,0.0,2.0,8.976,0.0,8.976,-23.44,-14.464,8.976,-14.464,0.0,0.0,1,1,0
DEMO_EXCHANGED_CARRIER_V1,CONSTRUCTED_DEMO,E08,east_local_change,ROW3,SW,-32.0,-24.0,6.976,1,-0.35,0.0,0.65,7.626,-0.15,7.476,-20.56,-12.934,6.976,-13.584,0.65,0.65,1,0,0
DEMO_EXCHANGED_CARRIER_V1,CONSTRUCTED_DEMO,E08,east_local_change,ROW3,SC,0.0,-24.0,2.88,1,0.0,0.0,1.0,3.88,0.3,4.18,-23.44,-19.56,2.88,-20.56,1.0,1.0,1,1,0
DEMO_EXCHANGED_CARRIER_V1,CONSTRUCTED_DEMO,E08,east_local_change,ROW3,SE,32.0,-24.0,6.976,1,0.35,0.0,1.35,8.326,-0.6,7.726,-26.32,-17.994,6.976,-19.344,1.35,1.35,1,0,0
DEMO_EXCHANGED_CARRIER_V1,CONSTRUCTED_DEMO,E08,east_local_change,ROW3,MW,-32.0,0.0,4.096,-2,0.35,0.0,-1.65,2.446,0.15,2.596,-19.12,-16.674,4.096,-15.024,-1.65,1.65,1,0,0
DEMO_EXCHANGED_CARRIER_V1,CONSTRUCTED_DEMO,E08,east_local_change,ROW3,MC,0.0,0.0,0.0,-2,0.7,0.0,-1.3,-1.3,0.6,-0.7,-22.0,-23.3,0.0,-22.0,-1.3,1.3,1,1,0
DEMO_EXCHANGED_CARRIER_V1,CONSTRUCTED_DEMO,E08,east_local_change,ROW3,ME,32.0,0.0,4.096,-2,-0.7,-16,-18.7,-14.604,-0.3,-14.904,-24.88,-39.484,4.096,-20.784,-18.7,18.7,0,0,0
DEMO_EXCHANGED_CARRIER_V1,CONSTRUCTED_DEMO,E08,east_local_change,ROW3,NW,-32.0,24.0,6.976,2,-0.7,0.0,1.3,8.276,0.45,8.726,-17.68,-9.404,6.976,-10.704,1.3,1.3,1,0,0
DEMO_EXCHANGED_CARRIER_V1,CONSTRUCTED_DEMO,E08,east_local_change,ROW3,NC,0.0,24.0,2.88,2,-0.35,0.0,1.65,4.53,-0.45,4.08,-20.56,-16.03,2.88,-17.68,1.65,1.65,1,1,0
DEMO_EXCHANGED_CARRIER_V1,CONSTRUCTED_DEMO,E08,east_local_change,ROW3,NE,32.0,24.0,6.976,2,0.0,0.0,2.0,8.976,0.0,8.976,-23.44,-14.464,6.976,-16.464,2.0,2.0,1,0,0
DEMO_EXCHANGED_CARRIER_V1,CONSTRUCTED_DEMO,E08,east_local_change,SHIFT3,SW,-32.0,-24.0,6.976,1,-0.35,0.0,0.65,7.626,-0.15,7.476,-20.56,-12.934,8.276,-12.284,-0.65,0.65,1,0,0
DEMO_EXCHANGED_CARRIER_V1,CONSTRUCTED_DEMO,E08,east_local_change,SHIFT3,SC,0.0,-24.0,2.88,1,0.0,0.0,1.0,3.88,0.3,4.18,-23.44,-19.56,4.18,-19.26,-0.3,0.3,1,1,0
DEMO_EXCHANGED_CARRIER_V1,CONSTRUCTED_DEMO,E08,east_local_change,SHIFT3,SE,32.0,-24.0,6.976,1,0.35,0.0,1.35,8.326,-0.6,7.726,-26.32,-17.994,8.276,-18.044,0.05,0.05,1,0,0
DEMO_EXCHANGED_CARRIER_V1,CONSTRUCTED_DEMO,E08,east_local_change,SHIFT3,MW,-32.0,0.0,4.096,-2,0.35,0.0,-1.65,2.446,0.15,2.596,-19.12,-16.674,3.396,-15.724,-0.95,0.95,1,0,0
DEMO_EXCHANGED_CARRIER_V1,CONSTRUCTED_DEMO,E08,east_local_change,SHIFT3,MC,0.0,0.0,0.0,-2,0.7,0.0,-1.3,-1.3,0.6,-0.7,-22.0,-23.3,-0.7,-22.7,-0.6,0.6,1,1,0
DEMO_EXCHANGED_CARRIER_V1,CONSTRUCTED_DEMO,E08,east_local_change,SHIFT3,ME,32.0,0.0,4.096,-2,-0.7,-16,-18.7,-14.604,-0.3,-14.904,-24.88,-39.484,3.396,-21.484,-18.0,18.0,0,0,0
DEMO_EXCHANGED_CARRIER_V1,CONSTRUCTED_DEMO,E08,east_local_change,SHIFT3,NW,-32.0,24.0,6.976,2,-0.7,0.0,1.3,8.276,0.45,8.726,-17.68,-9.404,8.176,-9.504,0.1,0.1,1,0,0
DEMO_EXCHANGED_CARRIER_V1,CONSTRUCTED_DEMO,E08,east_local_change,SHIFT3,NC,0.0,24.0,2.88,2,-0.35,0.0,1.65,4.53,-0.45,4.08,-20.56,-16.03,4.08,-16.48,0.45,0.45,1,1,0
DEMO_EXCHANGED_CARRIER_V1,CONSTRUCTED_DEMO,E08,east_local_change,SHIFT3,NE,32.0,24.0,6.976,2,0.0,0.0,2.0,8.976,0.0,8.976,-23.44,-14.464,8.176,-15.264,0.8,0.8,1,0,0
DEMO_EXCHANGED_CARRIER_V1,CONSTRUCTED_DEMO,C01,combined_change,PLANE,SW,-32.0,-24.0,6.976,12,0.0,0.0,12.0,18.976,0.3,19.276,21.24,40.216,6.976,28.216,12.0,12.0,0,0,0
DEMO_EXCHANGED_CARRIER_V1,CONSTRUCTED_DEMO,C01,combined_change,PLANE,SC,0.0,-24.0,2.88,12,0.35,0.0,12.35,15.23,-0.6,14.63,17.4,32.63,2.88,20.28,12.35,12.35,0,0,0
DEMO_EXCHANGED_CARRIER_V1,CONSTRUCTED_DEMO,C01,combined_change,PLANE,SE,32.0,-24.0,6.976,12,0.7,15,27.7,34.676,-0.15,34.526,13.56,48.236,6.976,20.536,27.7,27.7,0,0,0
DEMO_EXCHANGED_CARRIER_V1,CONSTRUCTED_DEMO,C01,combined_change,PLANE,MW,-32.0,0.0,4.096,-1,0.7,0.0,-0.3,3.796,0.6,4.396,18.84,22.636,4.096,22.936,-0.3,0.3,1,0,0
DEMO_EXCHANGED_CARRIER_V1,CONSTRUCTED_DEMO,C01,combined_change,PLANE,MC,0.0,0.0,0.0,-1,-0.7,0.0,-1.7,-1.7,-0.3,-2.0,15.0,13.3,0.0,15.0,-1.7,1.7,1,0,0
DEMO_EXCHANGED_CARRIER_V1,CONSTRUCTED_DEMO,C01,combined_change,PLANE,ME,32.0,0.0,4.096,-1,-0.35,0.0,-1.35,2.746,0.15,2.896,11.16,13.906,4.096,15.256,-1.35,1.35,1,0,0
DEMO_EXCHANGED_CARRIER_V1,CONSTRUCTED_DEMO,C01,combined_change,PLANE,NW,-32.0,24.0,6.976,2,-0.35,0.0,1.65,8.626,-0.45,8.176,16.44,25.066,6.976,23.416,1.65,1.65,1,0,0
DEMO_EXCHANGED_CARRIER_V1,CONSTRUCTED_DEMO,C01,combined_change,PLANE,NC,0.0,24.0,2.88,2,0.0,0.0,2.0,4.88,0.0,4.88,12.6,17.48,2.88,15.48,2.0,2.0,1,0,0
DEMO_EXCHANGED_CARRIER_V1,CONSTRUCTED_DEMO,C01,combined_change,PLANE,NE,32.0,24.0,6.976,2,0.35,0.0,2.35,9.326,0.45,9.776,8.76,18.086,6.976,15.736,2.35,2.35,1,0,0
DEMO_EXCHANGED_CARRIER_V1,CONSTRUCTED_DEMO,C01,combined_change,ALL9,SW,-32.0,-24.0,6.976,12,0.0,0.0,12.0,18.976,0.3,19.276,21.24,40.216,19.276,40.516,-0.3,0.3,1,1,0
DEMO_EXCHANGED_CARRIER_V1,CONSTRUCTED_DEMO,C01,combined_change,ALL9,SC,0.0,-24.0,2.88,12,0.35,0.0,12.35,15.23,-0.6,14.63,17.4,32.63,14.63,32.03,0.6,0.6,1,1,0
DEMO_EXCHANGED_CARRIER_V1,CONSTRUCTED_DEMO,C01,combined_change,ALL9,SE,32.0,-24.0,6.976,12,0.7,15,27.7,34.676,-0.15,34.526,13.56,48.236,34.526,48.086,0.15,0.15,1,1,0
DEMO_EXCHANGED_CARRIER_V1,CONSTRUCTED_DEMO,C01,combined_change,ALL9,MW,-32.0,0.0,4.096,-1,0.7,0.0,-0.3,3.796,0.6,4.396,18.84,22.636,4.396,23.236,-0.6,0.6,1,1,0
DEMO_EXCHANGED_CARRIER_V1,CONSTRUCTED_DEMO,C01,combined_change,ALL9,MC,0.0,0.0,0.0,-1,-0.7,0.0,-1.7,-1.7,-0.3,-2.0,15.0,13.3,-2.0,13.0,0.3,0.3,1,1,0
DEMO_EXCHANGED_CARRIER_V1,CONSTRUCTED_DEMO,C01,combined_change,ALL9,ME,32.0,0.0,4.096,-1,-0.35,0.0,-1.35,2.746,0.15,2.896,11.16,13.906,2.896,14.056,-0.15,0.15,1,1,0
DEMO_EXCHANGED_CARRIER_V1,CONSTRUCTED_DEMO,C01,combined_change,ALL9,NW,-32.0,24.0,6.976,2,-0.35,0.0,1.65,8.626,-0.45,8.176,16.44,25.066,8.176,24.616,0.45,0.45,1,1,0
DEMO_EXCHANGED_CARRIER_V1,CONSTRUCTED_DEMO,C01,combined_change,ALL9,NC,0.0,24.0,2.88,2,0.0,0.0,2.0,4.88,0.0,4.88,12.6,17.48,4.88,17.48,0.0,0.0,1,1,0
DEMO_EXCHANGED_CARRIER_V1,CONSTRUCTED_DEMO,C01,combined_change,ALL9,NE,32.0,24.0,6.976,2,0.35,0.0,2.35,9.326,0.45,9.776,8.76,18.086,9.776,18.536,-0.45,0.45,1,1,0
DEMO_EXCHANGED_CARRIER_V1,CONSTRUCTED_DEMO,C01,combined_change,ROW3,SW,-32.0,-24.0,6.976,12,0.0,0.0,12.0,18.976,0.3,19.276,21.24,40.216,19.276,40.516,-0.3,0.3,1,1,1
DEMO_EXCHANGED_CARRIER_V1,CONSTRUCTED_DEMO,C01,combined_change,ROW3,SC,0.0,-24.0,2.88,12,0.35,0.0,12.35,15.23,-0.6,14.63,17.4,32.63,14.63,32.03,0.6,0.6,1,1,1
DEMO_EXCHANGED_CARRIER_V1,CONSTRUCTED_DEMO,C01,combined_change,ROW3,SE,32.0,-24.0,6.976,12,0.7,15,27.7,34.676,-0.15,34.526,13.56,48.236,34.526,48.086,0.15,0.15,1,1,1
DEMO_EXCHANGED_CARRIER_V1,CONSTRUCTED_DEMO,C01,combined_change,ROW3,MW,-32.0,0.0,4.096,-1,0.7,0.0,-0.3,3.796,0.6,4.396,18.84,22.636,4.096,22.936,-0.3,0.3,1,0,0
DEMO_EXCHANGED_CARRIER_V1,CONSTRUCTED_DEMO,C01,combined_change,ROW3,MC,0.0,0.0,0.0,-1,-0.7,0.0,-1.7,-1.7,-0.3,-2.0,15.0,13.3,0.0,15.0,-1.7,1.7,1,1,0
DEMO_EXCHANGED_CARRIER_V1,CONSTRUCTED_DEMO,C01,combined_change,ROW3,ME,32.0,0.0,4.096,-1,-0.35,0.0,-1.35,2.746,0.15,2.896,11.16,13.906,4.096,15.256,-1.35,1.35,1,0,0
DEMO_EXCHANGED_CARRIER_V1,CONSTRUCTED_DEMO,C01,combined_change,ROW3,NW,-32.0,24.0,6.976,2,-0.35,0.0,1.65,8.626,-0.45,8.176,16.44,25.066,6.976,23.416,1.65,1.65,1,0,0
DEMO_EXCHANGED_CARRIER_V1,CONSTRUCTED_DEMO,C01,combined_change,ROW3,NC,0.0,24.0,2.88,2,0.0,0.0,2.0,4.88,0.0,4.88,12.6,17.48,2.88,15.48,2.0,2.0,1,1,0
DEMO_EXCHANGED_CARRIER_V1,CONSTRUCTED_DEMO,C01,combined_change,ROW3,NE,32.0,24.0,6.976,2,0.35,0.0,2.35,9.326,0.45,9.776,8.76,18.086,6.976,15.736,2.35,2.35,1,0,0
DEMO_EXCHANGED_CARRIER_V1,CONSTRUCTED_DEMO,C01,combined_change,SHIFT3,SW,-32.0,-24.0,6.976,12,0.0,0.0,12.0,18.976,0.3,19.276,21.24,40.216,18.726,39.966,0.25,0.25,1,0,0
DEMO_EXCHANGED_CARRIER_V1,CONSTRUCTED_DEMO,C01,combined_change,SHIFT3,SC,0.0,-24.0,2.88,12,0.35,0.0,12.35,15.23,-0.6,14.63,17.4,32.63,14.63,32.03,0.6,0.6,1,1,0
DEMO_EXCHANGED_CARRIER_V1,CONSTRUCTED_DEMO,C01,combined_change,SHIFT3,SE,32.0,-24.0,6.976,12,0.7,15,27.7,34.676,-0.15,34.526,13.56,48.236,18.726,32.286,15.95,15.95,0,0,0
DEMO_EXCHANGED_CARRIER_V1,CONSTRUCTED_DEMO,C01,combined_change,SHIFT3,MW,-32.0,0.0,4.096,-1,0.7,0.0,-0.3,3.796,0.6,4.396,18.84,22.636,2.096,20.936,1.7,1.7,1,0,0
DEMO_EXCHANGED_CARRIER_V1,CONSTRUCTED_DEMO,C01,combined_change,SHIFT3,MC,0.0,0.0,0.0,-1,-0.7,0.0,-1.7,-1.7,-0.3,-2.0,15.0,13.3,-2.0,13.0,0.3,0.3,1,1,0
DEMO_EXCHANGED_CARRIER_V1,CONSTRUCTED_DEMO,C01,combined_change,SHIFT3,ME,32.0,0.0,4.096,-1,-0.35,0.0,-1.35,2.746,0.15,2.896,11.16,13.906,2.096,13.256,0.65,0.65,1,0,0
DEMO_EXCHANGED_CARRIER_V1,CONSTRUCTED_DEMO,C01,combined_change,SHIFT3,NW,-32.0,24.0,6.976,2,-0.35,0.0,1.65,8.626,-0.45,8.176,16.44,25.066,8.976,25.416,-0.35,0.35,1,0,0
DEMO_EXCHANGED_CARRIER_V1,CONSTRUCTED_DEMO,C01,combined_change,SHIFT3,NC,0.0,24.0,2.88,2,0.0,0.0,2.0,4.88,0.0,4.88,12.6,17.48,4.88,17.48,0.0,0.0,1,1,0
DEMO_EXCHANGED_CARRIER_V1,CONSTRUCTED_DEMO,C01,combined_change,SHIFT3,NE,32.0,24.0,6.976,2,0.35,0.0,2.35,9.326,0.45,9.776,8.76,18.086,8.976,17.736,0.35,0.35,1,0,0
DEMO_EXCHANGED_CARRIER_V1,CONSTRUCTED_DEMO,C02,combined_change,PLANE,SW,-32.0,-24.0,6.976,1,0.35,0.0,1.35,8.326,-0.6,7.726,24.48,32.806,6.976,31.456,1.35,1.35,1,0,0
DEMO_EXCHANGED_CARRIER_V1,CONSTRUCTED_DEMO,C02,combined_change,PLANE,SC,0.0,-24.0,2.88,1,0.7,0.0,1.7,4.58,-0.15,4.43,27.04,31.62,2.88,29.92,1.7,1.7,1,0,0
DEMO_EXCHANGED_CARRIER_V1,CONSTRUCTED_DEMO,C02,combined_change,PLANE,SE,32.0,-24.0,6.976,1,-0.7,0.0,0.3,7.276,0.3,7.576,29.6,36.876,6.976,36.576,0.3,0.3,1,0,0
DEMO_EXCHANGED_CARRIER_V1,CONSTRUCTED_DEMO,C02,combined_change,PLANE,MW,-32.0,0.0,4.096,-14,-0.7,0.0,-14.7,-10.604,-0.3,-10.904,25.44,14.836,4.096,29.536,-14.7,14.7,0,0,0
DEMO_EXCHANGED_CARRIER_V1,CONSTRUCTED_DEMO,C02,combined_change,PLANE,MC,0.0,0.0,0.0,-14,-0.35,0.0,-14.35,-14.35,0.15,-14.2,28.0,13.65,0.0,28.0,-14.35,14.35,0,0,0
DEMO_EXCHANGED_CARRIER_V1,CONSTRUCTED_DEMO,C02,combined_change,PLANE,ME,32.0,0.0,4.096,-14,0.0,-16,-30.0,-25.904,0.6,-25.304,30.56,4.656,4.096,34.656,-30.0,30.0,0,0,0
DEMO_EXCHANGED_CARRIER_V1,CONSTRUCTED_DEMO,C02,combined_change,PLANE,NW,-32.0,24.0,6.976,2,0.0,0.0,2.0,8.976,0.0,8.976,26.4,35.376,6.976,33.376,2.0,2.0,1,0,0
DEMO_EXCHANGED_CARRIER_V1,CONSTRUCTED_DEMO,C02,combined_change,PLANE,NC,0.0,24.0,2.88,2,0.35,0.0,2.35,5.23,0.45,5.68,28.96,34.19,2.88,31.84,2.35,2.35,1,0,0
DEMO_EXCHANGED_CARRIER_V1,CONSTRUCTED_DEMO,C02,combined_change,PLANE,NE,32.0,24.0,6.976,2,0.7,0.0,2.7,9.676,-0.45,9.226,31.52,41.196,6.976,38.496,2.7,2.7,1,0,0
DEMO_EXCHANGED_CARRIER_V1,CONSTRUCTED_DEMO,C02,combined_change,ALL9,SW,-32.0,-24.0,6.976,1,0.35,0.0,1.35,8.326,-0.6,7.726,24.48,32.806,7.726,32.206,0.6,0.6,1,1,0
DEMO_EXCHANGED_CARRIER_V1,CONSTRUCTED_DEMO,C02,combined_change,ALL9,SC,0.0,-24.0,2.88,1,0.7,0.0,1.7,4.58,-0.15,4.43,27.04,31.62,4.43,31.47,0.15,0.15,1,1,0
DEMO_EXCHANGED_CARRIER_V1,CONSTRUCTED_DEMO,C02,combined_change,ALL9,SE,32.0,-24.0,6.976,1,-0.7,0.0,0.3,7.276,0.3,7.576,29.6,36.876,7.576,37.176,-0.3,0.3,1,1,0
DEMO_EXCHANGED_CARRIER_V1,CONSTRUCTED_DEMO,C02,combined_change,ALL9,MW,-32.0,0.0,4.096,-14,-0.7,0.0,-14.7,-10.604,-0.3,-10.904,25.44,14.836,-10.904,14.536,0.3,0.3,1,1,0
DEMO_EXCHANGED_CARRIER_V1,CONSTRUCTED_DEMO,C02,combined_change,ALL9,MC,0.0,0.0,0.0,-14,-0.35,0.0,-14.35,-14.35,0.15,-14.2,28.0,13.65,-14.2,13.8,-0.15,0.15,1,1,0
DEMO_EXCHANGED_CARRIER_V1,CONSTRUCTED_DEMO,C02,combined_change,ALL9,ME,32.0,0.0,4.096,-14,0.0,-16,-30.0,-25.904,0.6,-25.304,30.56,4.656,-25.304,5.256,-0.6,0.6,1,1,0
DEMO_EXCHANGED_CARRIER_V1,CONSTRUCTED_DEMO,C02,combined_change,ALL9,NW,-32.0,24.0,6.976,2,0.0,0.0,2.0,8.976,0.0,8.976,26.4,35.376,8.976,35.376,0.0,0.0,1,1,0
DEMO_EXCHANGED_CARRIER_V1,CONSTRUCTED_DEMO,C02,combined_change,ALL9,NC,0.0,24.0,2.88,2,0.35,0.0,2.35,5.23,0.45,5.68,28.96,34.19,5.68,34.64,-0.45,0.45,1,1,0
DEMO_EXCHANGED_CARRIER_V1,CONSTRUCTED_DEMO,C02,combined_change,ALL9,NE,32.0,24.0,6.976,2,0.7,0.0,2.7,9.676,-0.45,9.226,31.52,41.196,9.226,40.746,0.45,0.45,1,1,0
DEMO_EXCHANGED_CARRIER_V1,CONSTRUCTED_DEMO,C02,combined_change,ROW3,SW,-32.0,-24.0,6.976,1,0.35,0.0,1.35,8.326,-0.6,7.726,24.48,32.806,6.976,31.456,1.35,1.35,1,0,0
DEMO_EXCHANGED_CARRIER_V1,CONSTRUCTED_DEMO,C02,combined_change,ROW3,SC,0.0,-24.0,2.88,1,0.7,0.0,1.7,4.58,-0.15,4.43,27.04,31.62,2.88,29.92,1.7,1.7,1,1,0
DEMO_EXCHANGED_CARRIER_V1,CONSTRUCTED_DEMO,C02,combined_change,ROW3,SE,32.0,-24.0,6.976,1,-0.7,0.0,0.3,7.276,0.3,7.576,29.6,36.876,6.976,36.576,0.3,0.3,1,0,0
DEMO_EXCHANGED_CARRIER_V1,CONSTRUCTED_DEMO,C02,combined_change,ROW3,MW,-32.0,0.0,4.096,-14,-0.7,0.0,-14.7,-10.604,-0.3,-10.904,25.44,14.836,-10.904,14.536,0.3,0.3,1,1,1
DEMO_EXCHANGED_CARRIER_V1,CONSTRUCTED_DEMO,C02,combined_change,ROW3,MC,0.0,0.0,0.0,-14,-0.35,0.0,-14.35,-14.35,0.15,-14.2,28.0,13.65,-14.2,13.8,-0.15,0.15,1,1,1
DEMO_EXCHANGED_CARRIER_V1,CONSTRUCTED_DEMO,C02,combined_change,ROW3,ME,32.0,0.0,4.096,-14,0.0,-16,-30.0,-25.904,0.6,-25.304,30.56,4.656,-25.304,5.256,-0.6,0.6,1,1,1
DEMO_EXCHANGED_CARRIER_V1,CONSTRUCTED_DEMO,C02,combined_change,ROW3,NW,-32.0,24.0,6.976,2,0.0,0.0,2.0,8.976,0.0,8.976,26.4,35.376,6.976,33.376,2.0,2.0,1,0,0
DEMO_EXCHANGED_CARRIER_V1,CONSTRUCTED_DEMO,C02,combined_change,ROW3,NC,0.0,24.0,2.88,2,0.35,0.0,2.35,5.23,0.45,5.68,28.96,34.19,2.88,31.84,2.35,2.35,1,1,0
DEMO_EXCHANGED_CARRIER_V1,CONSTRUCTED_DEMO,C02,combined_change,ROW3,NE,32.0,24.0,6.976,2,0.7,0.0,2.7,9.676,-0.45,9.226,31.52,41.196,6.976,38.496,2.7,2.7,1,0,0
DEMO_EXCHANGED_CARRIER_V1,CONSTRUCTED_DEMO,C02,combined_change,SHIFT3,SW,-32.0,-24.0,6.976,1,0.35,0.0,1.35,8.326,-0.6,7.726,24.48,32.806,8.526,33.006,-0.2,0.2,1,0,0
DEMO_EXCHANGED_CARRIER_V1,CONSTRUCTED_DEMO,C02,combined_change,SHIFT3,SC,0.0,-24.0,2.88,1,0.7,0.0,1.7,4.58,-0.15,4.43,27.04,31.62,4.43,31.47,0.15,0.15,1,1,0
DEMO_EXCHANGED_CARRIER_V1,CONSTRUCTED_DEMO,C02,combined_change,SHIFT3,SE,32.0,-24.0,6.976,1,-0.7,0.0,0.3,7.276,0.3,7.576,29.6,36.876,8.526,38.126,-1.25,1.25,1,0,0
DEMO_EXCHANGED_CARRIER_V1,CONSTRUCTED_DEMO,C02,combined_change,SHIFT3,MW,-32.0,0.0,4.096,-14,-0.7,0.0,-14.7,-10.604,-0.3,-10.904,25.44,14.836,-10.104,15.336,-0.5,0.5,1,0,0
DEMO_EXCHANGED_CARRIER_V1,CONSTRUCTED_DEMO,C02,combined_change,SHIFT3,MC,0.0,0.0,0.0,-14,-0.35,0.0,-14.35,-14.35,0.15,-14.2,28.0,13.65,-14.2,13.8,-0.15,0.15,1,1,0
DEMO_EXCHANGED_CARRIER_V1,CONSTRUCTED_DEMO,C02,combined_change,SHIFT3,ME,32.0,0.0,4.096,-14,0.0,-16,-30.0,-25.904,0.6,-25.304,30.56,4.656,-10.104,20.456,-15.8,15.8,0,0,0
DEMO_EXCHANGED_CARRIER_V1,CONSTRUCTED_DEMO,C02,combined_change,SHIFT3,NW,-32.0,24.0,6.976,2,0.0,0.0,2.0,8.976,0.0,8.976,26.4,35.376,9.776,36.176,-0.8,0.8,1,0,0
DEMO_EXCHANGED_CARRIER_V1,CONSTRUCTED_DEMO,C02,combined_change,SHIFT3,NC,0.0,24.0,2.88,2,0.35,0.0,2.35,5.23,0.45,5.68,28.96,34.19,5.68,34.64,-0.45,0.45,1,1,0
DEMO_EXCHANGED_CARRIER_V1,CONSTRUCTED_DEMO,C02,combined_change,SHIFT3,NE,32.0,24.0,6.976,2,0.7,0.0,2.7,9.676,-0.45,9.226,31.52,41.196,9.776,41.296,-0.1,0.1,1,0,0
DEMO_EXCHANGED_CARRIER_V1,CONSTRUCTED_DEMO,C03,combined_change,PLANE,SW,-32.0,-24.0,6.976,1,0.7,0.0,1.7,8.676,-0.15,8.526,-18.24,-9.564,6.976,-11.264,1.7,1.7,1,0,0
DEMO_EXCHANGED_CARRIER_V1,CONSTRUCTED_DEMO,C03,combined_change,PLANE,SC,0.0,-24.0,2.88,1,-0.7,0.0,0.3,3.18,0.3,3.48,-13.44,-10.26,2.88,-10.56,0.3,0.3,1,0,0
DEMO_EXCHANGED_CARRIER_V1,CONSTRUCTED_DEMO,C03,combined_change,PLANE,SE,32.0,-24.0,6.976,1,-0.35,0.0,0.65,7.626,-0.6,7.026,-8.64,-1.014,6.976,-1.664,0.65,0.65,1,0,0
DEMO_EXCHANGED_CARRIER_V1,CONSTRUCTED_DEMO,C03,combined_change,PLANE,MW,-32.0,0.0,4.096,-1,-0.35,0.0,-1.35,2.746,0.15,2.896,-16.8,-14.054,4.096,-12.704,-1.35,1.35,1,0,0
DEMO_EXCHANGED_CARRIER_V1,CONSTRUCTED_DEMO,C03,combined_change,PLANE,MC,0.0,0.0,0.0,-1,0.0,0.0,-1.0,-1.0,0.6,-0.4,-12.0,-13.0,0.0,-12.0,-1.0,1.0,1,0,0
DEMO_EXCHANGED_CARRIER_V1,CONSTRUCTED_DEMO,C03,combined_change,PLANE,ME,32.0,0.0,4.096,-1,0.35,0.0,-0.65,3.446,-0.3,3.146,-7.2,-3.754,4.096,-3.104,-0.65,0.65,1,0,0
DEMO_EXCHANGED_CARRIER_V1,CONSTRUCTED_DEMO,C03,combined_change,PLANE,NW,-32.0,24.0,6.976,16,0.35,0.0,16.35,23.326,0.45,23.776,-15.36,7.966,6.976,-8.384,16.35,16.35,0,0,0
DEMO_EXCHANGED_CARRIER_V1,CONSTRUCTED_DEMO,C03,combined_change,PLANE,NC,0.0,24.0,2.88,16,0.7,0.0,16.7,19.58,-0.45,19.13,-10.56,9.02,2.88,-7.68,16.7,16.7,0,0,0
DEMO_EXCHANGED_CARRIER_V1,CONSTRUCTED_DEMO,C03,combined_change,PLANE,NE,32.0,24.0,6.976,16,-0.7,18,33.3,40.276,0.0,40.276,-5.76,34.516,6.976,1.216,33.3,33.3,0,0,0
DEMO_EXCHANGED_CARRIER_V1,CONSTRUCTED_DEMO,C03,combined_change,ALL9,SW,-32.0,-24.0,6.976,1,0.7,0.0,1.7,8.676,-0.15,8.526,-18.24,-9.564,8.526,-9.714,0.15,0.15,1,1,0
DEMO_EXCHANGED_CARRIER_V1,CONSTRUCTED_DEMO,C03,combined_change,ALL9,SC,0.0,-24.0,2.88,1,-0.7,0.0,0.3,3.18,0.3,3.48,-13.44,-10.26,3.48,-9.96,-0.3,0.3,1,1,0
DEMO_EXCHANGED_CARRIER_V1,CONSTRUCTED_DEMO,C03,combined_change,ALL9,SE,32.0,-24.0,6.976,1,-0.35,0.0,0.65,7.626,-0.6,7.026,-8.64,-1.014,7.026,-1.614,0.6,0.6,1,1,0
DEMO_EXCHANGED_CARRIER_V1,CONSTRUCTED_DEMO,C03,combined_change,ALL9,MW,-32.0,0.0,4.096,-1,-0.35,0.0,-1.35,2.746,0.15,2.896,-16.8,-14.054,2.896,-13.904,-0.15,0.15,1,1,0
DEMO_EXCHANGED_CARRIER_V1,CONSTRUCTED_DEMO,C03,combined_change,ALL9,MC,0.0,0.0,0.0,-1,0.0,0.0,-1.0,-1.0,0.6,-0.4,-12.0,-13.0,-0.4,-12.4,-0.6,0.6,1,1,0
DEMO_EXCHANGED_CARRIER_V1,CONSTRUCTED_DEMO,C03,combined_change,ALL9,ME,32.0,0.0,4.096,-1,0.35,0.0,-0.65,3.446,-0.3,3.146,-7.2,-3.754,3.146,-4.054,0.3,0.3,1,1,0
DEMO_EXCHANGED_CARRIER_V1,CONSTRUCTED_DEMO,C03,combined_change,ALL9,NW,-32.0,24.0,6.976,16,0.35,0.0,16.35,23.326,0.45,23.776,-15.36,7.966,23.776,8.416,-0.45,0.45,1,1,0
DEMO_EXCHANGED_CARRIER_V1,CONSTRUCTED_DEMO,C03,combined_change,ALL9,NC,0.0,24.0,2.88,16,0.7,0.0,16.7,19.58,-0.45,19.13,-10.56,9.02,19.13,8.57,0.45,0.45,1,1,0
DEMO_EXCHANGED_CARRIER_V1,CONSTRUCTED_DEMO,C03,combined_change,ALL9,NE,32.0,24.0,6.976,16,-0.7,18,33.3,40.276,0.0,40.276,-5.76,34.516,40.276,34.516,0.0,0.0,1,1,0
DEMO_EXCHANGED_CARRIER_V1,CONSTRUCTED_DEMO,C03,combined_change,ROW3,SW,-32.0,-24.0,6.976,1,0.7,0.0,1.7,8.676,-0.15,8.526,-18.24,-9.564,6.976,-11.264,1.7,1.7,1,0,0
DEMO_EXCHANGED_CARRIER_V1,CONSTRUCTED_DEMO,C03,combined_change,ROW3,SC,0.0,-24.0,2.88,1,-0.7,0.0,0.3,3.18,0.3,3.48,-13.44,-10.26,2.88,-10.56,0.3,0.3,1,1,0
DEMO_EXCHANGED_CARRIER_V1,CONSTRUCTED_DEMO,C03,combined_change,ROW3,SE,32.0,-24.0,6.976,1,-0.35,0.0,0.65,7.626,-0.6,7.026,-8.64,-1.014,6.976,-1.664,0.65,0.65,1,0,0
DEMO_EXCHANGED_CARRIER_V1,CONSTRUCTED_DEMO,C03,combined_change,ROW3,MW,-32.0,0.0,4.096,-1,-0.35,0.0,-1.35,2.746,0.15,2.896,-16.8,-14.054,4.096,-12.704,-1.35,1.35,1,0,0
DEMO_EXCHANGED_CARRIER_V1,CONSTRUCTED_DEMO,C03,combined_change,ROW3,MC,0.0,0.0,0.0,-1,0.0,0.0,-1.0,-1.0,0.6,-0.4,-12.0,-13.0,0.0,-12.0,-1.0,1.0,1,1,0
DEMO_EXCHANGED_CARRIER_V1,CONSTRUCTED_DEMO,C03,combined_change,ROW3,ME,32.0,0.0,4.096,-1,0.35,0.0,-0.65,3.446,-0.3,3.146,-7.2,-3.754,4.096,-3.104,-0.65,0.65,1,0,0
DEMO_EXCHANGED_CARRIER_V1,CONSTRUCTED_DEMO,C03,combined_change,ROW3,NW,-32.0,24.0,6.976,16,0.35,0.0,16.35,23.326,0.45,23.776,-15.36,7.966,23.776,8.416,-0.45,0.45,1,1,1
DEMO_EXCHANGED_CARRIER_V1,CONSTRUCTED_DEMO,C03,combined_change,ROW3,NC,0.0,24.0,2.88,16,0.7,0.0,16.7,19.58,-0.45,19.13,-10.56,9.02,19.13,8.57,0.45,0.45,1,1,1
DEMO_EXCHANGED_CARRIER_V1,CONSTRUCTED_DEMO,C03,combined_change,ROW3,NE,32.0,24.0,6.976,16,-0.7,18,33.3,40.276,0.0,40.276,-5.76,34.516,40.276,34.516,0.0,0.0,1,1,1
DEMO_EXCHANGED_CARRIER_V1,CONSTRUCTED_DEMO,C03,combined_change,SHIFT3,SW,-32.0,-24.0,6.976,1,0.7,0.0,1.7,8.676,-0.15,8.526,-18.24,-9.564,7.576,-10.664,1.1,1.1,1,0,0
DEMO_EXCHANGED_CARRIER_V1,CONSTRUCTED_DEMO,C03,combined_change,SHIFT3,SC,0.0,-24.0,2.88,1,-0.7,0.0,0.3,3.18,0.3,3.48,-13.44,-10.26,3.48,-9.96,-0.3,0.3,1,1,0
DEMO_EXCHANGED_CARRIER_V1,CONSTRUCTED_DEMO,C03,combined_change,SHIFT3,SE,32.0,-24.0,6.976,1,-0.35,0.0,0.65,7.626,-0.6,7.026,-8.64,-1.014,7.576,-1.064,0.05,0.05,1,0,0
DEMO_EXCHANGED_CARRIER_V1,CONSTRUCTED_DEMO,C03,combined_change,SHIFT3,MW,-32.0,0.0,4.096,-1,-0.35,0.0,-1.35,2.746,0.15,2.896,-16.8,-14.054,3.696,-13.104,-0.95,0.95,1,0,0
DEMO_EXCHANGED_CARRIER_V1,CONSTRUCTED_DEMO,C03,combined_change,SHIFT3,MC,0.0,0.0,0.0,-1,0.0,0.0,-1.0,-1.0,0.6,-0.4,-12.0,-13.0,-0.4,-12.4,-0.6,0.6,1,1,0
DEMO_EXCHANGED_CARRIER_V1,CONSTRUCTED_DEMO,C03,combined_change,SHIFT3,ME,32.0,0.0,4.096,-1,0.35,0.0,-0.65,3.446,-0.3,3.146,-7.2,-3.754,3.696,-3.504,-0.25,0.25,1,0,0
DEMO_EXCHANGED_CARRIER_V1,CONSTRUCTED_DEMO,C03,combined_change,SHIFT3,NW,-32.0,24.0,6.976,16,0.35,0.0,16.35,23.326,0.45,23.776,-15.36,7.966,23.226,7.866,0.1,0.1,1,0,0
DEMO_EXCHANGED_CARRIER_V1,CONSTRUCTED_DEMO,C03,combined_change,SHIFT3,NC,0.0,24.0,2.88,16,0.7,0.0,16.7,19.58,-0.45,19.13,-10.56,9.02,19.13,8.57,0.45,0.45,1,1,0
DEMO_EXCHANGED_CARRIER_V1,CONSTRUCTED_DEMO,C03,combined_change,SHIFT3,NE,32.0,24.0,6.976,16,-0.7,18,33.3,40.276,0.0,40.276,-5.76,34.516,23.226,17.466,17.05,17.05,0,0,0
DEMO_EXCHANGED_CARRIER_V1,CONSTRUCTED_DEMO,C04,combined_change,PLANE,SW,-32.0,-24.0,6.976,-18,-0.7,0.0,-18.7,-11.724,0.3,-11.424,11.28,-0.444,6.976,18.256,-18.7,18.7,0,0,0
DEMO_EXCHANGED_CARRIER_V1,CONSTRUCTED_DEMO,C04,combined_change,PLANE,SC,0.0,-24.0,2.88,-18,-0.35,0.0,-18.35,-15.47,-0.6,-16.07,8.4,-7.07,2.88,11.28,-18.35,18.35,0,0,0
DEMO_EXCHANGED_CARRIER_V1,CONSTRUCTED_DEMO,C04,combined_change,PLANE,SE,32.0,-24.0,6.976,-18,0.0,-20,-38.0,-31.024,-0.15,-31.174,5.52,-25.504,6.976,12.496,-38.0,38.0,0,0,0
DEMO_EXCHANGED_CARRIER_V1,CONSTRUCTED_DEMO,C04,combined_change,PLANE,MW,-32.0,0.0,4.096,-1,0.0,0.0,-1.0,3.096,0.6,3.696,8.88,11.976,4.096,12.976,-1.0,1.0,1,0,0
DEMO_EXCHANGED_CARRIER_V1,CONSTRUCTED_DEMO,C04,combined_change,PLANE,MC,0.0,0.0,0.0,-1,0.35,0.0,-0.65,-0.65,-0.3,-0.95,6.0,5.35,0.0,6.0,-0.65,0.65,1,0,0
DEMO_EXCHANGED_CARRIER_V1,CONSTRUCTED_DEMO,C04,combined_change,PLANE,ME,32.0,0.0,4.096,-1,0.7,0.0,-0.3,3.796,0.15,3.946,3.12,6.916,4.096,7.216,-0.3,0.3,1,0,0
DEMO_EXCHANGED_CARRIER_V1,CONSTRUCTED_DEMO,C04,combined_change,PLANE,NW,-32.0,24.0,6.976,2,0.7,0.0,2.7,9.676,-0.45,9.226,6.48,16.156,6.976,13.456,2.7,2.7,1,0,0
DEMO_EXCHANGED_CARRIER_V1,CONSTRUCTED_DEMO,C04,combined_change,PLANE,NC,0.0,24.0,2.88,2,-0.7,0.0,1.3,4.18,0.0,4.18,3.6,7.78,2.88,6.48,1.3,1.3,1,0,0
DEMO_EXCHANGED_CARRIER_V1,CONSTRUCTED_DEMO,C04,combined_change,PLANE,NE,32.0,24.0,6.976,2,-0.35,0.0,1.65,8.626,0.45,9.076,0.72,9.346,6.976,7.696,1.65,1.65,1,0,0
DEMO_EXCHANGED_CARRIER_V1,CONSTRUCTED_DEMO,C04,combined_change,ALL9,SW,-32.0,-24.0,6.976,-18,-0.7,0.0,-18.7,-11.724,0.3,-11.424,11.28,-0.444,-11.424,-0.144,-0.3,0.3,1,1,0
DEMO_EXCHANGED_CARRIER_V1,CONSTRUCTED_DEMO,C04,combined_change,ALL9,SC,0.0,-24.0,2.88,-18,-0.35,0.0,-18.35,-15.47,-0.6,-16.07,8.4,-7.07,-16.07,-7.67,0.6,0.6,1,1,0
DEMO_EXCHANGED_CARRIER_V1,CONSTRUCTED_DEMO,C04,combined_change,ALL9,SE,32.0,-24.0,6.976,-18,0.0,-20,-38.0,-31.024,-0.15,-31.174,5.52,-25.504,-31.174,-25.654,0.15,0.15,1,1,0
DEMO_EXCHANGED_CARRIER_V1,CONSTRUCTED_DEMO,C04,combined_change,ALL9,MW,-32.0,0.0,4.096,-1,0.0,0.0,-1.0,3.096,0.6,3.696,8.88,11.976,3.696,12.576,-0.6,0.6,1,1,0
DEMO_EXCHANGED_CARRIER_V1,CONSTRUCTED_DEMO,C04,combined_change,ALL9,MC,0.0,0.0,0.0,-1,0.35,0.0,-0.65,-0.65,-0.3,-0.95,6.0,5.35,-0.95,5.05,0.3,0.3,1,1,0
DEMO_EXCHANGED_CARRIER_V1,CONSTRUCTED_DEMO,C04,combined_change,ALL9,ME,32.0,0.0,4.096,-1,0.7,0.0,-0.3,3.796,0.15,3.946,3.12,6.916,3.946,7.066,-0.15,0.15,1,1,0
DEMO_EXCHANGED_CARRIER_V1,CONSTRUCTED_DEMO,C04,combined_change,ALL9,NW,-32.0,24.0,6.976,2,0.7,0.0,2.7,9.676,-0.45,9.226,6.48,16.156,9.226,15.706,0.45,0.45,1,1,0
DEMO_EXCHANGED_CARRIER_V1,CONSTRUCTED_DEMO,C04,combined_change,ALL9,NC,0.0,24.0,2.88,2,-0.7,0.0,1.3,4.18,0.0,4.18,3.6,7.78,4.18,7.78,0.0,0.0,1,1,0
DEMO_EXCHANGED_CARRIER_V1,CONSTRUCTED_DEMO,C04,combined_change,ALL9,NE,32.0,24.0,6.976,2,-0.35,0.0,1.65,8.626,0.45,9.076,0.72,9.346,9.076,9.796,-0.45,0.45,1,1,0
DEMO_EXCHANGED_CARRIER_V1,CONSTRUCTED_DEMO,C04,combined_change,ROW3,SW,-32.0,-24.0,6.976,-18,-0.7,0.0,-18.7,-11.724,0.3,-11.424,11.28,-0.444,-11.424,-0.144,-0.3,0.3,1,1,1
DEMO_EXCHANGED_CARRIER_V1,CONSTRUCTED_DEMO,C04,combined_change,ROW3,SC,0.0,-24.0,2.88,-18,-0.35,0.0,-18.35,-15.47,-0.6,-16.07,8.4,-7.07,-16.07,-7.67,0.6,0.6,1,1,1
DEMO_EXCHANGED_CARRIER_V1,CONSTRUCTED_DEMO,C04,combined_change,ROW3,SE,32.0,-24.0,6.976,-18,0.0,-20,-38.0,-31.024,-0.15,-31.174,5.52,-25.504,-31.174,-25.654,0.15,0.15,1,1,1
DEMO_EXCHANGED_CARRIER_V1,CONSTRUCTED_DEMO,C04,combined_change,ROW3,MW,-32.0,0.0,4.096,-1,0.0,0.0,-1.0,3.096,0.6,3.696,8.88,11.976,4.096,12.976,-1.0,1.0,1,0,0
DEMO_EXCHANGED_CARRIER_V1,CONSTRUCTED_DEMO,C04,combined_change,ROW3,MC,0.0,0.0,0.0,-1,0.35,0.0,-0.65,-0.65,-0.3,-0.95,6.0,5.35,0.0,6.0,-0.65,0.65,1,1,0
DEMO_EXCHANGED_CARRIER_V1,CONSTRUCTED_DEMO,C04,combined_change,ROW3,ME,32.0,0.0,4.096,-1,0.7,0.0,-0.3,3.796,0.15,3.946,3.12,6.916,4.096,7.216,-0.3,0.3,1,0,0
DEMO_EXCHANGED_CARRIER_V1,CONSTRUCTED_DEMO,C04,combined_change,ROW3,NW,-32.0,24.0,6.976,2,0.7,0.0,2.7,9.676,-0.45,9.226,6.48,16.156,6.976,13.456,2.7,2.7,1,0,0
DEMO_EXCHANGED_CARRIER_V1,CONSTRUCTED_DEMO,C04,combined_change,ROW3,NC,0.0,24.0,2.88,2,-0.7,0.0,1.3,4.18,0.0,4.18,3.6,7.78,2.88,6.48,1.3,1.3,1,1,0
DEMO_EXCHANGED_CARRIER_V1,CONSTRUCTED_DEMO,C04,combined_change,ROW3,NE,32.0,24.0,6.976,2,-0.35,0.0,1.65,8.626,0.45,9.076,0.72,9.346,6.976,7.696,1.65,1.65,1,0,0
DEMO_EXCHANGED_CARRIER_V1,CONSTRUCTED_DEMO,C04,combined_change,SHIFT3,SW,-32.0,-24.0,6.976,-18,-0.7,0.0,-18.7,-11.724,0.3,-11.424,11.28,-0.444,-11.974,-0.694,0.25,0.25,1,0,0
DEMO_EXCHANGED_CARRIER_V1,CONSTRUCTED_DEMO,C04,combined_change,SHIFT3,SC,0.0,-24.0,2.88,-18,-0.35,0.0,-18.35,-15.47,-0.6,-16.07,8.4,-7.07,-16.07,-7.67,0.6,0.6,1,1,0
DEMO_EXCHANGED_CARRIER_V1,CONSTRUCTED_DEMO,C04,combined_change,SHIFT3,SE,32.0,-24.0,6.976,-18,0.0,-20,-38.0,-31.024,-0.15,-31.174,5.52,-25.504,-11.974,-6.454,-19.05,19.05,0,0,0
DEMO_EXCHANGED_CARRIER_V1,CONSTRUCTED_DEMO,C04,combined_change,SHIFT3,MW,-32.0,0.0,4.096,-1,0.0,0.0,-1.0,3.096,0.6,3.696,8.88,11.976,3.146,12.026,-0.05,0.05,1,0,0
DEMO_EXCHANGED_CARRIER_V1,CONSTRUCTED_DEMO,C04,combined_change,SHIFT3,MC,0.0,0.0,0.0,-1,0.35,0.0,-0.65,-0.65,-0.3,-0.95,6.0,5.35,-0.95,5.05,0.3,0.3,1,1,0
DEMO_EXCHANGED_CARRIER_V1,CONSTRUCTED_DEMO,C04,combined_change,SHIFT3,ME,32.0,0.0,4.096,-1,0.7,0.0,-0.3,3.796,0.15,3.946,3.12,6.916,3.146,6.266,0.65,0.65,1,0,0
DEMO_EXCHANGED_CARRIER_V1,CONSTRUCTED_DEMO,C04,combined_change,SHIFT3,NW,-32.0,24.0,6.976,2,0.7,0.0,2.7,9.676,-0.45,9.226,6.48,16.156,8.276,14.756,1.4,1.4,1,0,0
DEMO_EXCHANGED_CARRIER_V1,CONSTRUCTED_DEMO,C04,combined_change,SHIFT3,NC,0.0,24.0,2.88,2,-0.7,0.0,1.3,4.18,0.0,4.18,3.6,7.78,4.18,7.78,0.0,0.0,1,1,0
DEMO_EXCHANGED_CARRIER_V1,CONSTRUCTED_DEMO,C04,combined_change,SHIFT3,NE,32.0,24.0,6.976,2,-0.35,0.0,1.65,8.626,0.45,9.076,0.72,9.346,8.276,8.996,0.35,0.35,1,0,0
DEMO_EXCHANGED_CARRIER_V1,CONSTRUCTED_DEMO,C05,combined_change,PLANE,SW,-32.0,-24.0,6.976,1,-0.35,0.0,0.65,7.626,-0.6,7.026,-19.12,-11.494,6.976,-12.144,0.65,0.65,1,0,0
DEMO_EXCHANGED_CARRIER_V1,CONSTRUCTED_DEMO,C05,combined_change,PLANE,SC,0.0,-24.0,2.88,1,0.0,0.0,1.0,3.88,-0.15,3.73,-22.96,-19.08,2.88,-20.08,1.0,1.0,1,0,0
DEMO_EXCHANGED_CARRIER_V1,CONSTRUCTED_DEMO,C05,combined_change,PLANE,SE,32.0,-24.0,6.976,1,0.35,0.0,1.35,8.326,0.3,8.626,-26.8,-18.474,6.976,-19.824,1.35,1.35,1,0,0
DEMO_EXCHANGED_CARRIER_V1,CONSTRUCTED_DEMO,C05,combined_change,PLANE,MW,-32.0,0.0,4.096,12,0.35,0.0,12.35,16.446,-0.3,16.146,-18.16,-1.714,4.096,-14.064,12.35,12.35,0,0,0
DEMO_EXCHANGED_CARRIER_V1,CONSTRUCTED_DEMO,C05,combined_change,PLANE,MC,0.0,0.0,0.0,12,0.7,0.0,12.7,12.7,0.15,12.85,-22.0,-9.3,0.0,-22.0,12.7,12.7,0,0,0
DEMO_EXCHANGED_CARRIER_V1,CONSTRUCTED_DEMO,C05,combined_change,PLANE,ME,32.0,0.0,4.096,12,-0.7,0.0,11.3,15.396,0.6,15.996,-25.84,-10.444,4.096,-21.744,11.3,11.3,0,0,0
DEMO_EXCHANGED_CARRIER_V1,CONSTRUCTED_DEMO,C05,combined_change,PLANE,NW,-32.0,24.0,6.976,2,-0.7,0.0,1.3,8.276,0.0,8.276,-17.2,-8.924,6.976,-10.224,1.3,1.3,1,0,0
DEMO_EXCHANGED_CARRIER_V1,CONSTRUCTED_DEMO,C05,combined_change,PLANE,NC,0.0,24.0,2.88,2,-0.35,0.0,1.65,4.53,0.45,4.98,-21.04,-16.51,2.88,-18.16,1.65,1.65,1,0,0
DEMO_EXCHANGED_CARRIER_V1,CONSTRUCTED_DEMO,C05,combined_change,PLANE,NE,32.0,24.0,6.976,2,0.0,16,18.0,24.976,-0.45,24.526,-24.88,0.096,6.976,-17.904,18.0,18.0,0,0,0
DEMO_EXCHANGED_CARRIER_V1,CONSTRUCTED_DEMO,C05,combined_change,ALL9,SW,-32.0,-24.0,6.976,1,-0.35,0.0,0.65,7.626,-0.6,7.026,-19.12,-11.494,7.026,-12.094,0.6,0.6,1,1,0
DEMO_EXCHANGED_CARRIER_V1,CONSTRUCTED_DEMO,C05,combined_change,ALL9,SC,0.0,-24.0,2.88,1,0.0,0.0,1.0,3.88,-0.15,3.73,-22.96,-19.08,3.73,-19.23,0.15,0.15,1,1,0
DEMO_EXCHANGED_CARRIER_V1,CONSTRUCTED_DEMO,C05,combined_change,ALL9,SE,32.0,-24.0,6.976,1,0.35,0.0,1.35,8.326,0.3,8.626,-26.8,-18.474,8.626,-18.174,-0.3,0.3,1,1,0
DEMO_EXCHANGED_CARRIER_V1,CONSTRUCTED_DEMO,C05,combined_change,ALL9,MW,-32.0,0.0,4.096,12,0.35,0.0,12.35,16.446,-0.3,16.146,-18.16,-1.714,16.146,-2.014,0.3,0.3,1,1,0
DEMO_EXCHANGED_CARRIER_V1,CONSTRUCTED_DEMO,C05,combined_change,ALL9,MC,0.0,0.0,0.0,12,0.7,0.0,12.7,12.7,0.15,12.85,-22.0,-9.3,12.85,-9.15,-0.15,0.15,1,1,0
DEMO_EXCHANGED_CARRIER_V1,CONSTRUCTED_DEMO,C05,combined_change,ALL9,ME,32.0,0.0,4.096,12,-0.7,0.0,11.3,15.396,0.6,15.996,-25.84,-10.444,15.996,-9.844,-0.6,0.6,1,1,0
DEMO_EXCHANGED_CARRIER_V1,CONSTRUCTED_DEMO,C05,combined_change,ALL9,NW,-32.0,24.0,6.976,2,-0.7,0.0,1.3,8.276,0.0,8.276,-17.2,-8.924,8.276,-8.924,0.0,0.0,1,1,0
DEMO_EXCHANGED_CARRIER_V1,CONSTRUCTED_DEMO,C05,combined_change,ALL9,NC,0.0,24.0,2.88,2,-0.35,0.0,1.65,4.53,0.45,4.98,-21.04,-16.51,4.98,-16.06,-0.45,0.45,1,1,0
DEMO_EXCHANGED_CARRIER_V1,CONSTRUCTED_DEMO,C05,combined_change,ALL9,NE,32.0,24.0,6.976,2,0.0,16,18.0,24.976,-0.45,24.526,-24.88,0.096,24.526,-0.354,0.45,0.45,1,1,0
DEMO_EXCHANGED_CARRIER_V1,CONSTRUCTED_DEMO,C05,combined_change,ROW3,SW,-32.0,-24.0,6.976,1,-0.35,0.0,0.65,7.626,-0.6,7.026,-19.12,-11.494,6.976,-12.144,0.65,0.65,1,0,0
DEMO_EXCHANGED_CARRIER_V1,CONSTRUCTED_DEMO,C05,combined_change,ROW3,SC,0.0,-24.0,2.88,1,0.0,0.0,1.0,3.88,-0.15,3.73,-22.96,-19.08,2.88,-20.08,1.0,1.0,1,1,0
DEMO_EXCHANGED_CARRIER_V1,CONSTRUCTED_DEMO,C05,combined_change,ROW3,SE,32.0,-24.0,6.976,1,0.35,0.0,1.35,8.326,0.3,8.626,-26.8,-18.474,6.976,-19.824,1.35,1.35,1,0,0
DEMO_EXCHANGED_CARRIER_V1,CONSTRUCTED_DEMO,C05,combined_change,ROW3,MW,-32.0,0.0,4.096,12,0.35,0.0,12.35,16.446,-0.3,16.146,-18.16,-1.714,16.146,-2.014,0.3,0.3,1,1,1
DEMO_EXCHANGED_CARRIER_V1,CONSTRUCTED_DEMO,C05,combined_change,ROW3,MC,0.0,0.0,0.0,12,0.7,0.0,12.7,12.7,0.15,12.85,-22.0,-9.3,12.85,-9.15,-0.15,0.15,1,1,1
DEMO_EXCHANGED_CARRIER_V1,CONSTRUCTED_DEMO,C05,combined_change,ROW3,ME,32.0,0.0,4.096,12,-0.7,0.0,11.3,15.396,0.6,15.996,-25.84,-10.444,15.996,-9.844,-0.6,0.6,1,1,1
DEMO_EXCHANGED_CARRIER_V1,CONSTRUCTED_DEMO,C05,combined_change,ROW3,NW,-32.0,24.0,6.976,2,-0.7,0.0,1.3,8.276,0.0,8.276,-17.2,-8.924,6.976,-10.224,1.3,1.3,1,0,0
DEMO_EXCHANGED_CARRIER_V1,CONSTRUCTED_DEMO,C05,combined_change,ROW3,NC,0.0,24.0,2.88,2,-0.35,0.0,1.65,4.53,0.45,4.98,-21.04,-16.51,2.88,-18.16,1.65,1.65,1,1,0
DEMO_EXCHANGED_CARRIER_V1,CONSTRUCTED_DEMO,C05,combined_change,ROW3,NE,32.0,24.0,6.976,2,0.0,16,18.0,24.976,-0.45,24.526,-24.88,0.096,6.976,-17.904,18.0,18.0,0,0,0
DEMO_EXCHANGED_CARRIER_V1,CONSTRUCTED_DEMO,C05,combined_change,SHIFT3,SW,-32.0,-24.0,6.976,1,-0.35,0.0,0.65,7.626,-0.6,7.026,-19.12,-11.494,7.826,-11.294,-0.2,0.2,1,0,0
DEMO_EXCHANGED_CARRIER_V1,CONSTRUCTED_DEMO,C05,combined_change,SHIFT3,SC,0.0,-24.0,2.88,1,0.0,0.0,1.0,3.88,-0.15,3.73,-22.96,-19.08,3.73,-19.23,0.15,0.15,1,1,0
DEMO_EXCHANGED_CARRIER_V1,CONSTRUCTED_DEMO,C05,combined_change,SHIFT3,SE,32.0,-24.0,6.976,1,0.35,0.0,1.35,8.326,0.3,8.626,-26.8,-18.474,7.826,-18.974,0.5,0.5,1,0,0
DEMO_EXCHANGED_CARRIER_V1,CONSTRUCTED_DEMO,C05,combined_change,SHIFT3,MW,-32.0,0.0,4.096,12,0.35,0.0,12.35,16.446,-0.3,16.146,-18.16,-1.714,16.946,-1.214,-0.5,0.5,1,0,0
DEMO_EXCHANGED_CARRIER_V1,CONSTRUCTED_DEMO,C05,combined_change,SHIFT3,MC,0.0,0.0,0.0,12,0.7,0.0,12.7,12.7,0.15,12.85,-22.0,-9.3,12.85,-9.15,-0.15,0.15,1,1,0
DEMO_EXCHANGED_CARRIER_V1,CONSTRUCTED_DEMO,C05,combined_change,SHIFT3,ME,32.0,0.0,4.096,12,-0.7,0.0,11.3,15.396,0.6,15.996,-25.84,-10.444,16.946,-8.894,-1.55,1.55,1,0,0
DEMO_EXCHANGED_CARRIER_V1,CONSTRUCTED_DEMO,C05,combined_change,SHIFT3,NW,-32.0,24.0,6.976,2,-0.7,0.0,1.3,8.276,0.0,8.276,-17.2,-8.924,9.076,-8.124,-0.8,0.8,1,0,0
DEMO_EXCHANGED_CARRIER_V1,CONSTRUCTED_DEMO,C05,combined_change,SHIFT3,NC,0.0,24.0,2.88,2,-0.35,0.0,1.65,4.53,0.45,4.98,-21.04,-16.51,4.98,-16.06,-0.45,0.45,1,1,0
DEMO_EXCHANGED_CARRIER_V1,CONSTRUCTED_DEMO,C05,combined_change,SHIFT3,NE,32.0,24.0,6.976,2,0.0,16,18.0,24.976,-0.45,24.526,-24.88,0.096,9.076,-15.804,15.9,15.9,0,0,0
DEMO_EXCHANGED_CARRIER_V1,CONSTRUCTED_DEMO,C06,combined_change,PLANE,SW,-32.0,-24.0,6.976,1,0.0,0.0,1.0,7.976,-0.15,7.826,11.0,18.976,6.976,17.976,1.0,1.0,1,0,0
DEMO_EXCHANGED_CARRIER_V1,CONSTRUCTED_DEMO,C06,combined_change,PLANE,SC,0.0,-24.0,2.88,1,0.35,0.0,1.35,4.23,0.3,4.53,13.56,17.79,2.88,16.44,1.35,1.35,1,0,0
DEMO_EXCHANGED_CARRIER_V1,CONSTRUCTED_DEMO,C06,combined_change,PLANE,SE,32.0,-24.0,6.976,1,0.7,-18,-16.3,-9.324,-0.6,-9.924,16.12,6.796,6.976,23.096,-16.3,16.3,0,0,0
DEMO_EXCHANGED_CARRIER_V1,CONSTRUCTED_DEMO,C06,combined_change,PLANE,MW,-32.0,0.0,4.096,-1,0.7,0.0,-0.3,3.796,0.15,3.946,12.44,16.236,4.096,16.536,-0.3,0.3,1,0,0
DEMO_EXCHANGED_CARRIER_V1,CONSTRUCTED_DEMO,C06,combined_change,PLANE,MC,0.0,0.0,0.0,-1,-0.7,0.0,-1.7,-1.7,0.6,-1.1,15.0,13.3,0.0,15.0,-1.7,1.7,1,0,0
DEMO_EXCHANGED_CARRIER_V1,CONSTRUCTED_DEMO,C06,combined_change,PLANE,ME,32.0,0.0,4.096,-1,-0.35,0.0,-1.35,2.746,-0.3,2.446,17.56,20.306,4.096,21.656,-1.35,1.35,1,0,0
DEMO_EXCHANGED_CARRIER_V1,CONSTRUCTED_DEMO,C06,combined_change,PLANE,NW,-32.0,24.0,6.976,-14,-0.35,0.0,-14.35,-7.374,0.45,-6.924,13.88,6.506,6.976,20.856,-14.35,14.35,0,0,0
DEMO_EXCHANGED_CARRIER_V1,CONSTRUCTED_DEMO,C06,combined_change,PLANE,NC,0.0,24.0,2.88,-14,0.0,0.0,-14.0,-11.12,-0.45,-11.57,16.44,5.32,2.88,19.32,-14.0,14.0,0,0,0
DEMO_EXCHANGED_CARRIER_V1,CONSTRUCTED_DEMO,C06,combined_change,PLANE,NE,32.0,24.0,6.976,-14,0.35,0.0,-13.65,-6.674,0.0,-6.674,19.0,12.326,6.976,25.976,-13.65,13.65,0,0,0
DEMO_EXCHANGED_CARRIER_V1,CONSTRUCTED_DEMO,C06,combined_change,ALL9,SW,-32.0,-24.0,6.976,1,0.0,0.0,1.0,7.976,-0.15,7.826,11.0,18.976,7.826,18.826,0.15,0.15,1,1,0
DEMO_EXCHANGED_CARRIER_V1,CONSTRUCTED_DEMO,C06,combined_change,ALL9,SC,0.0,-24.0,2.88,1,0.35,0.0,1.35,4.23,0.3,4.53,13.56,17.79,4.53,18.09,-0.3,0.3,1,1,0
DEMO_EXCHANGED_CARRIER_V1,CONSTRUCTED_DEMO,C06,combined_change,ALL9,SE,32.0,-24.0,6.976,1,0.7,-18,-16.3,-9.324,-0.6,-9.924,16.12,6.796,-9.924,6.196,0.6,0.6,1,1,0
DEMO_EXCHANGED_CARRIER_V1,CONSTRUCTED_DEMO,C06,combined_change,ALL9,MW,-32.0,0.0,4.096,-1,0.7,0.0,-0.3,3.796,0.15,3.946,12.44,16.236,3.946,16.386,-0.15,0.15,1,1,0
DEMO_EXCHANGED_CARRIER_V1,CONSTRUCTED_DEMO,C06,combined_change,ALL9,MC,0.0,0.0,0.0,-1,-0.7,0.0,-1.7,-1.7,0.6,-1.1,15.0,13.3,-1.1,13.9,-0.6,0.6,1,1,0
DEMO_EXCHANGED_CARRIER_V1,CONSTRUCTED_DEMO,C06,combined_change,ALL9,ME,32.0,0.0,4.096,-1,-0.35,0.0,-1.35,2.746,-0.3,2.446,17.56,20.306,2.446,20.006,0.3,0.3,1,1,0
DEMO_EXCHANGED_CARRIER_V1,CONSTRUCTED_DEMO,C06,combined_change,ALL9,NW,-32.0,24.0,6.976,-14,-0.35,0.0,-14.35,-7.374,0.45,-6.924,13.88,6.506,-6.924,6.956,-0.45,0.45,1,1,0
DEMO_EXCHANGED_CARRIER_V1,CONSTRUCTED_DEMO,C06,combined_change,ALL9,NC,0.0,24.0,2.88,-14,0.0,0.0,-14.0,-11.12,-0.45,-11.57,16.44,5.32,-11.57,4.87,0.45,0.45,1,1,0
DEMO_EXCHANGED_CARRIER_V1,CONSTRUCTED_DEMO,C06,combined_change,ALL9,NE,32.0,24.0,6.976,-14,0.35,0.0,-13.65,-6.674,0.0,-6.674,19.0,12.326,-6.674,12.326,0.0,0.0,1,1,0
DEMO_EXCHANGED_CARRIER_V1,CONSTRUCTED_DEMO,C06,combined_change,ROW3,SW,-32.0,-24.0,6.976,1,0.0,0.0,1.0,7.976,-0.15,7.826,11.0,18.976,6.976,17.976,1.0,1.0,1,0,0
DEMO_EXCHANGED_CARRIER_V1,CONSTRUCTED_DEMO,C06,combined_change,ROW3,SC,0.0,-24.0,2.88,1,0.35,0.0,1.35,4.23,0.3,4.53,13.56,17.79,2.88,16.44,1.35,1.35,1,1,0
DEMO_EXCHANGED_CARRIER_V1,CONSTRUCTED_DEMO,C06,combined_change,ROW3,SE,32.0,-24.0,6.976,1,0.7,-18,-16.3,-9.324,-0.6,-9.924,16.12,6.796,6.976,23.096,-16.3,16.3,0,0,0
DEMO_EXCHANGED_CARRIER_V1,CONSTRUCTED_DEMO,C06,combined_change,ROW3,MW,-32.0,0.0,4.096,-1,0.7,0.0,-0.3,3.796,0.15,3.946,12.44,16.236,4.096,16.536,-0.3,0.3,1,0,0
DEMO_EXCHANGED_CARRIER_V1,CONSTRUCTED_DEMO,C06,combined_change,ROW3,MC,0.0,0.0,0.0,-1,-0.7,0.0,-1.7,-1.7,0.6,-1.1,15.0,13.3,0.0,15.0,-1.7,1.7,1,1,0
DEMO_EXCHANGED_CARRIER_V1,CONSTRUCTED_DEMO,C06,combined_change,ROW3,ME,32.0,0.0,4.096,-1,-0.35,0.0,-1.35,2.746,-0.3,2.446,17.56,20.306,4.096,21.656,-1.35,1.35,1,0,0
DEMO_EXCHANGED_CARRIER_V1,CONSTRUCTED_DEMO,C06,combined_change,ROW3,NW,-32.0,24.0,6.976,-14,-0.35,0.0,-14.35,-7.374,0.45,-6.924,13.88,6.506,-6.924,6.956,-0.45,0.45,1,1,1
DEMO_EXCHANGED_CARRIER_V1,CONSTRUCTED_DEMO,C06,combined_change,ROW3,NC,0.0,24.0,2.88,-14,0.0,0.0,-14.0,-11.12,-0.45,-11.57,16.44,5.32,-11.57,4.87,0.45,0.45,1,1,1
DEMO_EXCHANGED_CARRIER_V1,CONSTRUCTED_DEMO,C06,combined_change,ROW3,NE,32.0,24.0,6.976,-14,0.35,0.0,-13.65,-6.674,0.0,-6.674,19.0,12.326,-6.674,12.326,0.0,0.0,1,1,1
DEMO_EXCHANGED_CARRIER_V1,CONSTRUCTED_DEMO,C06,combined_change,SHIFT3,SW,-32.0,-24.0,6.976,1,0.0,0.0,1.0,7.976,-0.15,7.826,11.0,18.976,8.626,19.626,-0.65,0.65,1,0,0
DEMO_EXCHANGED_CARRIER_V1,CONSTRUCTED_DEMO,C06,combined_change,SHIFT3,SC,0.0,-24.0,2.88,1,0.35,0.0,1.35,4.23,0.3,4.53,13.56,17.79,4.53,18.09,-0.3,0.3,1,1,0
DEMO_EXCHANGED_CARRIER_V1,CONSTRUCTED_DEMO,C06,combined_change,SHIFT3,SE,32.0,-24.0,6.976,1,0.7,-18,-16.3,-9.324,-0.6,-9.924,16.12,6.796,8.626,24.746,-17.95,17.95,0,0,0
DEMO_EXCHANGED_CARRIER_V1,CONSTRUCTED_DEMO,C06,combined_change,SHIFT3,MW,-32.0,0.0,4.096,-1,0.7,0.0,-0.3,3.796,0.15,3.946,12.44,16.236,2.996,15.436,0.8,0.8,1,0,0
DEMO_EXCHANGED_CARRIER_V1,CONSTRUCTED_DEMO,C06,combined_change,SHIFT3,MC,0.0,0.0,0.0,-1,-0.7,0.0,-1.7,-1.7,0.6,-1.1,15.0,13.3,-1.1,13.9,-0.6,0.6,1,1,0
DEMO_EXCHANGED_CARRIER_V1,CONSTRUCTED_DEMO,C06,combined_change,SHIFT3,ME,32.0,0.0,4.096,-1,-0.35,0.0,-1.35,2.746,-0.3,2.446,17.56,20.306,2.996,20.556,-0.25,0.25,1,0,0
DEMO_EXCHANGED_CARRIER_V1,CONSTRUCTED_DEMO,C06,combined_change,SHIFT3,NW,-32.0,24.0,6.976,-14,-0.35,0.0,-14.35,-7.374,0.45,-6.924,13.88,6.506,-7.474,6.406,0.1,0.1,1,0,0
DEMO_EXCHANGED_CARRIER_V1,CONSTRUCTED_DEMO,C06,combined_change,SHIFT3,NC,0.0,24.0,2.88,-14,0.0,0.0,-14.0,-11.12,-0.45,-11.57,16.44,5.32,-11.57,4.87,0.45,0.45,1,1,0
DEMO_EXCHANGED_CARRIER_V1,CONSTRUCTED_DEMO,C06,combined_change,SHIFT3,NE,32.0,24.0,6.976,-14,0.35,0.0,-13.65,-6.674,0.0,-6.674,19.0,12.326,-7.474,11.526,0.8,0.8,1,0,0
DEMO_EXCHANGED_CARRIER_V1,CONSTRUCTED_DEMO,C07,combined_change,PLANE,SW,-32.0,-24.0,6.976,16,0.35,0.0,16.35,23.326,0.3,23.626,25.6,48.926,6.976,32.576,16.35,16.35,0,0,0
DEMO_EXCHANGED_CARRIER_V1,CONSTRUCTED_DEMO,C07,combined_change,PLANE,SC,0.0,-24.0,2.88,16,0.7,0.0,16.7,19.58,-0.6,18.98,30.4,49.98,2.88,33.28,16.7,16.7,0,0,0
DEMO_EXCHANGED_CARRIER_V1,CONSTRUCTED_DEMO,C07,combined_change,PLANE,SE,32.0,-24.0,6.976,16,-0.7,0.0,15.3,22.276,-0.15,22.126,35.2,57.476,6.976,42.176,15.3,15.3,0,0,0
DEMO_EXCHANGED_CARRIER_V1,CONSTRUCTED_DEMO,C07,combined_change,PLANE,MW,-32.0,0.0,4.096,-1,-0.7,0.0,-1.7,2.396,0.6,2.996,23.2,25.596,4.096,27.296,-1.7,1.7,1,0,0
DEMO_EXCHANGED_CARRIER_V1,CONSTRUCTED_DEMO,C07,combined_change,PLANE,MC,0.0,0.0,0.0,-1,-0.35,0.0,-1.35,-1.35,-0.3,-1.65,28.0,26.65,0.0,28.0,-1.35,1.35,1,0,0
DEMO_EXCHANGED_CARRIER_V1,CONSTRUCTED_DEMO,C07,combined_change,PLANE,ME,32.0,0.0,4.096,-1,0.0,20,19.0,23.096,0.15,23.246,32.8,55.896,4.096,36.896,19.0,19.0,0,0,0
DEMO_EXCHANGED_CARRIER_V1,CONSTRUCTED_DEMO,C07,combined_change,PLANE,NW,-32.0,24.0,6.976,2,0.0,0.0,2.0,8.976,-0.45,8.526,20.8,29.776,6.976,27.776,2.0,2.0,1,0,0
DEMO_EXCHANGED_CARRIER_V1,CONSTRUCTED_DEMO,C07,combined_change,PLANE,NC,0.0,24.0,2.88,2,0.35,0.0,2.35,5.23,0.0,5.23,25.6,30.83,2.88,28.48,2.35,2.35,1,0,0
DEMO_EXCHANGED_CARRIER_V1,CONSTRUCTED_DEMO,C07,combined_change,PLANE,NE,32.0,24.0,6.976,2,0.7,0.0,2.7,9.676,0.45,10.126,30.4,40.076,6.976,37.376,2.7,2.7,1,0,0
DEMO_EXCHANGED_CARRIER_V1,CONSTRUCTED_DEMO,C07,combined_change,ALL9,SW,-32.0,-24.0,6.976,16,0.35,0.0,16.35,23.326,0.3,23.626,25.6,48.926,23.626,49.226,-0.3,0.3,1,1,0
DEMO_EXCHANGED_CARRIER_V1,CONSTRUCTED_DEMO,C07,combined_change,ALL9,SC,0.0,-24.0,2.88,16,0.7,0.0,16.7,19.58,-0.6,18.98,30.4,49.98,18.98,49.38,0.6,0.6,1,1,0
DEMO_EXCHANGED_CARRIER_V1,CONSTRUCTED_DEMO,C07,combined_change,ALL9,SE,32.0,-24.0,6.976,16,-0.7,0.0,15.3,22.276,-0.15,22.126,35.2,57.476,22.126,57.326,0.15,0.15,1,1,0
DEMO_EXCHANGED_CARRIER_V1,CONSTRUCTED_DEMO,C07,combined_change,ALL9,MW,-32.0,0.0,4.096,-1,-0.7,0.0,-1.7,2.396,0.6,2.996,23.2,25.596,2.996,26.196,-0.6,0.6,1,1,0
DEMO_EXCHANGED_CARRIER_V1,CONSTRUCTED_DEMO,C07,combined_change,ALL9,MC,0.0,0.0,0.0,-1,-0.35,0.0,-1.35,-1.35,-0.3,-1.65,28.0,26.65,-1.65,26.35,0.3,0.3,1,1,0
DEMO_EXCHANGED_CARRIER_V1,CONSTRUCTED_DEMO,C07,combined_change,ALL9,ME,32.0,0.0,4.096,-1,0.0,20,19.0,23.096,0.15,23.246,32.8,55.896,23.246,56.046,-0.15,0.15,1,1,0
DEMO_EXCHANGED_CARRIER_V1,CONSTRUCTED_DEMO,C07,combined_change,ALL9,NW,-32.0,24.0,6.976,2,0.0,0.0,2.0,8.976,-0.45,8.526,20.8,29.776,8.526,29.326,0.45,0.45,1,1,0
DEMO_EXCHANGED_CARRIER_V1,CONSTRUCTED_DEMO,C07,combined_change,ALL9,NC,0.0,24.0,2.88,2,0.35,0.0,2.35,5.23,0.0,5.23,25.6,30.83,5.23,30.83,0.0,0.0,1,1,0
DEMO_EXCHANGED_CARRIER_V1,CONSTRUCTED_DEMO,C07,combined_change,ALL9,NE,32.0,24.0,6.976,2,0.7,0.0,2.7,9.676,0.45,10.126,30.4,40.076,10.126,40.526,-0.45,0.45,1,1,0
DEMO_EXCHANGED_CARRIER_V1,CONSTRUCTED_DEMO,C07,combined_change,ROW3,SW,-32.0,-24.0,6.976,16,0.35,0.0,16.35,23.326,0.3,23.626,25.6,48.926,23.626,49.226,-0.3,0.3,1,1,1
DEMO_EXCHANGED_CARRIER_V1,CONSTRUCTED_DEMO,C07,combined_change,ROW3,SC,0.0,-24.0,2.88,16,0.7,0.0,16.7,19.58,-0.6,18.98,30.4,49.98,18.98,49.38,0.6,0.6,1,1,1
DEMO_EXCHANGED_CARRIER_V1,CONSTRUCTED_DEMO,C07,combined_change,ROW3,SE,32.0,-24.0,6.976,16,-0.7,0.0,15.3,22.276,-0.15,22.126,35.2,57.476,22.126,57.326,0.15,0.15,1,1,1
DEMO_EXCHANGED_CARRIER_V1,CONSTRUCTED_DEMO,C07,combined_change,ROW3,MW,-32.0,0.0,4.096,-1,-0.7,0.0,-1.7,2.396,0.6,2.996,23.2,25.596,4.096,27.296,-1.7,1.7,1,0,0
DEMO_EXCHANGED_CARRIER_V1,CONSTRUCTED_DEMO,C07,combined_change,ROW3,MC,0.0,0.0,0.0,-1,-0.35,0.0,-1.35,-1.35,-0.3,-1.65,28.0,26.65,0.0,28.0,-1.35,1.35,1,1,0
DEMO_EXCHANGED_CARRIER_V1,CONSTRUCTED_DEMO,C07,combined_change,ROW3,ME,32.0,0.0,4.096,-1,0.0,20,19.0,23.096,0.15,23.246,32.8,55.896,4.096,36.896,19.0,19.0,0,0,0
DEMO_EXCHANGED_CARRIER_V1,CONSTRUCTED_DEMO,C07,combined_change,ROW3,NW,-32.0,24.0,6.976,2,0.0,0.0,2.0,8.976,-0.45,8.526,20.8,29.776,6.976,27.776,2.0,2.0,1,0,0
DEMO_EXCHANGED_CARRIER_V1,CONSTRUCTED_DEMO,C07,combined_change,ROW3,NC,0.0,24.0,2.88,2,0.35,0.0,2.35,5.23,0.0,5.23,25.6,30.83,2.88,28.48,2.35,2.35,1,1,0
DEMO_EXCHANGED_CARRIER_V1,CONSTRUCTED_DEMO,C07,combined_change,ROW3,NE,32.0,24.0,6.976,2,0.7,0.0,2.7,9.676,0.45,10.126,30.4,40.076,6.976,37.376,2.7,2.7,1,0,0
DEMO_EXCHANGED_CARRIER_V1,CONSTRUCTED_DEMO,C07,combined_change,SHIFT3,SW,-32.0,-24.0,6.976,16,0.35,0.0,16.35,23.326,0.3,23.626,25.6,48.926,23.076,48.676,0.25,0.25,1,0,0
DEMO_EXCHANGED_CARRIER_V1,CONSTRUCTED_DEMO,C07,combined_change,SHIFT3,SC,0.0,-24.0,2.88,16,0.7,0.0,16.7,19.58,-0.6,18.98,30.4,49.98,18.98,49.38,0.6,0.6,1,1,0
DEMO_EXCHANGED_CARRIER_V1,CONSTRUCTED_DEMO,C07,combined_change,SHIFT3,SE,32.0,-24.0,6.976,16,-0.7,0.0,15.3,22.276,-0.15,22.126,35.2,57.476,23.076,58.276,-0.8,0.8,1,0,0
DEMO_EXCHANGED_CARRIER_V1,CONSTRUCTED_DEMO,C07,combined_change,SHIFT3,MW,-32.0,0.0,4.096,-1,-0.7,0.0,-1.7,2.396,0.6,2.996,23.2,25.596,2.446,25.646,-0.05,0.05,1,0,0
DEMO_EXCHANGED_CARRIER_V1,CONSTRUCTED_DEMO,C07,combined_change,SHIFT3,MC,0.0,0.0,0.0,-1,-0.35,0.0,-1.35,-1.35,-0.3,-1.65,28.0,26.65,-1.65,26.35,0.3,0.3,1,1,0
DEMO_EXCHANGED_CARRIER_V1,CONSTRUCTED_DEMO,C07,combined_change,SHIFT3,ME,32.0,0.0,4.096,-1,0.0,20,19.0,23.096,0.15,23.246,32.8,55.896,2.446,35.246,20.65,20.65,0,0,0
DEMO_EXCHANGED_CARRIER_V1,CONSTRUCTED_DEMO,C07,combined_change,SHIFT3,NW,-32.0,24.0,6.976,2,0.0,0.0,2.0,8.976,-0.45,8.526,20.8,29.776,9.326,30.126,-0.35,0.35,1,0,0
DEMO_EXCHANGED_CARRIER_V1,CONSTRUCTED_DEMO,C07,combined_change,SHIFT3,NC,0.0,24.0,2.88,2,0.35,0.0,2.35,5.23,0.0,5.23,25.6,30.83,5.23,30.83,0.0,0.0,1,1,0
DEMO_EXCHANGED_CARRIER_V1,CONSTRUCTED_DEMO,C07,combined_change,SHIFT3,NE,32.0,24.0,6.976,2,0.7,0.0,2.7,9.676,0.45,10.126,30.4,40.076,9.326,39.726,0.35,0.35,1,0,0
DEMO_EXCHANGED_CARRIER_V1,CONSTRUCTED_DEMO,C08,combined_change,PLANE,SW,-32.0,-24.0,6.976,1,0.7,0.0,1.7,8.676,-0.6,8.076,-10.08,-1.404,6.976,-3.104,1.7,1.7,1,0,0
DEMO_EXCHANGED_CARRIER_V1,CONSTRUCTED_DEMO,C08,combined_change,PLANE,SC,0.0,-24.0,2.88,1,-0.7,0.0,0.3,3.18,-0.15,3.03,-12.96,-9.78,2.88,-10.08,0.3,0.3,1,0,0
DEMO_EXCHANGED_CARRIER_V1,CONSTRUCTED_DEMO,C08,combined_change,PLANE,SE,32.0,-24.0,6.976,1,-0.35,0.0,0.65,7.626,0.3,7.926,-15.84,-8.214,6.976,-8.864,0.65,0.65,1,0,0
DEMO_EXCHANGED_CARRIER_V1,CONSTRUCTED_DEMO,C08,combined_change,PLANE,MW,-32.0,0.0,4.096,-18,-0.35,0.0,-18.35,-14.254,-0.3,-14.554,-9.12,-23.374,4.096,-5.024,-18.35,18.35,0,0,0
DEMO_EXCHANGED_CARRIER_V1,CONSTRUCTED_DEMO,C08,combined_change,PLANE,MC,0.0,0.0,0.0,-18,0.0,0.0,-18.0,-18.0,0.15,-17.85,-12.0,-30.0,0.0,-12.0,-18.0,18.0,0,0,0
DEMO_EXCHANGED_CARRIER_V1,CONSTRUCTED_DEMO,C08,combined_change,PLANE,ME,32.0,0.0,4.096,-18,0.35,0.0,-17.65,-13.554,0.6,-12.954,-14.88,-28.434,4.096,-10.784,-17.65,17.65,0,0,0
DEMO_EXCHANGED_CARRIER_V1,CONSTRUCTED_DEMO,C08,combined_change,PLANE,NW,-32.0,24.0,6.976,2,0.35,0.0,2.35,9.326,0.0,9.326,-8.16,1.166,6.976,-1.184,2.35,2.35,1,0,0
DEMO_EXCHANGED_CARRIER_V1,CONSTRUCTED_DEMO,C08,combined_change,PLANE,NC,0.0,24.0,2.88,2,0.7,0.0,2.7,5.58,0.45,6.03,-11.04,-5.46,2.88,-8.16,2.7,2.7,1,0,0
DEMO_EXCHANGED_CARRIER_V1,CONSTRUCTED_DEMO,C08,combined_change,PLANE,NE,32.0,24.0,6.976,2,-0.7,-22,-20.7,-13.724,-0.45,-14.174,-13.92,-27.644,6.976,-6.944,-20.7,20.7,0,0,0
DEMO_EXCHANGED_CARRIER_V1,CONSTRUCTED_DEMO,C08,combined_change,ALL9,SW,-32.0,-24.0,6.976,1,0.7,0.0,1.7,8.676,-0.6,8.076,-10.08,-1.404,8.076,-2.004,0.6,0.6,1,1,0
DEMO_EXCHANGED_CARRIER_V1,CONSTRUCTED_DEMO,C08,combined_change,ALL9,SC,0.0,-24.0,2.88,1,-0.7,0.0,0.3,3.18,-0.15,3.03,-12.96,-9.78,3.03,-9.93,0.15,0.15,1,1,0
DEMO_EXCHANGED_CARRIER_V1,CONSTRUCTED_DEMO,C08,combined_change,ALL9,SE,32.0,-24.0,6.976,1,-0.35,0.0,0.65,7.626,0.3,7.926,-15.84,-8.214,7.926,-7.914,-0.3,0.3,1,1,0
DEMO_EXCHANGED_CARRIER_V1,CONSTRUCTED_DEMO,C08,combined_change,ALL9,MW,-32.0,0.0,4.096,-18,-0.35,0.0,-18.35,-14.254,-0.3,-14.554,-9.12,-23.374,-14.554,-23.674,0.3,0.3,1,1,0
DEMO_EXCHANGED_CARRIER_V1,CONSTRUCTED_DEMO,C08,combined_change,ALL9,MC,0.0,0.0,0.0,-18,0.0,0.0,-18.0,-18.0,0.15,-17.85,-12.0,-30.0,-17.85,-29.85,-0.15,0.15,1,1,0
DEMO_EXCHANGED_CARRIER_V1,CONSTRUCTED_DEMO,C08,combined_change,ALL9,ME,32.0,0.0,4.096,-18,0.35,0.0,-17.65,-13.554,0.6,-12.954,-14.88,-28.434,-12.954,-27.834,-0.6,0.6,1,1,0
DEMO_EXCHANGED_CARRIER_V1,CONSTRUCTED_DEMO,C08,combined_change,ALL9,NW,-32.0,24.0,6.976,2,0.35,0.0,2.35,9.326,0.0,9.326,-8.16,1.166,9.326,1.166,0.0,0.0,1,1,0
DEMO_EXCHANGED_CARRIER_V1,CONSTRUCTED_DEMO,C08,combined_change,ALL9,NC,0.0,24.0,2.88,2,0.7,0.0,2.7,5.58,0.45,6.03,-11.04,-5.46,6.03,-5.01,-0.45,0.45,1,1,0
DEMO_EXCHANGED_CARRIER_V1,CONSTRUCTED_DEMO,C08,combined_change,ALL9,NE,32.0,24.0,6.976,2,-0.7,-22,-20.7,-13.724,-0.45,-14.174,-13.92,-27.644,-14.174,-28.094,0.45,0.45,1,1,0
DEMO_EXCHANGED_CARRIER_V1,CONSTRUCTED_DEMO,C08,combined_change,ROW3,SW,-32.0,-24.0,6.976,1,0.7,0.0,1.7,8.676,-0.6,8.076,-10.08,-1.404,6.976,-3.104,1.7,1.7,1,0,0
DEMO_EXCHANGED_CARRIER_V1,CONSTRUCTED_DEMO,C08,combined_change,ROW3,SC,0.0,-24.0,2.88,1,-0.7,0.0,0.3,3.18,-0.15,3.03,-12.96,-9.78,2.88,-10.08,0.3,0.3,1,1,0
DEMO_EXCHANGED_CARRIER_V1,CONSTRUCTED_DEMO,C08,combined_change,ROW3,SE,32.0,-24.0,6.976,1,-0.35,0.0,0.65,7.626,0.3,7.926,-15.84,-8.214,6.976,-8.864,0.65,0.65,1,0,0
DEMO_EXCHANGED_CARRIER_V1,CONSTRUCTED_DEMO,C08,combined_change,ROW3,MW,-32.0,0.0,4.096,-18,-0.35,0.0,-18.35,-14.254,-0.3,-14.554,-9.12,-23.374,-14.554,-23.674,0.3,0.3,1,1,1
DEMO_EXCHANGED_CARRIER_V1,CONSTRUCTED_DEMO,C08,combined_change,ROW3,MC,0.0,0.0,0.0,-18,0.0,0.0,-18.0,-18.0,0.15,-17.85,-12.0,-30.0,-17.85,-29.85,-0.15,0.15,1,1,1
DEMO_EXCHANGED_CARRIER_V1,CONSTRUCTED_DEMO,C08,combined_change,ROW3,ME,32.0,0.0,4.096,-18,0.35,0.0,-17.65,-13.554,0.6,-12.954,-14.88,-28.434,-12.954,-27.834,-0.6,0.6,1,1,1
DEMO_EXCHANGED_CARRIER_V1,CONSTRUCTED_DEMO,C08,combined_change,ROW3,NW,-32.0,24.0,6.976,2,0.35,0.0,2.35,9.326,0.0,9.326,-8.16,1.166,6.976,-1.184,2.35,2.35,1,0,0
DEMO_EXCHANGED_CARRIER_V1,CONSTRUCTED_DEMO,C08,combined_change,ROW3,NC,0.0,24.0,2.88,2,0.7,0.0,2.7,5.58,0.45,6.03,-11.04,-5.46,2.88,-8.16,2.7,2.7,1,1,0
DEMO_EXCHANGED_CARRIER_V1,CONSTRUCTED_DEMO,C08,combined_change,ROW3,NE,32.0,24.0,6.976,2,-0.7,-22,-20.7,-13.724,-0.45,-14.174,-13.92,-27.644,6.976,-6.944,-20.7,20.7,0,0,0
DEMO_EXCHANGED_CARRIER_V1,CONSTRUCTED_DEMO,C08,combined_change,SHIFT3,SW,-32.0,-24.0,6.976,1,0.7,0.0,1.7,8.676,-0.6,8.076,-10.08,-1.404,7.126,-2.954,1.55,1.55,1,0,0
DEMO_EXCHANGED_CARRIER_V1,CONSTRUCTED_DEMO,C08,combined_change,SHIFT3,SC,0.0,-24.0,2.88,1,-0.7,0.0,0.3,3.18,-0.15,3.03,-12.96,-9.78,3.03,-9.93,0.15,0.15,1,1,0
DEMO_EXCHANGED_CARRIER_V1,CONSTRUCTED_DEMO,C08,combined_change,SHIFT3,SE,32.0,-24.0,6.976,1,-0.35,0.0,0.65,7.626,0.3,7.926,-15.84,-8.214,7.126,-8.714,0.5,0.5,1,0,0
DEMO_EXCHANGED_CARRIER_V1,CONSTRUCTED_DEMO,C08,combined_change,SHIFT3,MW,-32.0,0.0,4.096,-18,-0.35,0.0,-18.35,-14.254,-0.3,-14.554,-9.12,-23.374,-13.754,-22.874,-0.5,0.5,1,0,0
DEMO_EXCHANGED_CARRIER_V1,CONSTRUCTED_DEMO,C08,combined_change,SHIFT3,MC,0.0,0.0,0.0,-18,0.0,0.0,-18.0,-18.0,0.15,-17.85,-12.0,-30.0,-17.85,-29.85,-0.15,0.15,1,1,0
DEMO_EXCHANGED_CARRIER_V1,CONSTRUCTED_DEMO,C08,combined_change,SHIFT3,ME,32.0,0.0,4.096,-18,0.35,0.0,-17.65,-13.554,0.6,-12.954,-14.88,-28.434,-13.754,-28.634,0.2,0.2,1,0,0
DEMO_EXCHANGED_CARRIER_V1,CONSTRUCTED_DEMO,C08,combined_change,SHIFT3,NW,-32.0,24.0,6.976,2,0.35,0.0,2.35,9.326,0.0,9.326,-8.16,1.166,10.126,1.966,-0.8,0.8,1,0,0
DEMO_EXCHANGED_CARRIER_V1,CONSTRUCTED_DEMO,C08,combined_change,SHIFT3,NC,0.0,24.0,2.88,2,0.7,0.0,2.7,5.58,0.45,6.03,-11.04,-5.46,6.03,-5.01,-0.45,0.45,1,1,0
DEMO_EXCHANGED_CARRIER_V1,CONSTRUCTED_DEMO,C08,combined_change,SHIFT3,NE,32.0,24.0,6.976,2,-0.7,-22,-20.7,-13.724,-0.45,-14.174,-13.92,-27.644,10.126,-3.794,-23.85,23.85,0,0,0
